id,timestamp,pair,ok
33931,2026-04-10 11:55:02+00,base-usdc-usdfc,false
33930,2026-04-10 11:55:02+00,fil-usdfc,false
33932,2026-04-10 11:55:03+00,polygon-usdc-usdfc,false
33933,2026-04-10 12:00:01+00,eth-usdfc,false
33936,2026-04-10 12:00:02+00,polygon-usdc-usdfc,false
33935,2026-04-10 12:00:02+00,base-usdc-usdfc,false
33934,2026-04-10 12:00:02+00,fil-usdfc,false
33939,2026-04-10 12:05:02+00,base-usdc-usdfc,false
33938,2026-04-10 12:05:02+00,fil-usdfc,false
33937,2026-04-10 12:05:02+00,eth-usdfc,false
33940,2026-04-10 12:05:03+00,polygon-usdc-usdfc,false
33941,2026-04-10 12:10:01+00,eth-usdfc,false
33943,2026-04-10 12:10:02+00,base-usdc-usdfc,false
33942,2026-04-10 12:10:02+00,fil-usdfc,false
33944,2026-04-10 12:10:03+00,polygon-usdc-usdfc,false
33946,2026-04-10 12:15:02+00,fil-usdfc,false
33945,2026-04-10 12:15:02+00,eth-usdfc,false
33948,2026-04-10 12:15:03+00,polygon-usdc-usdfc,false
33947,2026-04-10 12:15:03+00,base-usdc-usdfc,false
33952,2026-04-10 12:20:02+00,polygon-usdc-usdfc,false
33951,2026-04-10 12:20:02+00,base-usdc-usdfc,false
33950,2026-04-10 12:20:02+00,fil-usdfc,false
33949,2026-04-10 12:20:02+00,eth-usdfc,false
33953,2026-04-10 12:25:01+00,eth-usdfc,false
33956,2026-04-10 12:25:02+00,polygon-usdc-usdfc,false
33955,2026-04-10 12:25:02+00,base-usdc-usdfc,false
33954,2026-04-10 12:25:02+00,fil-usdfc,false
33957,2026-04-10 12:30:02+00,eth-usdfc,false
33960,2026-04-10 12:30:03+00,polygon-usdc-usdfc,false
33959,2026-04-10 12:30:03+00,base-usdc-usdfc,false
33958,2026-04-10 12:30:03+00,fil-usdfc,false
33961,2026-04-10 12:35:02+00,eth-usdfc,false
33964,2026-04-10 12:35:03+00,polygon-usdc-usdfc,false
33963,2026-04-10 12:35:03+00,base-usdc-usdfc,false
33962,2026-04-10 12:35:03+00,fil-usdfc,false
33965,2026-04-10 12:40:01+00,eth-usdfc,false
33968,2026-04-10 12:40:02+00,polygon-usdc-usdfc,false
33967,2026-04-10 12:40:02+00,base-usdc-usdfc,false
33966,2026-04-10 12:40:02+00,fil-usdfc,false
33971,2026-04-10 12:45:02+00,base-usdc-usdfc,false
33970,2026-04-10 12:45:02+00,fil-usdfc,false
33969,2026-04-10 12:45:02+00,eth-usdfc,false
33972,2026-04-10 12:45:03+00,polygon-usdc-usdfc,false
33974,2026-04-10 12:50:02+00,fil-usdfc,false
33973,2026-04-10 12:50:02+00,eth-usdfc,false
33976,2026-04-10 12:50:03+00,polygon-usdc-usdfc,false
33975,2026-04-10 12:50:03+00,base-usdc-usdfc,false
33977,2026-04-10 12:55:02+00,eth-usdfc,false
33980,2026-04-10 12:55:03+00,polygon-usdc-usdfc,false
33979,2026-04-10 12:55:03+00,base-usdc-usdfc,false
33978,2026-04-10 12:55:03+00,fil-usdfc,false
33981,2026-04-10 13:00:02+00,eth-usdfc,false
33983,2026-04-10 13:00:03+00,base-usdc-usdfc,false
33982,2026-04-10 13:00:03+00,fil-usdfc,false
33984,2026-04-10 13:00:04+00,polygon-usdc-usdfc,false
33987,2026-04-10 13:05:02+00,base-usdc-usdfc,false
33986,2026-04-10 13:05:02+00,fil-usdfc,false
33985,2026-04-10 13:05:02+00,eth-usdfc,false
33988,2026-04-10 13:05:03+00,polygon-usdc-usdfc,false
33990,2026-04-10 13:10:02+00,fil-usdfc,false
33989,2026-04-10 13:10:02+00,eth-usdfc,false
33992,2026-04-10 13:10:03+00,polygon-usdc-usdfc,false
33991,2026-04-10 13:10:03+00,base-usdc-usdfc,false
33994,2026-04-10 13:15:02+00,fil-usdfc,false
33993,2026-04-10 13:15:02+00,eth-usdfc,false
33996,2026-04-10 13:15:03+00,polygon-usdc-usdfc,false
33995,2026-04-10 13:15:03+00,base-usdc-usdfc,false
33998,2026-04-10 13:20:02+00,fil-usdfc,false
33997,2026-04-10 13:20:02+00,eth-usdfc,false
34000,2026-04-10 13:20:03+00,polygon-usdc-usdfc,false
33999,2026-04-10 13:20:03+00,base-usdc-usdfc,false
34001,2026-04-10 13:25:02+00,eth-usdfc,false
34004,2026-04-10 13:25:03+00,polygon-usdc-usdfc,false
34003,2026-04-10 13:25:03+00,base-usdc-usdfc,false
34002,2026-04-10 13:25:03+00,fil-usdfc,false
34005,2026-04-10 13:30:01+00,eth-usdfc,false
34008,2026-04-10 13:30:02+00,polygon-usdc-usdfc,false
34007,2026-04-10 13:30:02+00,base-usdc-usdfc,false
34006,2026-04-10 13:30:02+00,fil-usdfc,false
34010,2026-04-10 13:35:02+00,fil-usdfc,false
34009,2026-04-10 13:35:02+00,eth-usdfc,false
34012,2026-04-10 13:35:03+00,polygon-usdc-usdfc,false
34011,2026-04-10 13:35:03+00,base-usdc-usdfc,false
34013,2026-04-10 13:40:01+00,eth-usdfc,false
34016,2026-04-10 13:40:02+00,polygon-usdc-usdfc,false
34015,2026-04-10 13:40:02+00,base-usdc-usdfc,false
34014,2026-04-10 13:40:02+00,fil-usdfc,false
34020,2026-04-10 13:45:02+00,polygon-usdc-usdfc,false
34019,2026-04-10 13:45:02+00,base-usdc-usdfc,false
34018,2026-04-10 13:45:02+00,fil-usdfc,false
34017,2026-04-10 13:45:02+00,eth-usdfc,false
34021,2026-04-10 13:50:01+00,eth-usdfc,false
34023,2026-04-10 13:50:02+00,base-usdc-usdfc,false
34022,2026-04-10 13:50:02+00,fil-usdfc,false
34024,2026-04-10 13:50:03+00,polygon-usdc-usdfc,false
34025,2026-04-10 13:55:01+00,eth-usdfc,false
34028,2026-04-10 13:55:02+00,polygon-usdc-usdfc,false
34027,2026-04-10 13:55:02+00,base-usdc-usdfc,false
34026,2026-04-10 13:55:02+00,fil-usdfc,false
34030,2026-04-10 14:00:02+00,fil-usdfc,false
34029,2026-04-10 14:00:02+00,eth-usdfc,false
34032,2026-04-10 14:00:03+00,polygon-usdc-usdfc,false
34031,2026-04-10 14:00:03+00,base-usdc-usdfc,false
34034,2026-04-10 14:05:02+00,fil-usdfc,false
34033,2026-04-10 14:05:02+00,eth-usdfc,false
34036,2026-04-10 14:05:03+00,polygon-usdc-usdfc,false
34035,2026-04-10 14:05:03+00,base-usdc-usdfc,false
34037,2026-04-10 14:10:02+00,eth-usdfc,false
34040,2026-04-10 14:10:03+00,polygon-usdc-usdfc,false
34039,2026-04-10 14:10:03+00,base-usdc-usdfc,false
34038,2026-04-10 14:10:03+00,fil-usdfc,false
34042,2026-04-10 14:15:02+00,fil-usdfc,false
34041,2026-04-10 14:15:02+00,eth-usdfc,false
34044,2026-04-10 14:15:03+00,polygon-usdc-usdfc,false
34043,2026-04-10 14:15:03+00,base-usdc-usdfc,false
34045,2026-04-10 14:20:02+00,eth-usdfc,false
34048,2026-04-10 14:20:03+00,polygon-usdc-usdfc,false
34047,2026-04-10 14:20:03+00,base-usdc-usdfc,false
34046,2026-04-10 14:20:03+00,fil-usdfc,false
34050,2026-04-10 14:25:02+00,fil-usdfc,false
34049,2026-04-10 14:25:02+00,eth-usdfc,false
34052,2026-04-10 14:25:03+00,polygon-usdc-usdfc,false
34051,2026-04-10 14:25:03+00,base-usdc-usdfc,false
34055,2026-04-10 14:30:02+00,base-usdc-usdfc,false
34054,2026-04-10 14:30:02+00,fil-usdfc,false
34053,2026-04-10 14:30:02+00,eth-usdfc,false
34056,2026-04-10 14:30:03+00,polygon-usdc-usdfc,false
34060,2026-04-10 14:35:02+00,polygon-usdc-usdfc,false
34059,2026-04-10 14:35:02+00,base-usdc-usdfc,false
34058,2026-04-10 14:35:02+00,fil-usdfc,false
34057,2026-04-10 14:35:02+00,eth-usdfc,false
34063,2026-04-10 14:40:02+00,base-usdc-usdfc,false
34062,2026-04-10 14:40:02+00,fil-usdfc,false
34061,2026-04-10 14:40:02+00,eth-usdfc,false
34064,2026-04-10 14:40:03+00,polygon-usdc-usdfc,false
34065,2026-04-10 14:45:01+00,eth-usdfc,false
34068,2026-04-10 14:45:02+00,polygon-usdc-usdfc,false
34067,2026-04-10 14:45:02+00,base-usdc-usdfc,false
34066,2026-04-10 14:45:02+00,fil-usdfc,false
34069,2026-04-10 14:50:01+00,eth-usdfc,false
34072,2026-04-10 14:50:02+00,polygon-usdc-usdfc,false
34071,2026-04-10 14:50:02+00,base-usdc-usdfc,false
34070,2026-04-10 14:50:02+00,fil-usdfc,false
34073,2026-04-10 14:55:01+00,eth-usdfc,false
34076,2026-04-10 14:55:02+00,polygon-usdc-usdfc,false
34075,2026-04-10 14:55:02+00,base-usdc-usdfc,false
34074,2026-04-10 14:55:02+00,fil-usdfc,false
34077,2026-04-10 15:00:02+00,eth-usdfc,false
34079,2026-04-10 15:00:03+00,base-usdc-usdfc,false
34078,2026-04-10 15:00:03+00,fil-usdfc,false
34080,2026-04-10 15:00:04+00,polygon-usdc-usdfc,false
34083,2026-04-10 15:05:02+00,base-usdc-usdfc,false
34082,2026-04-10 15:05:02+00,fil-usdfc,false
34081,2026-04-10 15:05:02+00,eth-usdfc,false
34084,2026-04-10 15:05:03+00,polygon-usdc-usdfc,false
34086,2026-04-10 15:10:02+00,fil-usdfc,false
34085,2026-04-10 15:10:02+00,eth-usdfc,false
34088,2026-04-10 15:10:03+00,polygon-usdc-usdfc,false
34087,2026-04-10 15:10:03+00,base-usdc-usdfc,false
34091,2026-04-10 15:15:02+00,base-usdc-usdfc,false
34090,2026-04-10 15:15:02+00,fil-usdfc,false
34089,2026-04-10 15:15:02+00,eth-usdfc,false
34092,2026-04-10 15:15:03+00,polygon-usdc-usdfc,false
34093,2026-04-10 15:20:01+00,eth-usdfc,false
34095,2026-04-10 15:20:02+00,base-usdc-usdfc,false
34094,2026-04-10 15:20:02+00,fil-usdfc,false
34096,2026-04-10 15:20:04+00,polygon-usdc-usdfc,false
34097,2026-04-10 15:25:02+00,eth-usdfc,false
34099,2026-04-10 15:25:03+00,base-usdc-usdfc,false
34098,2026-04-10 15:25:03+00,fil-usdfc,false
34100,2026-04-10 15:25:04+00,polygon-usdc-usdfc,false
34101,2026-04-10 15:30:01+00,eth-usdfc,false
34104,2026-04-10 15:30:02+00,polygon-usdc-usdfc,false
34103,2026-04-10 15:30:02+00,base-usdc-usdfc,false
34102,2026-04-10 15:30:02+00,fil-usdfc,false
34105,2026-04-10 15:35:01+00,eth-usdfc,false
34106,2026-04-10 15:35:02+00,fil-usdfc,false
34108,2026-04-10 15:35:03+00,polygon-usdc-usdfc,false
34107,2026-04-10 15:35:03+00,base-usdc-usdfc,false
34110,2026-04-10 15:40:02+00,fil-usdfc,false
34109,2026-04-10 15:40:02+00,eth-usdfc,false
34112,2026-04-10 15:40:03+00,polygon-usdc-usdfc,false
34111,2026-04-10 15:40:03+00,base-usdc-usdfc,false
34113,2026-04-10 15:45:01+00,eth-usdfc,false
34115,2026-04-10 15:45:02+00,base-usdc-usdfc,false
34114,2026-04-10 15:45:02+00,fil-usdfc,false
34116,2026-04-10 15:45:03+00,polygon-usdc-usdfc,false
34120,2026-04-10 15:50:02+00,polygon-usdc-usdfc,false
34119,2026-04-10 15:50:02+00,base-usdc-usdfc,false
34118,2026-04-10 15:50:02+00,fil-usdfc,false
34117,2026-04-10 15:50:02+00,eth-usdfc,false
34121,2026-04-10 15:55:01+00,eth-usdfc,false
34124,2026-04-10 15:55:02+00,polygon-usdc-usdfc,false
34123,2026-04-10 15:55:02+00,base-usdc-usdfc,false
34122,2026-04-10 15:55:02+00,fil-usdfc,false
34126,2026-04-10 16:00:02+00,fil-usdfc,false
34125,2026-04-10 16:00:02+00,eth-usdfc,false
34128,2026-04-10 16:00:03+00,polygon-usdc-usdfc,false
34127,2026-04-10 16:00:03+00,base-usdc-usdfc,false
34131,2026-04-10 16:05:02+00,base-usdc-usdfc,false
34130,2026-04-10 16:05:02+00,fil-usdfc,false
34129,2026-04-10 16:05:02+00,eth-usdfc,false
34132,2026-04-10 16:05:03+00,polygon-usdc-usdfc,false
34133,2026-04-10 16:10:01+00,eth-usdfc,false
34136,2026-04-10 16:10:02+00,polygon-usdc-usdfc,false
34135,2026-04-10 16:10:02+00,base-usdc-usdfc,false
34134,2026-04-10 16:10:02+00,fil-usdfc,false
34138,2026-04-10 16:15:01+00,fil-usdfc,false
34137,2026-04-10 16:15:01+00,eth-usdfc,false
34140,2026-04-10 16:15:02+00,polygon-usdc-usdfc,false
34139,2026-04-10 16:15:02+00,base-usdc-usdfc,false
34142,2026-04-10 16:20:02+00,fil-usdfc,false
34141,2026-04-10 16:20:02+00,eth-usdfc,false
34144,2026-04-10 16:20:03+00,polygon-usdc-usdfc,false
34143,2026-04-10 16:20:03+00,base-usdc-usdfc,false
34147,2026-04-10 16:25:02+00,base-usdc-usdfc,false
34146,2026-04-10 16:25:02+00,fil-usdfc,false
34145,2026-04-10 16:25:02+00,eth-usdfc,false
34148,2026-04-10 16:25:03+00,polygon-usdc-usdfc,false
34152,2026-04-10 16:30:02+00,polygon-usdc-usdfc,false
34151,2026-04-10 16:30:02+00,base-usdc-usdfc,false
34150,2026-04-10 16:30:02+00,fil-usdfc,false
34149,2026-04-10 16:30:02+00,eth-usdfc,false
34153,2026-04-10 16:35:02+00,eth-usdfc,false
34156,2026-04-10 16:35:03+00,polygon-usdc-usdfc,false
34155,2026-04-10 16:35:03+00,base-usdc-usdfc,false
34154,2026-04-10 16:35:03+00,fil-usdfc,false
34160,2026-04-10 16:40:02+00,polygon-usdc-usdfc,false
34159,2026-04-10 16:40:02+00,base-usdc-usdfc,false
34158,2026-04-10 16:40:02+00,fil-usdfc,false
34157,2026-04-10 16:40:02+00,eth-usdfc,false
34163,2026-04-10 16:45:02+00,base-usdc-usdfc,false
34162,2026-04-10 16:45:02+00,fil-usdfc,false
34161,2026-04-10 16:45:02+00,eth-usdfc,false
34164,2026-04-10 16:45:03+00,polygon-usdc-usdfc,false
34167,2026-04-10 16:50:02+00,base-usdc-usdfc,false
34166,2026-04-10 16:50:02+00,fil-usdfc,false
34165,2026-04-10 16:50:02+00,eth-usdfc,false
34168,2026-04-10 16:50:03+00,polygon-usdc-usdfc,false
34170,2026-04-10 16:55:02+00,fil-usdfc,false
34169,2026-04-10 16:55:02+00,eth-usdfc,false
34172,2026-04-10 16:55:03+00,polygon-usdc-usdfc,false
34171,2026-04-10 16:55:03+00,base-usdc-usdfc,false
34173,2026-04-10 17:00:01+00,eth-usdfc,false
34176,2026-04-10 17:00:02+00,polygon-usdc-usdfc,false
34175,2026-04-10 17:00:02+00,base-usdc-usdfc,false
34174,2026-04-10 17:00:02+00,fil-usdfc,false
34177,2026-04-10 17:05:01+00,eth-usdfc,false
34180,2026-04-10 17:05:02+00,polygon-usdc-usdfc,false
34179,2026-04-10 17:05:02+00,base-usdc-usdfc,false
34178,2026-04-10 17:05:02+00,fil-usdfc,false
34181,2026-04-10 17:10:01+00,eth-usdfc,false
34184,2026-04-10 17:10:02+00,polygon-usdc-usdfc,false
34183,2026-04-10 17:10:02+00,base-usdc-usdfc,false
34182,2026-04-10 17:10:02+00,fil-usdfc,false
34186,2026-04-10 17:15:02+00,fil-usdfc,false
34185,2026-04-10 17:15:02+00,eth-usdfc,false
34188,2026-04-10 17:15:03+00,polygon-usdc-usdfc,false
34187,2026-04-10 17:15:03+00,base-usdc-usdfc,false
34189,2026-04-10 17:20:01+00,eth-usdfc,false
34192,2026-04-10 17:20:02+00,polygon-usdc-usdfc,false
34191,2026-04-10 17:20:02+00,base-usdc-usdfc,false
34190,2026-04-10 17:20:02+00,fil-usdfc,false
34193,2026-04-10 17:25:02+00,eth-usdfc,false
34196,2026-04-10 17:25:03+00,polygon-usdc-usdfc,false
34195,2026-04-10 17:25:03+00,base-usdc-usdfc,false
34194,2026-04-10 17:25:03+00,fil-usdfc,false
34197,2026-04-10 17:30:01+00,eth-usdfc,false
34200,2026-04-10 17:30:02+00,polygon-usdc-usdfc,false
34199,2026-04-10 17:30:02+00,base-usdc-usdfc,false
34198,2026-04-10 17:30:02+00,fil-usdfc,false
34203,2026-04-10 17:35:02+00,base-usdc-usdfc,false
34202,2026-04-10 17:35:02+00,fil-usdfc,false
34201,2026-04-10 17:35:02+00,eth-usdfc,false
34204,2026-04-10 17:35:03+00,polygon-usdc-usdfc,false
34205,2026-04-10 17:40:02+00,eth-usdfc,false
34208,2026-04-10 17:40:03+00,polygon-usdc-usdfc,false
34207,2026-04-10 17:40:03+00,base-usdc-usdfc,false
34206,2026-04-10 17:40:03+00,fil-usdfc,false
34209,2026-04-10 17:45:01+00,eth-usdfc,false
34212,2026-04-10 17:45:02+00,polygon-usdc-usdfc,false
34211,2026-04-10 17:45:02+00,base-usdc-usdfc,false
34210,2026-04-10 17:45:02+00,fil-usdfc,false
34213,2026-04-10 17:50:02+00,eth-usdfc,false
34216,2026-04-10 17:50:03+00,polygon-usdc-usdfc,false
34215,2026-04-10 17:50:03+00,base-usdc-usdfc,false
34214,2026-04-10 17:50:03+00,fil-usdfc,false
34217,2026-04-10 17:55:01+00,eth-usdfc,false
34220,2026-04-10 17:55:02+00,polygon-usdc-usdfc,false
34219,2026-04-10 17:55:02+00,base-usdc-usdfc,false
34218,2026-04-10 17:55:02+00,fil-usdfc,false
34221,2026-04-10 18:00:01+00,eth-usdfc,false
34224,2026-04-10 18:00:02+00,polygon-usdc-usdfc,false
34223,2026-04-10 18:00:02+00,base-usdc-usdfc,false
34222,2026-04-10 18:00:02+00,fil-usdfc,false
34225,2026-04-10 18:05:02+00,eth-usdfc,false
34228,2026-04-10 18:05:03+00,polygon-usdc-usdfc,false
34227,2026-04-10 18:05:03+00,base-usdc-usdfc,false
34226,2026-04-10 18:05:03+00,fil-usdfc,false
34231,2026-04-10 18:10:02+00,base-usdc-usdfc,false
34230,2026-04-10 18:10:02+00,fil-usdfc,false
34229,2026-04-10 18:10:02+00,eth-usdfc,false
34232,2026-04-10 18:10:03+00,polygon-usdc-usdfc,false
34235,2026-04-10 18:15:02+00,base-usdc-usdfc,false
34234,2026-04-10 18:15:02+00,fil-usdfc,false
34233,2026-04-10 18:15:02+00,eth-usdfc,false
34236,2026-04-10 18:15:03+00,polygon-usdc-usdfc,false
34237,2026-04-10 18:20:01+00,eth-usdfc,false
34239,2026-04-10 18:20:02+00,base-usdc-usdfc,false
34238,2026-04-10 18:20:02+00,fil-usdfc,false
34240,2026-04-10 18:20:03+00,polygon-usdc-usdfc,false
34242,2026-04-10 18:25:02+00,fil-usdfc,false
34241,2026-04-10 18:25:02+00,eth-usdfc,false
34244,2026-04-10 18:25:03+00,polygon-usdc-usdfc,false
34243,2026-04-10 18:25:03+00,base-usdc-usdfc,false
34245,2026-04-10 18:30:01+00,eth-usdfc,false
34248,2026-04-10 18:30:02+00,polygon-usdc-usdfc,false
34247,2026-04-10 18:30:02+00,base-usdc-usdfc,false
34246,2026-04-10 18:30:02+00,fil-usdfc,false
34251,2026-04-10 18:35:02+00,base-usdc-usdfc,false
34250,2026-04-10 18:35:02+00,fil-usdfc,false
34249,2026-04-10 18:35:02+00,eth-usdfc,false
34252,2026-04-10 18:35:03+00,polygon-usdc-usdfc,false
34253,2026-04-10 18:40:01+00,eth-usdfc,false
34256,2026-04-10 18:40:02+00,polygon-usdc-usdfc,false
34255,2026-04-10 18:40:02+00,base-usdc-usdfc,false
34254,2026-04-10 18:40:02+00,fil-usdfc,false
34257,2026-04-10 18:45:02+00,eth-usdfc,false
34259,2026-04-10 18:45:03+00,base-usdc-usdfc,false
34258,2026-04-10 18:45:03+00,fil-usdfc,false
34260,2026-04-10 18:45:04+00,polygon-usdc-usdfc,false
34264,2026-04-10 18:50:02+00,polygon-usdc-usdfc,false
34263,2026-04-10 18:50:02+00,base-usdc-usdfc,false
34262,2026-04-10 18:50:02+00,fil-usdfc,false
34261,2026-04-10 18:50:02+00,eth-usdfc,false
34265,2026-04-10 18:55:01+00,eth-usdfc,false
34268,2026-04-10 18:55:02+00,polygon-usdc-usdfc,false
34267,2026-04-10 18:55:02+00,base-usdc-usdfc,false
34266,2026-04-10 18:55:02+00,fil-usdfc,false
34270,2026-04-10 19:00:01+00,fil-usdfc,false
34269,2026-04-10 19:00:01+00,eth-usdfc,false
34272,2026-04-10 19:00:02+00,polygon-usdc-usdfc,false
34271,2026-04-10 19:00:02+00,base-usdc-usdfc,false
34274,2026-04-10 19:05:02+00,fil-usdfc,false
34273,2026-04-10 19:05:02+00,eth-usdfc,false
34276,2026-04-10 19:05:03+00,polygon-usdc-usdfc,false
34275,2026-04-10 19:05:03+00,base-usdc-usdfc,false
34278,2026-04-10 19:10:02+00,fil-usdfc,false
34277,2026-04-10 19:10:02+00,eth-usdfc,false
34280,2026-04-10 19:10:03+00,polygon-usdc-usdfc,false
34279,2026-04-10 19:10:03+00,base-usdc-usdfc,false
34281,2026-04-10 19:15:01+00,eth-usdfc,false
34284,2026-04-10 19:15:02+00,polygon-usdc-usdfc,false
34283,2026-04-10 19:15:02+00,base-usdc-usdfc,false
34282,2026-04-10 19:15:02+00,fil-usdfc,false
34285,2026-04-10 19:20:01+00,eth-usdfc,false
34288,2026-04-10 19:20:02+00,polygon-usdc-usdfc,false
34287,2026-04-10 19:20:02+00,base-usdc-usdfc,false
34286,2026-04-10 19:20:02+00,fil-usdfc,false
34289,2026-04-10 19:25:01+00,eth-usdfc,false
34292,2026-04-10 19:25:02+00,polygon-usdc-usdfc,false
34291,2026-04-10 19:25:02+00,base-usdc-usdfc,false
34290,2026-04-10 19:25:02+00,fil-usdfc,false
34294,2026-04-10 19:30:02+00,fil-usdfc,false
34293,2026-04-10 19:30:02+00,eth-usdfc,false
34296,2026-04-10 19:30:03+00,polygon-usdc-usdfc,false
34295,2026-04-10 19:30:03+00,base-usdc-usdfc,false
34298,2026-04-10 19:35:02+00,fil-usdfc,false
34297,2026-04-10 19:35:02+00,eth-usdfc,false
34300,2026-04-10 19:35:03+00,polygon-usdc-usdfc,false
34299,2026-04-10 19:35:03+00,base-usdc-usdfc,false
34302,2026-04-10 19:40:02+00,fil-usdfc,false
34301,2026-04-10 19:40:02+00,eth-usdfc,false
34304,2026-04-10 19:40:03+00,polygon-usdc-usdfc,false
34303,2026-04-10 19:40:03+00,base-usdc-usdfc,false
34307,2026-04-10 19:45:02+00,base-usdc-usdfc,false
34306,2026-04-10 19:45:02+00,fil-usdfc,false
34305,2026-04-10 19:45:02+00,eth-usdfc,false
34308,2026-04-10 19:45:03+00,polygon-usdc-usdfc,false
34312,2026-04-10 19:50:02+00,polygon-usdc-usdfc,false
34311,2026-04-10 19:50:02+00,base-usdc-usdfc,false
34310,2026-04-10 19:50:02+00,fil-usdfc,false
34309,2026-04-10 19:50:02+00,eth-usdfc,false
34315,2026-04-10 19:55:02+00,base-usdc-usdfc,false
34314,2026-04-10 19:55:02+00,fil-usdfc,false
34313,2026-04-10 19:55:02+00,eth-usdfc,false
34316,2026-04-10 19:55:03+00,polygon-usdc-usdfc,false
34320,2026-04-10 20:00:02+00,polygon-usdc-usdfc,false
34319,2026-04-10 20:00:02+00,base-usdc-usdfc,false
34318,2026-04-10 20:00:02+00,fil-usdfc,false
34317,2026-04-10 20:00:02+00,eth-usdfc,false
34321,2026-04-10 20:05:01+00,eth-usdfc,false
34324,2026-04-10 20:05:02+00,polygon-usdc-usdfc,false
34323,2026-04-10 20:05:02+00,base-usdc-usdfc,false
34322,2026-04-10 20:05:02+00,fil-usdfc,false
34327,2026-04-10 20:10:02+00,base-usdc-usdfc,false
34326,2026-04-10 20:10:02+00,fil-usdfc,false
34325,2026-04-10 20:10:02+00,eth-usdfc,false
34328,2026-04-10 20:10:03+00,polygon-usdc-usdfc,false
34330,2026-04-10 20:15:02+00,fil-usdfc,false
34329,2026-04-10 20:15:02+00,eth-usdfc,false
34332,2026-04-10 20:15:03+00,polygon-usdc-usdfc,false
34331,2026-04-10 20:15:03+00,base-usdc-usdfc,false
34336,2026-04-10 20:20:02+00,polygon-usdc-usdfc,false
34335,2026-04-10 20:20:02+00,base-usdc-usdfc,false
34334,2026-04-10 20:20:02+00,fil-usdfc,false
34333,2026-04-10 20:20:02+00,eth-usdfc,false
34338,2026-04-10 20:25:01+00,fil-usdfc,false
34337,2026-04-10 20:25:01+00,eth-usdfc,false
34340,2026-04-10 20:25:02+00,polygon-usdc-usdfc,false
34339,2026-04-10 20:25:02+00,base-usdc-usdfc,false
34343,2026-04-10 20:30:02+00,base-usdc-usdfc,false
34342,2026-04-10 20:30:02+00,fil-usdfc,false
34341,2026-04-10 20:30:02+00,eth-usdfc,false
34344,2026-04-10 20:30:03+00,polygon-usdc-usdfc,false
34348,2026-04-10 20:35:02+00,polygon-usdc-usdfc,false
34347,2026-04-10 20:35:02+00,base-usdc-usdfc,false
34346,2026-04-10 20:35:02+00,fil-usdfc,false
34345,2026-04-10 20:35:02+00,eth-usdfc,false
34350,2026-04-10 20:40:02+00,fil-usdfc,false
34349,2026-04-10 20:40:02+00,eth-usdfc,false
34352,2026-04-10 20:40:03+00,polygon-usdc-usdfc,false
34351,2026-04-10 20:40:03+00,base-usdc-usdfc,false
34354,2026-04-10 20:45:02+00,fil-usdfc,false
34353,2026-04-10 20:45:02+00,eth-usdfc,false
34356,2026-04-10 20:45:03+00,polygon-usdc-usdfc,false
34355,2026-04-10 20:45:03+00,base-usdc-usdfc,false
34358,2026-04-10 20:50:02+00,fil-usdfc,false
34357,2026-04-10 20:50:02+00,eth-usdfc,false
34360,2026-04-10 20:50:03+00,polygon-usdc-usdfc,false
34359,2026-04-10 20:50:03+00,base-usdc-usdfc,false
34362,2026-04-10 20:55:02+00,fil-usdfc,false
34361,2026-04-10 20:55:02+00,eth-usdfc,false
34364,2026-04-10 20:55:03+00,polygon-usdc-usdfc,false
34363,2026-04-10 20:55:03+00,base-usdc-usdfc,false
34366,2026-04-10 21:00:02+00,fil-usdfc,false
34365,2026-04-10 21:00:02+00,eth-usdfc,false
34368,2026-04-10 21:00:03+00,polygon-usdc-usdfc,false
34367,2026-04-10 21:00:03+00,base-usdc-usdfc,false
34369,2026-04-10 21:05:01+00,eth-usdfc,false
34372,2026-04-10 21:05:02+00,polygon-usdc-usdfc,false
34371,2026-04-10 21:05:02+00,base-usdc-usdfc,false
34370,2026-04-10 21:05:02+00,fil-usdfc,false
34374,2026-04-10 21:10:01+00,fil-usdfc,false
34373,2026-04-10 21:10:01+00,eth-usdfc,false
34376,2026-04-10 21:10:02+00,polygon-usdc-usdfc,false
34375,2026-04-10 21:10:02+00,base-usdc-usdfc,false
34377,2026-04-10 21:15:02+00,eth-usdfc,false
34380,2026-04-10 21:15:03+00,polygon-usdc-usdfc,false
34379,2026-04-10 21:15:03+00,base-usdc-usdfc,false
34378,2026-04-10 21:15:03+00,fil-usdfc,false
34384,2026-04-10 21:20:02+00,polygon-usdc-usdfc,false
34383,2026-04-10 21:20:02+00,base-usdc-usdfc,false
34382,2026-04-10 21:20:02+00,fil-usdfc,false
34381,2026-04-10 21:20:02+00,eth-usdfc,false
34385,2026-04-10 21:25:01+00,eth-usdfc,false
34387,2026-04-10 21:25:02+00,base-usdc-usdfc,false
34386,2026-04-10 21:25:02+00,fil-usdfc,false
34388,2026-04-10 21:25:03+00,polygon-usdc-usdfc,false
34390,2026-04-10 21:30:02+00,fil-usdfc,false
34389,2026-04-10 21:30:02+00,eth-usdfc,false
34392,2026-04-10 21:30:03+00,polygon-usdc-usdfc,false
34391,2026-04-10 21:30:03+00,base-usdc-usdfc,false
34393,2026-04-10 21:35:02+00,eth-usdfc,false
34396,2026-04-10 21:35:03+00,polygon-usdc-usdfc,false
34395,2026-04-10 21:35:03+00,base-usdc-usdfc,false
34394,2026-04-10 21:35:03+00,fil-usdfc,false
34399,2026-04-10 21:40:02+00,base-usdc-usdfc,false
34398,2026-04-10 21:40:02+00,fil-usdfc,false
34397,2026-04-10 21:40:02+00,eth-usdfc,false
34400,2026-04-10 21:40:03+00,polygon-usdc-usdfc,false
34404,2026-04-10 21:45:02+00,polygon-usdc-usdfc,false
34403,2026-04-10 21:45:02+00,base-usdc-usdfc,false
34402,2026-04-10 21:45:02+00,fil-usdfc,false
34401,2026-04-10 21:45:02+00,eth-usdfc,false
34408,2026-04-10 21:50:02+00,polygon-usdc-usdfc,false
34407,2026-04-10 21:50:02+00,base-usdc-usdfc,false
34406,2026-04-10 21:50:02+00,fil-usdfc,false
34405,2026-04-10 21:50:02+00,eth-usdfc,false
34411,2026-04-10 21:55:02+00,base-usdc-usdfc,false
34410,2026-04-10 21:55:02+00,fil-usdfc,false
34409,2026-04-10 21:55:02+00,eth-usdfc,false
34412,2026-04-10 21:55:03+00,polygon-usdc-usdfc,false
34414,2026-04-10 22:00:02+00,fil-usdfc,false
34413,2026-04-10 22:00:02+00,eth-usdfc,false
34416,2026-04-10 22:00:03+00,polygon-usdc-usdfc,false
34415,2026-04-10 22:00:03+00,base-usdc-usdfc,false
34419,2026-04-10 22:05:02+00,base-usdc-usdfc,false
34418,2026-04-10 22:05:02+00,fil-usdfc,false
34417,2026-04-10 22:05:02+00,eth-usdfc,false
34420,2026-04-10 22:05:03+00,polygon-usdc-usdfc,false
34421,2026-04-10 22:10:01+00,eth-usdfc,false
34424,2026-04-10 22:10:02+00,polygon-usdc-usdfc,false
34423,2026-04-10 22:10:02+00,base-usdc-usdfc,false
34422,2026-04-10 22:10:02+00,fil-usdfc,false
34425,2026-04-10 22:15:01+00,eth-usdfc,false
34428,2026-04-10 22:15:02+00,polygon-usdc-usdfc,false
34427,2026-04-10 22:15:02+00,base-usdc-usdfc,false
34426,2026-04-10 22:15:02+00,fil-usdfc,false
34431,2026-04-10 22:20:02+00,base-usdc-usdfc,false
34430,2026-04-10 22:20:02+00,fil-usdfc,false
34429,2026-04-10 22:20:02+00,eth-usdfc,false
34432,2026-04-10 22:20:03+00,polygon-usdc-usdfc,false
34433,2026-04-10 22:25:02+00,eth-usdfc,false
34436,2026-04-10 22:25:03+00,polygon-usdc-usdfc,false
34435,2026-04-10 22:25:03+00,base-usdc-usdfc,false
34434,2026-04-10 22:25:03+00,fil-usdfc,false
34437,2026-04-10 22:30:01+00,eth-usdfc,false
34440,2026-04-10 22:30:04+00,polygon-usdc-usdfc,false
34439,2026-04-10 22:30:04+00,base-usdc-usdfc,false
34438,2026-04-10 22:30:04+00,fil-usdfc,false
34441,2026-04-10 22:35:02+00,eth-usdfc,false
34443,2026-04-10 22:35:03+00,base-usdc-usdfc,false
34442,2026-04-10 22:35:03+00,fil-usdfc,false
34444,2026-04-10 22:35:04+00,polygon-usdc-usdfc,false
34446,2026-04-10 22:40:02+00,fil-usdfc,false
34445,2026-04-10 22:40:02+00,eth-usdfc,false
34448,2026-04-10 22:40:03+00,polygon-usdc-usdfc,false
34447,2026-04-10 22:40:03+00,base-usdc-usdfc,false
34450,2026-04-10 22:45:02+00,fil-usdfc,false
34449,2026-04-10 22:45:02+00,eth-usdfc,false
34452,2026-04-10 22:45:03+00,polygon-usdc-usdfc,false
34451,2026-04-10 22:45:03+00,base-usdc-usdfc,false
34453,2026-04-10 22:50:01+00,eth-usdfc,false
34455,2026-04-10 22:50:02+00,base-usdc-usdfc,false
34454,2026-04-10 22:50:02+00,fil-usdfc,false
34456,2026-04-10 22:50:03+00,polygon-usdc-usdfc,false
34459,2026-04-10 22:55:02+00,base-usdc-usdfc,false
34458,2026-04-10 22:55:02+00,fil-usdfc,false
34457,2026-04-10 22:55:02+00,eth-usdfc,false
34460,2026-04-10 22:55:03+00,polygon-usdc-usdfc,false
34461,2026-04-10 23:00:02+00,eth-usdfc,false
34464,2026-04-10 23:00:03+00,polygon-usdc-usdfc,false
34463,2026-04-10 23:00:03+00,base-usdc-usdfc,false
34462,2026-04-10 23:00:03+00,fil-usdfc,false
34465,2026-04-10 23:05:01+00,eth-usdfc,false
34466,2026-04-10 23:05:08+00,fil-usdfc,false
34468,2026-04-10 23:05:09+00,polygon-usdc-usdfc,false
34467,2026-04-10 23:05:09+00,base-usdc-usdfc,false
34469,2026-04-10 23:10:02+00,eth-usdfc,false
34472,2026-04-10 23:10:03+00,polygon-usdc-usdfc,false
34471,2026-04-10 23:10:03+00,base-usdc-usdfc,false
34470,2026-04-10 23:10:03+00,fil-usdfc,false
34473,2026-04-10 23:15:01+00,eth-usdfc,false
34474,2026-04-10 23:15:02+00,fil-usdfc,false
34476,2026-04-10 23:15:03+00,polygon-usdc-usdfc,false
34475,2026-04-10 23:15:03+00,base-usdc-usdfc,false
34477,2026-04-10 23:20:01+00,eth-usdfc,false
34478,2026-04-10 23:20:04+00,fil-usdfc,false
34479,2026-04-10 23:20:05+00,base-usdc-usdfc,false
34480,2026-04-10 23:20:07+00,polygon-usdc-usdfc,false
34482,2026-04-10 23:25:02+00,fil-usdfc,false
34481,2026-04-10 23:25:02+00,eth-usdfc,false
34484,2026-04-10 23:25:03+00,polygon-usdc-usdfc,false
34483,2026-04-10 23:25:03+00,base-usdc-usdfc,false
34485,2026-04-10 23:30:01+00,eth-usdfc,false
34488,2026-04-10 23:30:02+00,polygon-usdc-usdfc,false
34487,2026-04-10 23:30:02+00,base-usdc-usdfc,false
34486,2026-04-10 23:30:02+00,fil-usdfc,false
34491,2026-04-10 23:35:02+00,base-usdc-usdfc,false
34490,2026-04-10 23:35:02+00,fil-usdfc,false
34489,2026-04-10 23:35:02+00,eth-usdfc,false
34492,2026-04-10 23:35:03+00,polygon-usdc-usdfc,false
34495,2026-04-10 23:40:02+00,base-usdc-usdfc,false
34494,2026-04-10 23:40:02+00,fil-usdfc,false
34493,2026-04-10 23:40:02+00,eth-usdfc,false
34496,2026-04-10 23:40:03+00,polygon-usdc-usdfc,false
34497,2026-04-10 23:45:02+00,eth-usdfc,false
34498,2026-04-10 23:45:04+00,fil-usdfc,false
34500,2026-04-10 23:45:05+00,polygon-usdc-usdfc,false
34499,2026-04-10 23:45:05+00,base-usdc-usdfc,false
34502,2026-04-10 23:50:02+00,fil-usdfc,false
34501,2026-04-10 23:50:02+00,eth-usdfc,false
34504,2026-04-10 23:50:03+00,polygon-usdc-usdfc,false
34503,2026-04-10 23:50:03+00,base-usdc-usdfc,false
34507,2026-04-10 23:55:02+00,base-usdc-usdfc,false
34506,2026-04-10 23:55:02+00,fil-usdfc,false
34505,2026-04-10 23:55:02+00,eth-usdfc,false
34508,2026-04-10 23:55:03+00,polygon-usdc-usdfc,false
34510,2026-04-11 00:00:02+00,fil-usdfc,false
34509,2026-04-11 00:00:02+00,eth-usdfc,false
34512,2026-04-11 00:00:03+00,polygon-usdc-usdfc,false
34511,2026-04-11 00:00:03+00,base-usdc-usdfc,false
34513,2026-04-11 00:05:01+00,eth-usdfc,false
34516,2026-04-11 00:05:02+00,polygon-usdc-usdfc,false
34515,2026-04-11 00:05:02+00,base-usdc-usdfc,false
34514,2026-04-11 00:05:02+00,fil-usdfc,false
34520,2026-04-11 00:10:02+00,polygon-usdc-usdfc,false
34519,2026-04-11 00:10:02+00,base-usdc-usdfc,false
34518,2026-04-11 00:10:02+00,fil-usdfc,false
34517,2026-04-11 00:10:02+00,eth-usdfc,false
34523,2026-04-11 00:15:02+00,base-usdc-usdfc,false
34522,2026-04-11 00:15:02+00,fil-usdfc,false
34521,2026-04-11 00:15:02+00,eth-usdfc,false
34524,2026-04-11 00:15:03+00,polygon-usdc-usdfc,false
34525,2026-04-11 00:20:01+00,eth-usdfc,false
34528,2026-04-11 00:20:02+00,polygon-usdc-usdfc,false
34527,2026-04-11 00:20:02+00,base-usdc-usdfc,false
34526,2026-04-11 00:20:02+00,fil-usdfc,false
34531,2026-04-11 00:25:02+00,base-usdc-usdfc,false
34530,2026-04-11 00:25:02+00,fil-usdfc,false
34529,2026-04-11 00:25:02+00,eth-usdfc,false
34532,2026-04-11 00:25:03+00,polygon-usdc-usdfc,false
34536,2026-04-11 00:30:02+00,polygon-usdc-usdfc,false
34535,2026-04-11 00:30:02+00,base-usdc-usdfc,false
34534,2026-04-11 00:30:02+00,fil-usdfc,false
34533,2026-04-11 00:30:02+00,eth-usdfc,false
34538,2026-04-11 00:35:02+00,fil-usdfc,false
34537,2026-04-11 00:35:02+00,eth-usdfc,false
34540,2026-04-11 00:35:03+00,polygon-usdc-usdfc,false
34539,2026-04-11 00:35:03+00,base-usdc-usdfc,false
34543,2026-04-11 00:40:02+00,base-usdc-usdfc,false
34542,2026-04-11 00:40:02+00,fil-usdfc,false
34541,2026-04-11 00:40:02+00,eth-usdfc,false
34544,2026-04-11 00:40:03+00,polygon-usdc-usdfc,false
34545,2026-04-11 00:45:02+00,eth-usdfc,false
34547,2026-04-11 00:45:03+00,base-usdc-usdfc,false
34546,2026-04-11 00:45:03+00,fil-usdfc,false
34548,2026-04-11 00:45:04+00,polygon-usdc-usdfc,false
34549,2026-04-11 00:50:02+00,eth-usdfc,false
34552,2026-04-11 00:50:03+00,polygon-usdc-usdfc,false
34551,2026-04-11 00:50:03+00,base-usdc-usdfc,false
34550,2026-04-11 00:50:03+00,fil-usdfc,false
34554,2026-04-11 00:55:02+00,fil-usdfc,false
34553,2026-04-11 00:55:02+00,eth-usdfc,false
34556,2026-04-11 00:55:03+00,polygon-usdc-usdfc,false
34555,2026-04-11 00:55:03+00,base-usdc-usdfc,false
34557,2026-04-11 01:00:01+00,eth-usdfc,false
34560,2026-04-11 01:00:02+00,polygon-usdc-usdfc,false
34559,2026-04-11 01:00:02+00,base-usdc-usdfc,false
34558,2026-04-11 01:00:02+00,fil-usdfc,false
34561,2026-04-11 01:05:01+00,eth-usdfc,false
34564,2026-04-11 01:05:52+00,polygon-usdc-usdfc,false
34563,2026-04-11 01:05:52+00,base-usdc-usdfc,false
34562,2026-04-11 01:05:52+00,fil-usdfc,false
34567,2026-04-11 01:10:02+00,base-usdc-usdfc,false
34566,2026-04-11 01:10:02+00,fil-usdfc,false
34565,2026-04-11 01:10:02+00,eth-usdfc,false
34568,2026-04-11 01:10:03+00,polygon-usdc-usdfc,false
34569,2026-04-11 01:15:01+00,eth-usdfc,false
34572,2026-04-11 01:15:02+00,polygon-usdc-usdfc,false
34571,2026-04-11 01:15:02+00,base-usdc-usdfc,false
34570,2026-04-11 01:15:02+00,fil-usdfc,false
34573,2026-04-11 01:20:01+00,eth-usdfc,false
34574,2026-04-11 01:20:03+00,fil-usdfc,false
34575,2026-04-11 01:20:04+00,base-usdc-usdfc,false
34576,2026-04-11 01:20:05+00,polygon-usdc-usdfc,false
34577,2026-04-11 01:25:02+00,eth-usdfc,false
34578,2026-04-11 01:25:04+00,fil-usdfc,false
34580,2026-04-11 01:25:05+00,polygon-usdc-usdfc,false
34579,2026-04-11 01:25:05+00,base-usdc-usdfc,false
34581,2026-04-11 01:30:02+00,eth-usdfc,false
34583,2026-04-11 01:30:03+00,base-usdc-usdfc,false
34582,2026-04-11 01:30:03+00,fil-usdfc,false
34584,2026-04-11 01:30:04+00,polygon-usdc-usdfc,false
34585,2026-04-11 01:35:01+00,eth-usdfc,false
34587,2026-04-11 01:35:02+00,base-usdc-usdfc,false
34586,2026-04-11 01:35:02+00,fil-usdfc,false
34588,2026-04-11 01:35:03+00,polygon-usdc-usdfc,false
34590,2026-04-11 01:40:02+00,fil-usdfc,false
34589,2026-04-11 01:40:02+00,eth-usdfc,false
34592,2026-04-11 01:40:03+00,polygon-usdc-usdfc,false
34591,2026-04-11 01:40:03+00,base-usdc-usdfc,false
34593,2026-04-11 01:45:02+00,eth-usdfc,false
34596,2026-04-11 01:45:03+00,polygon-usdc-usdfc,false
34595,2026-04-11 01:45:03+00,base-usdc-usdfc,false
34594,2026-04-11 01:45:03+00,fil-usdfc,false
34597,2026-04-11 01:50:01+00,eth-usdfc,false
34598,2026-04-11 01:50:04+00,fil-usdfc,false
34599,2026-04-11 01:50:07+00,base-usdc-usdfc,false
34600,2026-04-11 01:50:08+00,polygon-usdc-usdfc,false
34602,2026-04-11 01:55:01+00,fil-usdfc,false
34601,2026-04-11 01:55:01+00,eth-usdfc,false
34604,2026-04-11 01:55:02+00,polygon-usdc-usdfc,false
34603,2026-04-11 01:55:02+00,base-usdc-usdfc,false
34608,2026-04-11 02:00:02+00,polygon-usdc-usdfc,false
34607,2026-04-11 02:00:02+00,base-usdc-usdfc,false
34606,2026-04-11 02:00:02+00,fil-usdfc,false
34605,2026-04-11 02:00:02+00,eth-usdfc,false
34609,2026-04-11 02:05:02+00,eth-usdfc,false
34610,2026-04-11 02:05:03+00,fil-usdfc,false
34611,2026-04-11 02:05:05+00,base-usdc-usdfc,false
34612,2026-04-11 02:05:15+00,polygon-usdc-usdfc,false
34614,2026-04-11 02:10:02+00,fil-usdfc,false
34613,2026-04-11 02:10:02+00,eth-usdfc,false
34616,2026-04-11 02:10:03+00,polygon-usdc-usdfc,false
34615,2026-04-11 02:10:03+00,base-usdc-usdfc,false
34618,2026-04-11 02:15:02+00,fil-usdfc,false
34617,2026-04-11 02:15:02+00,eth-usdfc,false
34620,2026-04-11 02:15:03+00,polygon-usdc-usdfc,false
34619,2026-04-11 02:15:03+00,base-usdc-usdfc,false
34621,2026-04-11 02:20:01+00,eth-usdfc,false
34624,2026-04-11 02:20:03+00,polygon-usdc-usdfc,false
34623,2026-04-11 02:20:03+00,base-usdc-usdfc,false
34622,2026-04-11 02:20:03+00,fil-usdfc,false
34626,2026-04-11 02:25:02+00,fil-usdfc,false
34625,2026-04-11 02:25:02+00,eth-usdfc,false
34628,2026-04-11 02:25:03+00,polygon-usdc-usdfc,false
34627,2026-04-11 02:25:03+00,base-usdc-usdfc,false
34629,2026-04-11 02:30:01+00,eth-usdfc,false
34632,2026-04-11 02:30:02+00,polygon-usdc-usdfc,false
34631,2026-04-11 02:30:02+00,base-usdc-usdfc,false
34630,2026-04-11 02:30:02+00,fil-usdfc,false
34635,2026-04-11 02:35:02+00,base-usdc-usdfc,false
34634,2026-04-11 02:35:02+00,fil-usdfc,false
34633,2026-04-11 02:35:02+00,eth-usdfc,false
34636,2026-04-11 02:35:03+00,polygon-usdc-usdfc,false
34637,2026-04-11 02:40:01+00,eth-usdfc,false
34640,2026-04-11 02:40:02+00,polygon-usdc-usdfc,false
34639,2026-04-11 02:40:02+00,base-usdc-usdfc,false
34638,2026-04-11 02:40:02+00,fil-usdfc,false
34641,2026-04-11 02:45:01+00,eth-usdfc,false
34643,2026-04-11 02:45:02+00,base-usdc-usdfc,false
34642,2026-04-11 02:45:02+00,fil-usdfc,false
34644,2026-04-11 02:45:03+00,polygon-usdc-usdfc,false
34646,2026-04-11 02:50:02+00,fil-usdfc,false
34645,2026-04-11 02:50:02+00,eth-usdfc,false
34648,2026-04-11 02:50:03+00,polygon-usdc-usdfc,false
34647,2026-04-11 02:50:03+00,base-usdc-usdfc,false
34650,2026-04-11 02:55:01+00,fil-usdfc,false
34649,2026-04-11 02:55:01+00,eth-usdfc,false
34652,2026-04-11 02:55:02+00,polygon-usdc-usdfc,false
34651,2026-04-11 02:55:02+00,base-usdc-usdfc,false
34654,2026-04-11 03:00:02+00,fil-usdfc,false
34653,2026-04-11 03:00:02+00,eth-usdfc,false
34656,2026-04-11 03:00:03+00,polygon-usdc-usdfc,false
34655,2026-04-11 03:00:03+00,base-usdc-usdfc,false
34657,2026-04-11 03:05:02+00,eth-usdfc,false
34660,2026-04-11 03:05:03+00,polygon-usdc-usdfc,false
34659,2026-04-11 03:05:03+00,base-usdc-usdfc,false
34658,2026-04-11 03:05:03+00,fil-usdfc,false
34662,2026-04-11 03:10:02+00,fil-usdfc,false
34661,2026-04-11 03:10:02+00,eth-usdfc,false
34664,2026-04-11 03:10:03+00,polygon-usdc-usdfc,false
34663,2026-04-11 03:10:03+00,base-usdc-usdfc,false
34666,2026-04-11 03:15:02+00,fil-usdfc,false
34665,2026-04-11 03:15:02+00,eth-usdfc,false
34668,2026-04-11 03:15:03+00,polygon-usdc-usdfc,false
34667,2026-04-11 03:15:03+00,base-usdc-usdfc,false
34670,2026-04-11 03:20:02+00,fil-usdfc,false
34669,2026-04-11 03:20:02+00,eth-usdfc,false
34672,2026-04-11 03:20:03+00,polygon-usdc-usdfc,false
34671,2026-04-11 03:20:03+00,base-usdc-usdfc,false
34673,2026-04-11 03:25:01+00,eth-usdfc,false
34676,2026-04-11 03:25:02+00,polygon-usdc-usdfc,false
34675,2026-04-11 03:25:02+00,base-usdc-usdfc,false
34674,2026-04-11 03:25:02+00,fil-usdfc,false
34678,2026-04-11 03:30:02+00,fil-usdfc,false
34677,2026-04-11 03:30:02+00,eth-usdfc,false
34680,2026-04-11 03:30:03+00,polygon-usdc-usdfc,false
34679,2026-04-11 03:30:03+00,base-usdc-usdfc,false
34681,2026-04-11 03:35:01+00,eth-usdfc,false
34682,2026-04-11 03:35:02+00,fil-usdfc,false
34684,2026-04-11 03:35:03+00,polygon-usdc-usdfc,false
34683,2026-04-11 03:35:03+00,base-usdc-usdfc,false
34685,2026-04-11 03:40:02+00,eth-usdfc,false
34687,2026-04-11 03:40:03+00,base-usdc-usdfc,false
34686,2026-04-11 03:40:03+00,fil-usdfc,false
34688,2026-04-11 03:40:06+00,polygon-usdc-usdfc,false
34689,2026-04-11 03:45:02+00,eth-usdfc,false
34690,2026-04-11 03:45:03+00,fil-usdfc,false
34692,2026-04-11 03:45:04+00,polygon-usdc-usdfc,false
34691,2026-04-11 03:45:04+00,base-usdc-usdfc,false
34693,2026-04-11 03:50:01+00,eth-usdfc,false
34694,2026-04-11 03:50:02+00,fil-usdfc,false
34696,2026-04-11 03:50:03+00,polygon-usdc-usdfc,false
34695,2026-04-11 03:50:03+00,base-usdc-usdfc,false
34697,2026-04-11 03:55:01+00,eth-usdfc,false
34699,2026-04-11 03:55:02+00,base-usdc-usdfc,false
34698,2026-04-11 03:55:02+00,fil-usdfc,false
34700,2026-04-11 03:55:03+00,polygon-usdc-usdfc,false
34703,2026-04-11 04:00:02+00,base-usdc-usdfc,false
34702,2026-04-11 04:00:02+00,fil-usdfc,false
34701,2026-04-11 04:00:02+00,eth-usdfc,false
34704,2026-04-11 04:00:03+00,polygon-usdc-usdfc,false
34707,2026-04-11 04:05:02+00,base-usdc-usdfc,false
34706,2026-04-11 04:05:02+00,fil-usdfc,false
34705,2026-04-11 04:05:02+00,eth-usdfc,false
34708,2026-04-11 04:05:03+00,polygon-usdc-usdfc,false
34709,2026-04-11 04:10:02+00,eth-usdfc,false
34712,2026-04-11 04:10:03+00,polygon-usdc-usdfc,false
34711,2026-04-11 04:10:03+00,base-usdc-usdfc,false
34710,2026-04-11 04:10:03+00,fil-usdfc,false
34713,2026-04-11 04:15:01+00,eth-usdfc,false
34714,2026-04-11 04:15:02+00,fil-usdfc,false
34716,2026-04-11 04:15:03+00,polygon-usdc-usdfc,false
34715,2026-04-11 04:15:03+00,base-usdc-usdfc,false
34717,2026-04-11 04:20:01+00,eth-usdfc,false
34720,2026-04-11 04:20:02+00,polygon-usdc-usdfc,false
34719,2026-04-11 04:20:02+00,base-usdc-usdfc,false
34718,2026-04-11 04:20:02+00,fil-usdfc,false
34724,2026-04-11 04:25:02+00,polygon-usdc-usdfc,false
34723,2026-04-11 04:25:02+00,base-usdc-usdfc,false
34722,2026-04-11 04:25:02+00,fil-usdfc,false
34721,2026-04-11 04:25:02+00,eth-usdfc,false
34726,2026-04-11 04:30:02+00,fil-usdfc,false
34725,2026-04-11 04:30:02+00,eth-usdfc,false
34727,2026-04-11 04:30:03+00,base-usdc-usdfc,false
34728,2026-04-11 04:30:04+00,polygon-usdc-usdfc,false
34729,2026-04-11 04:35:01+00,eth-usdfc,false
34731,2026-04-11 04:35:02+00,base-usdc-usdfc,false
34730,2026-04-11 04:35:02+00,fil-usdfc,false
34732,2026-04-11 04:35:03+00,polygon-usdc-usdfc,false
34733,2026-04-11 04:40:01+00,eth-usdfc,false
34735,2026-04-11 04:40:02+00,base-usdc-usdfc,false
34734,2026-04-11 04:40:02+00,fil-usdfc,false
34736,2026-04-11 04:40:03+00,polygon-usdc-usdfc,false
34737,2026-04-11 04:45:01+00,eth-usdfc,false
34738,2026-04-11 04:45:02+00,fil-usdfc,false
34739,2026-04-11 04:45:03+00,base-usdc-usdfc,false
34740,2026-04-11 04:45:33+00,polygon-usdc-usdfc,false
34743,2026-04-11 04:50:02+00,base-usdc-usdfc,false
34742,2026-04-11 04:50:02+00,fil-usdfc,false
34741,2026-04-11 04:50:02+00,eth-usdfc,false
34744,2026-04-11 04:50:03+00,polygon-usdc-usdfc,false
34747,2026-04-11 04:55:02+00,base-usdc-usdfc,false
34746,2026-04-11 04:55:02+00,fil-usdfc,false
34745,2026-04-11 04:55:02+00,eth-usdfc,false
34748,2026-04-11 04:55:03+00,polygon-usdc-usdfc,false
34751,2026-04-11 05:00:02+00,base-usdc-usdfc,false
34750,2026-04-11 05:00:02+00,fil-usdfc,false
34749,2026-04-11 05:00:02+00,eth-usdfc,false
34752,2026-04-11 05:00:03+00,polygon-usdc-usdfc,false
34755,2026-04-11 05:05:02+00,base-usdc-usdfc,false
34754,2026-04-11 05:05:02+00,fil-usdfc,false
34753,2026-04-11 05:05:02+00,eth-usdfc,false
34756,2026-04-11 05:05:03+00,polygon-usdc-usdfc,false
34757,2026-04-11 05:10:01+00,eth-usdfc,false
34759,2026-04-11 05:10:02+00,base-usdc-usdfc,false
34758,2026-04-11 05:10:02+00,fil-usdfc,false
34760,2026-04-11 05:10:03+00,polygon-usdc-usdfc,false
34761,2026-04-11 05:15:02+00,eth-usdfc,false
34763,2026-04-11 05:15:03+00,base-usdc-usdfc,false
34762,2026-04-11 05:15:03+00,fil-usdfc,false
34764,2026-04-11 05:15:04+00,polygon-usdc-usdfc,false
34767,2026-04-11 05:20:02+00,base-usdc-usdfc,false
34766,2026-04-11 05:20:02+00,fil-usdfc,false
34765,2026-04-11 05:20:02+00,eth-usdfc,false
34768,2026-04-11 05:20:03+00,polygon-usdc-usdfc,false
34771,2026-04-11 05:25:02+00,base-usdc-usdfc,false
34770,2026-04-11 05:25:02+00,fil-usdfc,false
34769,2026-04-11 05:25:02+00,eth-usdfc,false
34772,2026-04-11 05:25:03+00,polygon-usdc-usdfc,false
34775,2026-04-11 05:30:02+00,base-usdc-usdfc,false
34774,2026-04-11 05:30:02+00,fil-usdfc,false
34773,2026-04-11 05:30:02+00,eth-usdfc,false
34776,2026-04-11 05:30:03+00,polygon-usdc-usdfc,false
34777,2026-04-11 05:35:01+00,eth-usdfc,false
34780,2026-04-11 05:35:02+00,polygon-usdc-usdfc,false
34779,2026-04-11 05:35:02+00,base-usdc-usdfc,false
34778,2026-04-11 05:35:02+00,fil-usdfc,false
34782,2026-04-11 05:40:02+00,fil-usdfc,false
34781,2026-04-11 05:40:02+00,eth-usdfc,false
34784,2026-04-11 05:40:03+00,polygon-usdc-usdfc,false
34783,2026-04-11 05:40:03+00,base-usdc-usdfc,false
34786,2026-04-11 05:45:02+00,fil-usdfc,false
34785,2026-04-11 05:45:02+00,eth-usdfc,false
34788,2026-04-11 05:45:03+00,polygon-usdc-usdfc,false
34787,2026-04-11 05:45:03+00,base-usdc-usdfc,false
34789,2026-04-11 05:50:01+00,eth-usdfc,false
34790,2026-04-11 05:50:02+00,fil-usdfc,false
34792,2026-04-11 05:50:03+00,polygon-usdc-usdfc,false
34791,2026-04-11 05:50:03+00,base-usdc-usdfc,false
34793,2026-04-11 05:55:01+00,eth-usdfc,false
34796,2026-04-11 05:55:02+00,polygon-usdc-usdfc,false
34795,2026-04-11 05:55:02+00,base-usdc-usdfc,false
34794,2026-04-11 05:55:02+00,fil-usdfc,false
34797,2026-04-11 06:00:02+00,eth-usdfc,false
34800,2026-04-11 06:00:07+00,polygon-usdc-usdfc,false
34799,2026-04-11 06:00:07+00,base-usdc-usdfc,false
34798,2026-04-11 06:00:07+00,fil-usdfc,false
34801,2026-04-11 06:05:02+00,eth-usdfc,false
34804,2026-04-11 06:05:03+00,polygon-usdc-usdfc,false
34803,2026-04-11 06:05:03+00,base-usdc-usdfc,false
34802,2026-04-11 06:05:03+00,fil-usdfc,false
34805,2026-04-11 06:10:02+00,eth-usdfc,false
34807,2026-04-11 06:10:03+00,base-usdc-usdfc,false
34806,2026-04-11 06:10:03+00,fil-usdfc,false
34808,2026-04-11 06:10:04+00,polygon-usdc-usdfc,false
34809,2026-04-11 06:15:02+00,eth-usdfc,false
34810,2026-04-11 06:15:03+00,fil-usdfc,false
34811,2026-04-11 06:15:04+00,base-usdc-usdfc,false
34812,2026-04-11 06:15:05+00,polygon-usdc-usdfc,false
34814,2026-04-11 06:20:02+00,fil-usdfc,false
34813,2026-04-11 06:20:02+00,eth-usdfc,false
34816,2026-04-11 06:20:03+00,polygon-usdc-usdfc,false
34815,2026-04-11 06:20:03+00,base-usdc-usdfc,false
34817,2026-04-11 06:25:02+00,eth-usdfc,false
34819,2026-04-11 06:25:03+00,base-usdc-usdfc,false
34818,2026-04-11 06:25:03+00,fil-usdfc,false
34820,2026-04-11 06:25:04+00,polygon-usdc-usdfc,false
34821,2026-04-11 06:30:02+00,eth-usdfc,false
34824,2026-04-11 06:30:03+00,polygon-usdc-usdfc,false
34823,2026-04-11 06:30:03+00,base-usdc-usdfc,false
34822,2026-04-11 06:30:03+00,fil-usdfc,false
34827,2026-04-11 06:35:02+00,base-usdc-usdfc,false
34826,2026-04-11 06:35:02+00,fil-usdfc,false
34825,2026-04-11 06:35:02+00,eth-usdfc,false
34828,2026-04-11 06:35:03+00,polygon-usdc-usdfc,false
34832,2026-04-11 06:40:02+00,polygon-usdc-usdfc,false
34831,2026-04-11 06:40:02+00,base-usdc-usdfc,false
34830,2026-04-11 06:40:02+00,fil-usdfc,false
34829,2026-04-11 06:40:02+00,eth-usdfc,false
34836,2026-04-11 06:45:02+00,polygon-usdc-usdfc,false
34835,2026-04-11 06:45:02+00,base-usdc-usdfc,false
34834,2026-04-11 06:45:02+00,fil-usdfc,false
34833,2026-04-11 06:45:02+00,eth-usdfc,false
34840,2026-04-11 06:50:02+00,polygon-usdc-usdfc,false
34839,2026-04-11 06:50:02+00,base-usdc-usdfc,false
34838,2026-04-11 06:50:02+00,fil-usdfc,false
34837,2026-04-11 06:50:02+00,eth-usdfc,false
34843,2026-04-11 06:55:02+00,base-usdc-usdfc,false
34842,2026-04-11 06:55:02+00,fil-usdfc,false
34841,2026-04-11 06:55:02+00,eth-usdfc,false
34844,2026-04-11 06:55:03+00,polygon-usdc-usdfc,false
34845,2026-04-11 07:00:02+00,eth-usdfc,false
34848,2026-04-11 07:00:03+00,polygon-usdc-usdfc,false
34847,2026-04-11 07:00:03+00,base-usdc-usdfc,false
34846,2026-04-11 07:00:03+00,fil-usdfc,false
34851,2026-04-11 07:05:02+00,base-usdc-usdfc,false
34850,2026-04-11 07:05:02+00,fil-usdfc,false
34849,2026-04-11 07:05:02+00,eth-usdfc,false
34852,2026-04-11 07:05:03+00,polygon-usdc-usdfc,false
34853,2026-04-11 07:10:02+00,eth-usdfc,false
34856,2026-04-11 07:10:03+00,polygon-usdc-usdfc,false
34855,2026-04-11 07:10:03+00,base-usdc-usdfc,false
34854,2026-04-11 07:10:03+00,fil-usdfc,false
34857,2026-04-11 07:15:01+00,eth-usdfc,false
34860,2026-04-11 07:15:02+00,polygon-usdc-usdfc,false
34859,2026-04-11 07:15:02+00,base-usdc-usdfc,false
34858,2026-04-11 07:15:02+00,fil-usdfc,false
34862,2026-04-11 07:20:02+00,fil-usdfc,false
34861,2026-04-11 07:20:02+00,eth-usdfc,false
34864,2026-04-11 07:20:03+00,polygon-usdc-usdfc,false
34863,2026-04-11 07:20:03+00,base-usdc-usdfc,false
34866,2026-04-11 07:25:02+00,fil-usdfc,false
34865,2026-04-11 07:25:02+00,eth-usdfc,false
34867,2026-04-11 07:25:03+00,base-usdc-usdfc,false
34868,2026-04-11 07:25:04+00,polygon-usdc-usdfc,false
34869,2026-04-11 07:30:02+00,eth-usdfc,false
34871,2026-04-11 07:30:03+00,base-usdc-usdfc,false
34870,2026-04-11 07:30:03+00,fil-usdfc,false
34872,2026-04-11 07:30:04+00,polygon-usdc-usdfc,false
34873,2026-04-11 07:35:02+00,eth-usdfc,false
34876,2026-04-11 07:35:03+00,polygon-usdc-usdfc,false
34875,2026-04-11 07:35:03+00,base-usdc-usdfc,false
34874,2026-04-11 07:35:03+00,fil-usdfc,false
34877,2026-04-11 07:40:01+00,eth-usdfc,false
34879,2026-04-11 07:40:02+00,base-usdc-usdfc,false
34878,2026-04-11 07:40:02+00,fil-usdfc,false
34880,2026-04-11 07:40:03+00,polygon-usdc-usdfc,false
34881,2026-04-11 07:45:01+00,eth-usdfc,false
34884,2026-04-11 07:45:02+00,polygon-usdc-usdfc,false
34883,2026-04-11 07:45:02+00,base-usdc-usdfc,false
34882,2026-04-11 07:45:02+00,fil-usdfc,false
34885,2026-04-11 07:50:01+00,eth-usdfc,false
34888,2026-04-11 07:50:02+00,polygon-usdc-usdfc,false
34887,2026-04-11 07:50:02+00,base-usdc-usdfc,false
34886,2026-04-11 07:50:02+00,fil-usdfc,false
34891,2026-04-11 07:55:02+00,base-usdc-usdfc,false
34890,2026-04-11 07:55:02+00,fil-usdfc,false
34889,2026-04-11 07:55:02+00,eth-usdfc,false
34892,2026-04-11 07:55:03+00,polygon-usdc-usdfc,false
34893,2026-04-11 08:00:02+00,eth-usdfc,false
34894,2026-04-11 08:00:03+00,fil-usdfc,false
34895,2026-04-11 08:00:04+00,base-usdc-usdfc,false
34896,2026-04-11 08:00:05+00,polygon-usdc-usdfc,false
34898,2026-04-11 08:05:02+00,fil-usdfc,false
34897,2026-04-11 08:05:02+00,eth-usdfc,false
34900,2026-04-11 08:05:03+00,polygon-usdc-usdfc,false
34899,2026-04-11 08:05:03+00,base-usdc-usdfc,false
34901,2026-04-11 08:10:02+00,eth-usdfc,false
34903,2026-04-11 08:10:03+00,base-usdc-usdfc,false
34902,2026-04-11 08:10:03+00,fil-usdfc,false
34904,2026-04-11 08:10:05+00,polygon-usdc-usdfc,false
34905,2026-04-11 08:15:01+00,eth-usdfc,false
34907,2026-04-11 08:15:02+00,base-usdc-usdfc,false
34906,2026-04-11 08:15:02+00,fil-usdfc,false
34908,2026-04-11 08:15:03+00,polygon-usdc-usdfc,false
34910,2026-04-11 08:20:02+00,fil-usdfc,false
34909,2026-04-11 08:20:02+00,eth-usdfc,false
34912,2026-04-11 08:20:03+00,polygon-usdc-usdfc,false
34911,2026-04-11 08:20:03+00,base-usdc-usdfc,false
34914,2026-04-11 08:25:02+00,fil-usdfc,false
34913,2026-04-11 08:25:02+00,eth-usdfc,false
34916,2026-04-11 08:25:03+00,polygon-usdc-usdfc,false
34915,2026-04-11 08:25:03+00,base-usdc-usdfc,false
34917,2026-04-11 08:30:02+00,eth-usdfc,false
34918,2026-04-11 08:30:03+00,fil-usdfc,false
34920,2026-04-11 08:30:04+00,polygon-usdc-usdfc,false
34919,2026-04-11 08:30:04+00,base-usdc-usdfc,false
34922,2026-04-11 08:35:02+00,fil-usdfc,false
34921,2026-04-11 08:35:02+00,eth-usdfc,false
34924,2026-04-11 08:35:03+00,polygon-usdc-usdfc,false
34923,2026-04-11 08:35:03+00,base-usdc-usdfc,false
34926,2026-04-11 08:40:02+00,fil-usdfc,false
34925,2026-04-11 08:40:02+00,eth-usdfc,false
34927,2026-04-11 08:40:03+00,base-usdc-usdfc,false
34928,2026-04-11 08:40:04+00,polygon-usdc-usdfc,false
34930,2026-04-11 08:45:02+00,fil-usdfc,false
34929,2026-04-11 08:45:02+00,eth-usdfc,false
34931,2026-04-11 08:45:03+00,base-usdc-usdfc,false
34932,2026-04-11 08:45:04+00,polygon-usdc-usdfc,false
34933,2026-04-11 08:50:02+00,eth-usdfc,false
34935,2026-04-11 08:50:03+00,base-usdc-usdfc,false
34934,2026-04-11 08:50:03+00,fil-usdfc,false
34936,2026-04-11 08:50:04+00,polygon-usdc-usdfc,false
34937,2026-04-11 08:55:01+00,eth-usdfc,false
34939,2026-04-11 08:55:02+00,base-usdc-usdfc,false
34938,2026-04-11 08:55:02+00,fil-usdfc,false
34940,2026-04-11 08:55:03+00,polygon-usdc-usdfc,false
34942,2026-04-11 09:00:02+00,fil-usdfc,false
34941,2026-04-11 09:00:02+00,eth-usdfc,false
34944,2026-04-11 09:00:03+00,polygon-usdc-usdfc,false
34943,2026-04-11 09:00:03+00,base-usdc-usdfc,false
34945,2026-04-11 09:05:02+00,eth-usdfc,false
34947,2026-04-11 09:05:03+00,base-usdc-usdfc,false
34946,2026-04-11 09:05:03+00,fil-usdfc,false
34948,2026-04-11 09:05:04+00,polygon-usdc-usdfc,false
34949,2026-04-11 09:10:01+00,eth-usdfc,false
34951,2026-04-11 09:10:02+00,base-usdc-usdfc,false
34950,2026-04-11 09:10:02+00,fil-usdfc,false
34952,2026-04-11 09:10:03+00,polygon-usdc-usdfc,false
34953,2026-04-11 09:15:01+00,eth-usdfc,false
34954,2026-04-11 09:15:02+00,fil-usdfc,false
34956,2026-04-11 09:15:03+00,polygon-usdc-usdfc,false
34955,2026-04-11 09:15:03+00,base-usdc-usdfc,false
34957,2026-04-11 09:20:01+00,eth-usdfc,false
34960,2026-04-11 09:20:02+00,polygon-usdc-usdfc,false
34959,2026-04-11 09:20:02+00,base-usdc-usdfc,false
34958,2026-04-11 09:20:02+00,fil-usdfc,false
34963,2026-04-11 09:25:02+00,base-usdc-usdfc,false
34962,2026-04-11 09:25:02+00,fil-usdfc,false
34961,2026-04-11 09:25:02+00,eth-usdfc,false
34964,2026-04-11 09:25:03+00,polygon-usdc-usdfc,false
34965,2026-04-11 09:30:02+00,eth-usdfc,false
34967,2026-04-11 09:30:03+00,base-usdc-usdfc,false
34966,2026-04-11 09:30:03+00,fil-usdfc,false
34968,2026-04-11 09:30:04+00,polygon-usdc-usdfc,false
34970,2026-04-11 09:35:02+00,fil-usdfc,false
34969,2026-04-11 09:35:02+00,eth-usdfc,false
34972,2026-04-11 09:35:03+00,polygon-usdc-usdfc,false
34971,2026-04-11 09:35:03+00,base-usdc-usdfc,false
34974,2026-04-11 09:40:02+00,fil-usdfc,false
34973,2026-04-11 09:40:02+00,eth-usdfc,false
34976,2026-04-11 09:40:03+00,polygon-usdc-usdfc,false
34975,2026-04-11 09:40:03+00,base-usdc-usdfc,false
34977,2026-04-11 09:45:02+00,eth-usdfc,false
34978,2026-04-11 09:45:03+00,fil-usdfc,false
34980,2026-04-11 09:45:04+00,polygon-usdc-usdfc,false
34979,2026-04-11 09:45:04+00,base-usdc-usdfc,false
34982,2026-04-11 09:50:02+00,fil-usdfc,false
34981,2026-04-11 09:50:02+00,eth-usdfc,false
34983,2026-04-11 09:50:03+00,base-usdc-usdfc,false
34984,2026-04-11 09:50:04+00,polygon-usdc-usdfc,false
34985,2026-04-11 09:55:01+00,eth-usdfc,false
34987,2026-04-11 09:55:02+00,base-usdc-usdfc,false
34986,2026-04-11 09:55:02+00,fil-usdfc,false
34988,2026-04-11 09:55:03+00,polygon-usdc-usdfc,false
34989,2026-04-11 10:00:01+00,eth-usdfc,false
34992,2026-04-11 10:00:02+00,polygon-usdc-usdfc,false
34991,2026-04-11 10:00:02+00,base-usdc-usdfc,false
34990,2026-04-11 10:00:02+00,fil-usdfc,false
34994,2026-04-11 10:05:02+00,fil-usdfc,false
34993,2026-04-11 10:05:02+00,eth-usdfc,false
34996,2026-04-11 10:05:03+00,polygon-usdc-usdfc,false
34995,2026-04-11 10:05:03+00,base-usdc-usdfc,false
34997,2026-04-11 10:10:02+00,eth-usdfc,false
35000,2026-04-11 10:10:03+00,polygon-usdc-usdfc,false
34999,2026-04-11 10:10:03+00,base-usdc-usdfc,false
34998,2026-04-11 10:10:03+00,fil-usdfc,false
35001,2026-04-11 10:15:01+00,eth-usdfc,false
35003,2026-04-11 10:15:02+00,base-usdc-usdfc,false
35002,2026-04-11 10:15:02+00,fil-usdfc,false
35004,2026-04-11 10:15:03+00,polygon-usdc-usdfc,false
35007,2026-04-11 10:20:02+00,base-usdc-usdfc,false
35006,2026-04-11 10:20:02+00,fil-usdfc,false
35005,2026-04-11 10:20:02+00,eth-usdfc,false
35008,2026-04-11 10:20:03+00,polygon-usdc-usdfc,false
35011,2026-04-11 10:25:02+00,base-usdc-usdfc,false
35010,2026-04-11 10:25:02+00,fil-usdfc,false
35009,2026-04-11 10:25:02+00,eth-usdfc,false
35012,2026-04-11 10:25:03+00,polygon-usdc-usdfc,false
35015,2026-04-11 10:30:02+00,base-usdc-usdfc,false
35014,2026-04-11 10:30:02+00,fil-usdfc,false
35013,2026-04-11 10:30:02+00,eth-usdfc,false
35016,2026-04-11 10:30:03+00,polygon-usdc-usdfc,false
35018,2026-04-11 10:35:01+00,fil-usdfc,false
35017,2026-04-11 10:35:01+00,eth-usdfc,false
35020,2026-04-11 10:35:02+00,polygon-usdc-usdfc,false
35019,2026-04-11 10:35:02+00,base-usdc-usdfc,false
35023,2026-04-11 10:40:02+00,base-usdc-usdfc,false
35022,2026-04-11 10:40:02+00,fil-usdfc,false
35021,2026-04-11 10:40:02+00,eth-usdfc,false
35024,2026-04-11 10:40:03+00,polygon-usdc-usdfc,false
35025,2026-04-11 10:45:01+00,eth-usdfc,false
35027,2026-04-11 10:45:02+00,base-usdc-usdfc,false
35026,2026-04-11 10:45:02+00,fil-usdfc,false
35028,2026-04-11 10:45:03+00,polygon-usdc-usdfc,false
35031,2026-04-11 10:50:02+00,base-usdc-usdfc,false
35030,2026-04-11 10:50:02+00,fil-usdfc,false
35029,2026-04-11 10:50:02+00,eth-usdfc,false
35032,2026-04-11 10:50:03+00,polygon-usdc-usdfc,false
35033,2026-04-11 10:55:01+00,eth-usdfc,false
35034,2026-04-11 10:55:02+00,fil-usdfc,false
35036,2026-04-11 10:55:03+00,polygon-usdc-usdfc,false
35035,2026-04-11 10:55:03+00,base-usdc-usdfc,false
35038,2026-04-11 11:00:02+00,fil-usdfc,false
35037,2026-04-11 11:00:02+00,eth-usdfc,false
35040,2026-04-11 11:00:03+00,polygon-usdc-usdfc,false
35039,2026-04-11 11:00:03+00,base-usdc-usdfc,false
35043,2026-04-11 11:05:02+00,base-usdc-usdfc,false
35042,2026-04-11 11:05:02+00,fil-usdfc,false
35041,2026-04-11 11:05:02+00,eth-usdfc,false
35044,2026-04-11 11:05:03+00,polygon-usdc-usdfc,false
35045,2026-04-11 11:10:01+00,eth-usdfc,false
35047,2026-04-11 11:10:02+00,base-usdc-usdfc,false
35046,2026-04-11 11:10:02+00,fil-usdfc,false
35048,2026-04-11 11:10:03+00,polygon-usdc-usdfc,false
35052,2026-04-11 11:15:02+00,polygon-usdc-usdfc,false
35051,2026-04-11 11:15:02+00,base-usdc-usdfc,false
35050,2026-04-11 11:15:02+00,fil-usdfc,false
35049,2026-04-11 11:15:02+00,eth-usdfc,false
35053,2026-04-11 11:20:02+00,eth-usdfc,false
35055,2026-04-11 11:20:03+00,base-usdc-usdfc,false
35054,2026-04-11 11:20:03+00,fil-usdfc,false
35056,2026-04-11 11:20:04+00,polygon-usdc-usdfc,false
35057,2026-04-11 11:25:01+00,eth-usdfc,false
35060,2026-04-11 11:25:02+00,polygon-usdc-usdfc,false
35059,2026-04-11 11:25:02+00,base-usdc-usdfc,false
35058,2026-04-11 11:25:02+00,fil-usdfc,false
35062,2026-04-11 11:30:02+00,fil-usdfc,false
35061,2026-04-11 11:30:02+00,eth-usdfc,false
35064,2026-04-11 11:30:03+00,polygon-usdc-usdfc,false
35063,2026-04-11 11:30:03+00,base-usdc-usdfc,false
35065,2026-04-11 11:35:02+00,eth-usdfc,false
35068,2026-04-11 11:35:03+00,polygon-usdc-usdfc,false
35067,2026-04-11 11:35:03+00,base-usdc-usdfc,false
35066,2026-04-11 11:35:03+00,fil-usdfc,false
35069,2026-04-11 11:40:02+00,eth-usdfc,false
35072,2026-04-11 11:40:03+00,polygon-usdc-usdfc,false
35071,2026-04-11 11:40:03+00,base-usdc-usdfc,false
35070,2026-04-11 11:40:03+00,fil-usdfc,false
35074,2026-04-11 11:45:02+00,fil-usdfc,false
35073,2026-04-11 11:45:02+00,eth-usdfc,false
35076,2026-04-11 11:45:03+00,polygon-usdc-usdfc,false
35075,2026-04-11 11:45:03+00,base-usdc-usdfc,false
35078,2026-04-11 11:50:02+00,fil-usdfc,false
35077,2026-04-11 11:50:02+00,eth-usdfc,false
35080,2026-04-11 11:50:03+00,polygon-usdc-usdfc,false
35079,2026-04-11 11:50:03+00,base-usdc-usdfc,false
35084,2026-04-11 11:55:02+00,polygon-usdc-usdfc,false
35083,2026-04-11 11:55:02+00,base-usdc-usdfc,false
35082,2026-04-11 11:55:02+00,fil-usdfc,false
35081,2026-04-11 11:55:02+00,eth-usdfc,false
35085,2026-04-11 12:00:02+00,eth-usdfc,false
35088,2026-04-11 12:00:03+00,polygon-usdc-usdfc,false
35087,2026-04-11 12:00:03+00,base-usdc-usdfc,false
35086,2026-04-11 12:00:03+00,fil-usdfc,false
35091,2026-04-11 12:05:02+00,base-usdc-usdfc,false
35090,2026-04-11 12:05:02+00,fil-usdfc,false
35089,2026-04-11 12:05:02+00,eth-usdfc,false
35092,2026-04-11 12:05:03+00,polygon-usdc-usdfc,false
35093,2026-04-11 12:10:02+00,eth-usdfc,false
35096,2026-04-11 12:10:03+00,polygon-usdc-usdfc,false
35095,2026-04-11 12:10:03+00,base-usdc-usdfc,false
35094,2026-04-11 12:10:03+00,fil-usdfc,false
35097,2026-04-11 12:15:02+00,eth-usdfc,false
35098,2026-04-11 12:15:03+00,fil-usdfc,false
35100,2026-04-11 12:15:04+00,polygon-usdc-usdfc,false
35099,2026-04-11 12:15:04+00,base-usdc-usdfc,false
35101,2026-04-11 12:20:01+00,eth-usdfc,false
35103,2026-04-11 12:20:02+00,base-usdc-usdfc,false
35102,2026-04-11 12:20:02+00,fil-usdfc,false
35104,2026-04-11 12:20:03+00,polygon-usdc-usdfc,false
35106,2026-04-11 12:25:02+00,fil-usdfc,false
35105,2026-04-11 12:25:02+00,eth-usdfc,false
35108,2026-04-11 12:25:03+00,polygon-usdc-usdfc,false
35107,2026-04-11 12:25:03+00,base-usdc-usdfc,false
35109,2026-04-11 12:30:02+00,eth-usdfc,false
35112,2026-04-11 12:30:03+00,polygon-usdc-usdfc,false
35111,2026-04-11 12:30:03+00,base-usdc-usdfc,false
35110,2026-04-11 12:30:03+00,fil-usdfc,false
35113,2026-04-11 12:35:01+00,eth-usdfc,false
35115,2026-04-11 12:35:02+00,base-usdc-usdfc,false
35114,2026-04-11 12:35:02+00,fil-usdfc,false
35116,2026-04-11 12:35:03+00,polygon-usdc-usdfc,false
35117,2026-04-11 12:40:01+00,eth-usdfc,false
35120,2026-04-11 12:40:02+00,polygon-usdc-usdfc,false
35119,2026-04-11 12:40:02+00,base-usdc-usdfc,false
35118,2026-04-11 12:40:02+00,fil-usdfc,false
35121,2026-04-11 12:45:02+00,eth-usdfc,false
35123,2026-04-11 12:45:03+00,base-usdc-usdfc,false
35122,2026-04-11 12:45:03+00,fil-usdfc,false
35124,2026-04-11 12:45:04+00,polygon-usdc-usdfc,false
35127,2026-04-11 12:50:02+00,base-usdc-usdfc,false
35126,2026-04-11 12:50:02+00,fil-usdfc,false
35125,2026-04-11 12:50:02+00,eth-usdfc,false
35128,2026-04-11 12:50:03+00,polygon-usdc-usdfc,false
35129,2026-04-11 12:55:01+00,eth-usdfc,false
35130,2026-04-11 12:55:03+00,fil-usdfc,false
35131,2026-04-11 12:55:04+00,base-usdc-usdfc,false
35132,2026-04-11 12:55:05+00,polygon-usdc-usdfc,false
35133,2026-04-11 13:00:02+00,eth-usdfc,false
35136,2026-04-11 13:00:03+00,polygon-usdc-usdfc,false
35135,2026-04-11 13:00:03+00,base-usdc-usdfc,false
35134,2026-04-11 13:00:03+00,fil-usdfc,false
35137,2026-04-11 13:05:02+00,eth-usdfc,false
35139,2026-04-11 13:05:03+00,base-usdc-usdfc,false
35138,2026-04-11 13:05:03+00,fil-usdfc,false
35140,2026-04-11 13:05:04+00,polygon-usdc-usdfc,false
35143,2026-04-11 13:10:02+00,base-usdc-usdfc,false
35142,2026-04-11 13:10:02+00,fil-usdfc,false
35141,2026-04-11 13:10:02+00,eth-usdfc,false
35144,2026-04-11 13:10:04+00,polygon-usdc-usdfc,false
35146,2026-04-11 13:15:02+00,fil-usdfc,false
35145,2026-04-11 13:15:02+00,eth-usdfc,false
35148,2026-04-11 13:15:03+00,polygon-usdc-usdfc,false
35147,2026-04-11 13:15:03+00,base-usdc-usdfc,false
35150,2026-04-11 13:20:02+00,fil-usdfc,false
35149,2026-04-11 13:20:02+00,eth-usdfc,false
35152,2026-04-11 13:20:03+00,polygon-usdc-usdfc,false
35151,2026-04-11 13:20:03+00,base-usdc-usdfc,false
35153,2026-04-11 13:25:02+00,eth-usdfc,false
35156,2026-04-11 13:25:03+00,polygon-usdc-usdfc,false
35155,2026-04-11 13:25:03+00,base-usdc-usdfc,false
35154,2026-04-11 13:25:03+00,fil-usdfc,false
35160,2026-04-11 13:30:02+00,polygon-usdc-usdfc,false
35159,2026-04-11 13:30:02+00,base-usdc-usdfc,false
35158,2026-04-11 13:30:02+00,fil-usdfc,false
35157,2026-04-11 13:30:02+00,eth-usdfc,false
35163,2026-04-11 13:35:02+00,base-usdc-usdfc,false
35162,2026-04-11 13:35:02+00,fil-usdfc,false
35161,2026-04-11 13:35:02+00,eth-usdfc,false
35164,2026-04-11 13:35:03+00,polygon-usdc-usdfc,false
35166,2026-04-11 13:40:02+00,fil-usdfc,false
35165,2026-04-11 13:40:02+00,eth-usdfc,false
35168,2026-04-11 13:40:03+00,polygon-usdc-usdfc,false
35167,2026-04-11 13:40:03+00,base-usdc-usdfc,false
35171,2026-04-11 13:45:02+00,base-usdc-usdfc,false
35170,2026-04-11 13:45:02+00,fil-usdfc,false
35169,2026-04-11 13:45:02+00,eth-usdfc,false
35172,2026-04-11 13:45:03+00,polygon-usdc-usdfc,false
35175,2026-04-11 13:50:02+00,base-usdc-usdfc,false
35174,2026-04-11 13:50:02+00,fil-usdfc,false
35173,2026-04-11 13:50:02+00,eth-usdfc,false
35176,2026-04-11 13:50:03+00,polygon-usdc-usdfc,false
35177,2026-04-11 13:55:02+00,eth-usdfc,false
35180,2026-04-11 13:55:03+00,polygon-usdc-usdfc,false
35179,2026-04-11 13:55:03+00,base-usdc-usdfc,false
35178,2026-04-11 13:55:03+00,fil-usdfc,false
35181,2026-04-11 14:00:01+00,eth-usdfc,false
35183,2026-04-11 14:00:02+00,base-usdc-usdfc,false
35182,2026-04-11 14:00:02+00,fil-usdfc,false
35184,2026-04-11 14:00:03+00,polygon-usdc-usdfc,false
35186,2026-04-11 14:05:02+00,fil-usdfc,false
35185,2026-04-11 14:05:02+00,eth-usdfc,false
35188,2026-04-11 14:05:03+00,polygon-usdc-usdfc,false
35187,2026-04-11 14:05:03+00,base-usdc-usdfc,false
35189,2026-04-11 14:10:02+00,eth-usdfc,false
35192,2026-04-11 14:10:03+00,polygon-usdc-usdfc,false
35191,2026-04-11 14:10:03+00,base-usdc-usdfc,false
35190,2026-04-11 14:10:03+00,fil-usdfc,false
35195,2026-04-11 14:15:02+00,base-usdc-usdfc,false
35194,2026-04-11 14:15:02+00,fil-usdfc,false
35193,2026-04-11 14:15:02+00,eth-usdfc,false
35196,2026-04-11 14:15:03+00,polygon-usdc-usdfc,false
35197,2026-04-11 14:20:01+00,eth-usdfc,false
35200,2026-04-11 14:20:02+00,polygon-usdc-usdfc,false
35199,2026-04-11 14:20:02+00,base-usdc-usdfc,false
35198,2026-04-11 14:20:02+00,fil-usdfc,false
35201,2026-04-11 14:25:02+00,eth-usdfc,true
35202,2026-04-11 14:25:03+00,fil-usdfc,true
35203,2026-04-11 14:25:05+00,base-usdc-usdfc,true
35204,2026-04-11 14:25:06+00,polygon-usdc-usdfc,true
35205,2026-04-11 14:30:02+00,eth-usdfc,true
35206,2026-04-11 14:30:03+00,fil-usdfc,true
35207,2026-04-11 14:30:04+00,base-usdc-usdfc,true
35208,2026-04-11 14:30:05+00,polygon-usdc-usdfc,true
35209,2026-04-11 14:35:02+00,eth-usdfc,true
35210,2026-04-11 14:35:03+00,fil-usdfc,true
35211,2026-04-11 14:35:04+00,base-usdc-usdfc,true
35212,2026-04-11 14:35:05+00,polygon-usdc-usdfc,true
35213,2026-04-11 14:40:02+00,eth-usdfc,true
35214,2026-04-11 14:40:03+00,fil-usdfc,true
35216,2026-04-11 14:40:04+00,polygon-usdc-usdfc,true
35215,2026-04-11 14:40:04+00,base-usdc-usdfc,true
35217,2026-04-11 14:45:01+00,eth-usdfc,true
35218,2026-04-11 14:45:02+00,fil-usdfc,true
35219,2026-04-11 14:45:03+00,base-usdc-usdfc,true
35220,2026-04-11 14:45:04+00,polygon-usdc-usdfc,true
35221,2026-04-11 14:50:01+00,eth-usdfc,true
35222,2026-04-11 14:50:02+00,fil-usdfc,true
35223,2026-04-11 14:50:03+00,base-usdc-usdfc,true
35224,2026-04-11 14:50:04+00,polygon-usdc-usdfc,true
35225,2026-04-11 14:55:01+00,eth-usdfc,true
35226,2026-04-11 14:55:02+00,fil-usdfc,true
35227,2026-04-11 14:55:03+00,base-usdc-usdfc,true
35228,2026-04-11 14:55:05+00,polygon-usdc-usdfc,true
35229,2026-04-11 15:00:02+00,eth-usdfc,true
35230,2026-04-11 15:00:03+00,fil-usdfc,true
35232,2026-04-11 15:00:04+00,polygon-usdc-usdfc,true
35231,2026-04-11 15:00:04+00,base-usdc-usdfc,true
35233,2026-04-11 15:05:02+00,eth-usdfc,true
35234,2026-04-11 15:05:03+00,fil-usdfc,true
35235,2026-04-11 15:05:04+00,base-usdc-usdfc,true
35236,2026-04-11 15:05:05+00,polygon-usdc-usdfc,true
35237,2026-04-11 15:10:02+00,eth-usdfc,true
35238,2026-04-11 15:10:04+00,fil-usdfc,true
35239,2026-04-11 15:10:05+00,base-usdc-usdfc,true
35240,2026-04-11 15:10:06+00,polygon-usdc-usdfc,true
35241,2026-04-11 15:15:02+00,eth-usdfc,true
35242,2026-04-11 15:15:03+00,fil-usdfc,true
35243,2026-04-11 15:15:05+00,base-usdc-usdfc,true
35244,2026-04-11 15:15:06+00,polygon-usdc-usdfc,true
35245,2026-04-11 15:20:02+00,eth-usdfc,true
35246,2026-04-11 15:20:03+00,fil-usdfc,true
35247,2026-04-11 15:20:04+00,base-usdc-usdfc,true
35248,2026-04-11 15:20:05+00,polygon-usdc-usdfc,true
35249,2026-04-11 15:25:02+00,eth-usdfc,true
35250,2026-04-11 15:25:03+00,fil-usdfc,true
35251,2026-04-11 15:25:04+00,base-usdc-usdfc,true
35252,2026-04-11 15:25:05+00,polygon-usdc-usdfc,true
35254,2026-04-11 15:30:02+00,fil-usdfc,true
35253,2026-04-11 15:30:02+00,eth-usdfc,true
35255,2026-04-11 15:30:03+00,base-usdc-usdfc,true
35256,2026-04-11 15:30:04+00,polygon-usdc-usdfc,true
35257,2026-04-11 15:35:01+00,eth-usdfc,true
35258,2026-04-11 15:35:08+00,fil-usdfc,true
35259,2026-04-11 15:35:09+00,base-usdc-usdfc,true
35260,2026-04-11 15:35:10+00,polygon-usdc-usdfc,true
35262,2026-04-11 15:40:02+00,fil-usdfc,true
35261,2026-04-11 15:40:02+00,eth-usdfc,true
35263,2026-04-11 15:40:03+00,base-usdc-usdfc,true
35264,2026-04-11 15:40:05+00,polygon-usdc-usdfc,true
35265,2026-04-11 15:45:02+00,eth-usdfc,true
35266,2026-04-11 15:45:03+00,fil-usdfc,true
35267,2026-04-11 15:45:04+00,base-usdc-usdfc,true
35268,2026-04-11 15:45:05+00,polygon-usdc-usdfc,true
35269,2026-04-11 15:50:02+00,eth-usdfc,true
35270,2026-04-11 15:50:03+00,fil-usdfc,true
35271,2026-04-11 15:50:04+00,base-usdc-usdfc,true
35272,2026-04-11 15:50:05+00,polygon-usdc-usdfc,true
35273,2026-04-11 15:55:01+00,eth-usdfc,true
35274,2026-04-11 15:55:02+00,fil-usdfc,true
35276,2026-04-11 15:55:04+00,polygon-usdc-usdfc,true
35275,2026-04-11 15:55:04+00,base-usdc-usdfc,true
35277,2026-04-11 16:00:01+00,eth-usdfc,true
35278,2026-04-11 16:00:02+00,fil-usdfc,true
35279,2026-04-11 16:00:03+00,base-usdc-usdfc,true
35280,2026-04-11 16:00:04+00,polygon-usdc-usdfc,true
35281,2026-04-11 16:05:02+00,eth-usdfc,true
35282,2026-04-11 16:05:03+00,fil-usdfc,true
35283,2026-04-11 16:05:04+00,base-usdc-usdfc,true
35284,2026-04-11 16:05:11+00,polygon-usdc-usdfc,true
35285,2026-04-11 16:10:02+00,eth-usdfc,true
35286,2026-04-11 16:10:04+00,fil-usdfc,true
35287,2026-04-11 16:10:06+00,base-usdc-usdfc,true
35288,2026-04-11 16:10:07+00,polygon-usdc-usdfc,true
35289,2026-04-11 16:15:01+00,eth-usdfc,true
35290,2026-04-11 16:15:02+00,fil-usdfc,true
35291,2026-04-11 16:15:03+00,base-usdc-usdfc,true
35292,2026-04-11 16:15:04+00,polygon-usdc-usdfc,true
35293,2026-04-11 16:20:02+00,eth-usdfc,true
35294,2026-04-11 16:20:03+00,fil-usdfc,true
35295,2026-04-11 16:20:04+00,base-usdc-usdfc,true
35296,2026-04-11 16:20:06+00,polygon-usdc-usdfc,true
35297,2026-04-11 16:25:01+00,eth-usdfc,true
35298,2026-04-11 16:25:03+00,fil-usdfc,true
35299,2026-04-11 16:25:04+00,base-usdc-usdfc,true
35300,2026-04-11 16:25:05+00,polygon-usdc-usdfc,true
35301,2026-04-11 16:30:01+00,eth-usdfc,true
35302,2026-04-11 16:30:05+00,fil-usdfc,true
35304,2026-04-11 16:30:06+00,polygon-usdc-usdfc,true
35303,2026-04-11 16:30:06+00,base-usdc-usdfc,true
35305,2026-04-11 16:35:01+00,eth-usdfc,true
35306,2026-04-11 16:35:03+00,fil-usdfc,true
35307,2026-04-11 16:35:04+00,base-usdc-usdfc,true
35308,2026-04-11 16:35:05+00,polygon-usdc-usdfc,true
35309,2026-04-11 16:40:01+00,eth-usdfc,true
35310,2026-04-11 16:40:03+00,fil-usdfc,true
35312,2026-04-11 16:40:04+00,polygon-usdc-usdfc,true
35311,2026-04-11 16:40:04+00,base-usdc-usdfc,true
35313,2026-04-11 16:45:01+00,eth-usdfc,true
35314,2026-04-11 16:45:02+00,fil-usdfc,true
35315,2026-04-11 16:45:03+00,base-usdc-usdfc,true
35316,2026-04-11 16:45:04+00,polygon-usdc-usdfc,true
35317,2026-04-11 16:50:01+00,eth-usdfc,true
35318,2026-04-11 16:50:03+00,fil-usdfc,true
35319,2026-04-11 16:50:04+00,base-usdc-usdfc,true
35320,2026-04-11 16:50:05+00,polygon-usdc-usdfc,true
35321,2026-04-11 16:55:01+00,eth-usdfc,true
35322,2026-04-11 16:55:03+00,fil-usdfc,true
35323,2026-04-11 16:55:04+00,base-usdc-usdfc,true
35324,2026-04-11 16:55:05+00,polygon-usdc-usdfc,true
35325,2026-04-11 17:00:02+00,eth-usdfc,true
35326,2026-04-11 17:00:03+00,fil-usdfc,true
35327,2026-04-11 17:00:04+00,base-usdc-usdfc,true
35328,2026-04-11 17:00:05+00,polygon-usdc-usdfc,true
35329,2026-04-11 17:05:02+00,eth-usdfc,true
35330,2026-04-11 17:05:03+00,fil-usdfc,true
35331,2026-04-11 17:05:04+00,base-usdc-usdfc,true
35332,2026-04-11 17:05:05+00,polygon-usdc-usdfc,true
35333,2026-04-11 17:10:02+00,eth-usdfc,true
35334,2026-04-11 17:10:03+00,fil-usdfc,true
35335,2026-04-11 17:10:04+00,base-usdc-usdfc,true
35336,2026-04-11 17:10:05+00,polygon-usdc-usdfc,true
35338,2026-04-11 17:15:02+00,fil-usdfc,true
35337,2026-04-11 17:15:02+00,eth-usdfc,true
35340,2026-04-11 17:15:03+00,polygon-usdc-usdfc,true
35339,2026-04-11 17:15:03+00,base-usdc-usdfc,true
35341,2026-04-11 17:20:01+00,eth-usdfc,true
35342,2026-04-11 17:20:02+00,fil-usdfc,true
35343,2026-04-11 17:20:03+00,base-usdc-usdfc,true
35344,2026-04-11 17:20:04+00,polygon-usdc-usdfc,true
35345,2026-04-11 17:25:01+00,eth-usdfc,true
35346,2026-04-11 17:25:02+00,fil-usdfc,true
35347,2026-04-11 17:25:03+00,base-usdc-usdfc,true
35348,2026-04-11 17:25:04+00,polygon-usdc-usdfc,true
35349,2026-04-11 17:30:02+00,eth-usdfc,true
35350,2026-04-11 17:30:03+00,fil-usdfc,true
35351,2026-04-11 17:30:04+00,base-usdc-usdfc,true
35352,2026-04-11 17:30:06+00,polygon-usdc-usdfc,true
35353,2026-04-11 17:35:02+00,eth-usdfc,true
35354,2026-04-11 17:35:03+00,fil-usdfc,true
35356,2026-04-11 17:35:04+00,polygon-usdc-usdfc,true
35355,2026-04-11 17:35:04+00,base-usdc-usdfc,true
35357,2026-04-11 17:40:02+00,eth-usdfc,true
35359,2026-04-11 17:40:03+00,base-usdc-usdfc,true
35358,2026-04-11 17:40:03+00,fil-usdfc,true
35360,2026-04-11 17:40:04+00,polygon-usdc-usdfc,true
35362,2026-04-11 17:45:02+00,fil-usdfc,true
35361,2026-04-11 17:45:02+00,eth-usdfc,true
35363,2026-04-11 17:45:03+00,base-usdc-usdfc,true
35364,2026-04-11 17:45:04+00,polygon-usdc-usdfc,true
35365,2026-04-11 17:50:02+00,eth-usdfc,true
35366,2026-04-11 17:50:03+00,fil-usdfc,true
35367,2026-04-11 17:50:04+00,base-usdc-usdfc,true
35368,2026-04-11 17:50:05+00,polygon-usdc-usdfc,true
35369,2026-04-11 17:55:02+00,eth-usdfc,true
35371,2026-04-11 17:55:03+00,base-usdc-usdfc,true
35370,2026-04-11 17:55:03+00,fil-usdfc,true
35372,2026-04-11 17:55:04+00,polygon-usdc-usdfc,true
35373,2026-04-11 18:00:01+00,eth-usdfc,true
35374,2026-04-11 18:00:03+00,fil-usdfc,true
35375,2026-04-11 18:00:04+00,base-usdc-usdfc,true
35376,2026-04-11 18:00:05+00,polygon-usdc-usdfc,true
35377,2026-04-11 18:05:02+00,eth-usdfc,true
35379,2026-04-11 18:05:03+00,base-usdc-usdfc,true
35378,2026-04-11 18:05:03+00,fil-usdfc,true
35380,2026-04-11 18:05:04+00,polygon-usdc-usdfc,true
35381,2026-04-11 18:10:02+00,eth-usdfc,true
35382,2026-04-11 18:10:05+00,fil-usdfc,true
35383,2026-04-11 18:10:07+00,base-usdc-usdfc,true
35384,2026-04-11 18:10:08+00,polygon-usdc-usdfc,true
35385,2026-04-11 18:15:01+00,eth-usdfc,true
35387,2026-04-11 18:15:03+00,base-usdc-usdfc,true
35386,2026-04-11 18:15:03+00,fil-usdfc,true
35388,2026-04-11 18:15:04+00,polygon-usdc-usdfc,true
35389,2026-04-11 18:20:02+00,eth-usdfc,true
35390,2026-04-11 18:20:03+00,fil-usdfc,true
35391,2026-04-11 18:20:05+00,base-usdc-usdfc,true
35392,2026-04-11 18:20:06+00,polygon-usdc-usdfc,true
35393,2026-04-11 18:25:02+00,eth-usdfc,true
35394,2026-04-11 18:25:03+00,fil-usdfc,true
35396,2026-04-11 18:25:05+00,polygon-usdc-usdfc,true
35395,2026-04-11 18:25:05+00,base-usdc-usdfc,true
35397,2026-04-11 18:30:02+00,eth-usdfc,true
35398,2026-04-11 18:30:03+00,fil-usdfc,true
35400,2026-04-11 18:30:04+00,polygon-usdc-usdfc,true
35399,2026-04-11 18:30:04+00,base-usdc-usdfc,true
35401,2026-04-11 18:35:02+00,eth-usdfc,true
35402,2026-04-11 18:35:03+00,fil-usdfc,true
35403,2026-04-11 18:35:04+00,base-usdc-usdfc,true
35404,2026-04-11 18:35:05+00,polygon-usdc-usdfc,true
35405,2026-04-11 18:40:02+00,eth-usdfc,true
35406,2026-04-11 18:40:03+00,fil-usdfc,true
35408,2026-04-11 18:40:04+00,polygon-usdc-usdfc,true
35407,2026-04-11 18:40:04+00,base-usdc-usdfc,true
35409,2026-04-11 18:45:02+00,eth-usdfc,true
35410,2026-04-11 18:45:03+00,fil-usdfc,true
35411,2026-04-11 18:45:04+00,base-usdc-usdfc,true
35412,2026-04-11 18:45:05+00,polygon-usdc-usdfc,true
35413,2026-04-11 18:50:01+00,eth-usdfc,true
35414,2026-04-11 18:50:02+00,fil-usdfc,true
35415,2026-04-11 18:50:03+00,base-usdc-usdfc,true
35416,2026-04-11 18:50:04+00,polygon-usdc-usdfc,true
35417,2026-04-11 18:55:02+00,eth-usdfc,true
35419,2026-04-11 18:55:03+00,base-usdc-usdfc,true
35418,2026-04-11 18:55:03+00,fil-usdfc,true
35420,2026-04-11 18:55:04+00,polygon-usdc-usdfc,true
35421,2026-04-11 19:00:02+00,eth-usdfc,true
35422,2026-04-11 19:00:03+00,fil-usdfc,true
35423,2026-04-11 19:00:04+00,base-usdc-usdfc,true
35424,2026-04-11 19:00:05+00,polygon-usdc-usdfc,true
35426,2026-04-11 19:05:02+00,fil-usdfc,true
35425,2026-04-11 19:05:02+00,eth-usdfc,true
35427,2026-04-11 19:05:03+00,base-usdc-usdfc,true
35428,2026-04-11 19:05:04+00,polygon-usdc-usdfc,true
35429,2026-04-11 19:10:02+00,eth-usdfc,true
35430,2026-04-11 19:10:03+00,fil-usdfc,true
35431,2026-04-11 19:10:04+00,base-usdc-usdfc,true
35432,2026-04-11 19:10:05+00,polygon-usdc-usdfc,true
35433,2026-04-11 19:15:02+00,eth-usdfc,true
35434,2026-04-11 19:15:03+00,fil-usdfc,true
35435,2026-04-11 19:15:09+00,base-usdc-usdfc,true
35436,2026-04-11 19:15:10+00,polygon-usdc-usdfc,true
35438,2026-04-11 19:20:02+00,fil-usdfc,true
35437,2026-04-11 19:20:02+00,eth-usdfc,true
35440,2026-04-11 19:20:04+00,polygon-usdc-usdfc,true
35439,2026-04-11 19:20:04+00,base-usdc-usdfc,true
35442,2026-04-11 19:25:02+00,fil-usdfc,true
35441,2026-04-11 19:25:02+00,eth-usdfc,true
35443,2026-04-11 19:25:03+00,base-usdc-usdfc,true
35444,2026-04-11 19:25:04+00,polygon-usdc-usdfc,true
35445,2026-04-11 19:30:01+00,eth-usdfc,true
35446,2026-04-11 19:30:02+00,fil-usdfc,true
35448,2026-04-11 19:30:04+00,polygon-usdc-usdfc,true
35447,2026-04-11 19:30:04+00,base-usdc-usdfc,true
35449,2026-04-11 19:35:02+00,eth-usdfc,true
35450,2026-04-11 19:35:07+00,fil-usdfc,true
35451,2026-04-11 19:35:08+00,base-usdc-usdfc,true
35452,2026-04-11 19:35:09+00,polygon-usdc-usdfc,true
35453,2026-04-11 19:40:01+00,eth-usdfc,true
35454,2026-04-11 19:40:02+00,fil-usdfc,true
35456,2026-04-11 19:40:04+00,polygon-usdc-usdfc,true
35455,2026-04-11 19:40:04+00,base-usdc-usdfc,true
35457,2026-04-11 19:45:02+00,eth-usdfc,true
35458,2026-04-11 19:45:04+00,fil-usdfc,true
35459,2026-04-11 19:45:05+00,base-usdc-usdfc,true
35460,2026-04-11 19:45:09+00,polygon-usdc-usdfc,true
35461,2026-04-11 19:50:02+00,eth-usdfc,true
35462,2026-04-11 19:50:05+00,fil-usdfc,true
35464,2026-04-11 19:50:07+00,polygon-usdc-usdfc,true
35463,2026-04-11 19:50:07+00,base-usdc-usdfc,true
35465,2026-04-11 19:55:02+00,eth-usdfc,true
35466,2026-04-11 19:55:03+00,fil-usdfc,true
35467,2026-04-11 19:55:04+00,base-usdc-usdfc,true
35468,2026-04-11 19:55:05+00,polygon-usdc-usdfc,true
35469,2026-04-11 20:00:02+00,eth-usdfc,true
35471,2026-04-11 20:00:03+00,base-usdc-usdfc,true
35470,2026-04-11 20:00:03+00,fil-usdfc,true
35472,2026-04-11 20:00:04+00,polygon-usdc-usdfc,true
35473,2026-04-11 20:05:02+00,eth-usdfc,true
35474,2026-04-11 20:05:03+00,fil-usdfc,true
35476,2026-04-11 20:05:04+00,polygon-usdc-usdfc,true
35475,2026-04-11 20:05:04+00,base-usdc-usdfc,true
35477,2026-04-11 20:10:02+00,eth-usdfc,true
35478,2026-04-11 20:10:03+00,fil-usdfc,true
35479,2026-04-11 20:10:04+00,base-usdc-usdfc,true
35480,2026-04-11 20:10:05+00,polygon-usdc-usdfc,true
35481,2026-04-11 20:15:01+00,eth-usdfc,true
35482,2026-04-11 20:15:02+00,fil-usdfc,true
35483,2026-04-11 20:15:03+00,base-usdc-usdfc,true
35484,2026-04-11 20:15:04+00,polygon-usdc-usdfc,true
35485,2026-04-11 20:20:02+00,eth-usdfc,true
35486,2026-04-11 20:20:03+00,fil-usdfc,true
35487,2026-04-11 20:20:04+00,base-usdc-usdfc,true
35488,2026-04-11 20:20:05+00,polygon-usdc-usdfc,true
35489,2026-04-11 20:25:01+00,eth-usdfc,true
35490,2026-04-11 20:25:02+00,fil-usdfc,true
35491,2026-04-11 20:25:03+00,base-usdc-usdfc,true
35492,2026-04-11 20:25:04+00,polygon-usdc-usdfc,true
35494,2026-04-11 20:30:02+00,fil-usdfc,true
35493,2026-04-11 20:30:02+00,eth-usdfc,true
35495,2026-04-11 20:30:03+00,base-usdc-usdfc,true
35496,2026-04-11 20:30:04+00,polygon-usdc-usdfc,true
35499,2026-04-11 20:35:02+00,base-usdc-usdfc,false
35498,2026-04-11 20:35:02+00,fil-usdfc,false
35497,2026-04-11 20:35:02+00,eth-usdfc,false
35500,2026-04-11 20:35:03+00,polygon-usdc-usdfc,false
35504,2026-04-11 20:40:02+00,polygon-usdc-usdfc,false
35503,2026-04-11 20:40:02+00,base-usdc-usdfc,false
35502,2026-04-11 20:40:02+00,fil-usdfc,false
35501,2026-04-11 20:40:02+00,eth-usdfc,false
35507,2026-04-11 20:45:02+00,base-usdc-usdfc,false
35506,2026-04-11 20:45:02+00,fil-usdfc,false
35505,2026-04-11 20:45:02+00,eth-usdfc,false
35508,2026-04-11 20:45:03+00,polygon-usdc-usdfc,false
35511,2026-04-11 20:50:02+00,base-usdc-usdfc,false
35510,2026-04-11 20:50:02+00,fil-usdfc,false
35509,2026-04-11 20:50:02+00,eth-usdfc,false
35512,2026-04-11 20:50:03+00,polygon-usdc-usdfc,false
35515,2026-04-11 20:55:02+00,base-usdc-usdfc,false
35514,2026-04-11 20:55:02+00,fil-usdfc,false
35513,2026-04-11 20:55:02+00,eth-usdfc,false
35516,2026-04-11 20:55:03+00,polygon-usdc-usdfc,false
35517,2026-04-11 21:00:01+00,eth-usdfc,false
35520,2026-04-11 21:00:02+00,polygon-usdc-usdfc,false
35519,2026-04-11 21:00:02+00,base-usdc-usdfc,false
35518,2026-04-11 21:00:02+00,fil-usdfc,false
35521,2026-04-11 21:05:01+00,eth-usdfc,false
35524,2026-04-11 21:05:02+00,polygon-usdc-usdfc,false
35523,2026-04-11 21:05:02+00,base-usdc-usdfc,false
35522,2026-04-11 21:05:02+00,fil-usdfc,false
35528,2026-04-11 21:10:02+00,polygon-usdc-usdfc,false
35527,2026-04-11 21:10:02+00,base-usdc-usdfc,false
35526,2026-04-11 21:10:02+00,fil-usdfc,false
35525,2026-04-11 21:10:02+00,eth-usdfc,false
35531,2026-04-11 21:15:02+00,base-usdc-usdfc,false
35530,2026-04-11 21:15:02+00,fil-usdfc,false
35529,2026-04-11 21:15:02+00,eth-usdfc,false
35532,2026-04-11 21:15:04+00,polygon-usdc-usdfc,false
35536,2026-04-11 21:20:02+00,polygon-usdc-usdfc,false
35535,2026-04-11 21:20:02+00,base-usdc-usdfc,false
35534,2026-04-11 21:20:02+00,fil-usdfc,false
35533,2026-04-11 21:20:02+00,eth-usdfc,false
35538,2026-04-11 21:25:02+00,fil-usdfc,false
35537,2026-04-11 21:25:02+00,eth-usdfc,false
35540,2026-04-11 21:25:03+00,polygon-usdc-usdfc,false
35539,2026-04-11 21:25:03+00,base-usdc-usdfc,false
35543,2026-04-11 21:30:02+00,base-usdc-usdfc,false
35542,2026-04-11 21:30:02+00,fil-usdfc,false
35541,2026-04-11 21:30:02+00,eth-usdfc,false
35544,2026-04-11 21:30:03+00,polygon-usdc-usdfc,false
35546,2026-04-11 21:35:02+00,fil-usdfc,false
35545,2026-04-11 21:35:02+00,eth-usdfc,false
35548,2026-04-11 21:35:03+00,polygon-usdc-usdfc,false
35547,2026-04-11 21:35:03+00,base-usdc-usdfc,false
35550,2026-04-11 21:40:02+00,fil-usdfc,false
35549,2026-04-11 21:40:02+00,eth-usdfc,false
35552,2026-04-11 21:40:03+00,polygon-usdc-usdfc,false
35551,2026-04-11 21:40:03+00,base-usdc-usdfc,false
35553,2026-04-11 21:45:01+00,eth-usdfc,false
35556,2026-04-11 21:45:02+00,polygon-usdc-usdfc,false
35555,2026-04-11 21:45:02+00,base-usdc-usdfc,false
35554,2026-04-11 21:45:02+00,fil-usdfc,false
35559,2026-04-11 21:50:02+00,base-usdc-usdfc,false
35558,2026-04-11 21:50:02+00,fil-usdfc,false
35557,2026-04-11 21:50:02+00,eth-usdfc,false
35560,2026-04-11 21:50:03+00,polygon-usdc-usdfc,false
35562,2026-04-11 21:55:02+00,fil-usdfc,false
35561,2026-04-11 21:55:02+00,eth-usdfc,false
35564,2026-04-11 21:55:03+00,polygon-usdc-usdfc,false
35563,2026-04-11 21:55:03+00,base-usdc-usdfc,false
35567,2026-04-11 22:00:02+00,base-usdc-usdfc,false
35566,2026-04-11 22:00:02+00,fil-usdfc,false
35565,2026-04-11 22:00:02+00,eth-usdfc,false
35568,2026-04-11 22:00:03+00,polygon-usdc-usdfc,false
35571,2026-04-11 22:05:02+00,base-usdc-usdfc,false
35570,2026-04-11 22:05:02+00,fil-usdfc,false
35569,2026-04-11 22:05:02+00,eth-usdfc,false
35572,2026-04-11 22:05:03+00,polygon-usdc-usdfc,false
35573,2026-04-11 22:10:01+00,eth-usdfc,false
35575,2026-04-11 22:10:02+00,base-usdc-usdfc,false
35574,2026-04-11 22:10:02+00,fil-usdfc,false
35576,2026-04-11 22:10:03+00,polygon-usdc-usdfc,false
35578,2026-04-11 22:15:02+00,fil-usdfc,false
35577,2026-04-11 22:15:02+00,eth-usdfc,false
35580,2026-04-11 22:15:03+00,polygon-usdc-usdfc,false
35579,2026-04-11 22:15:03+00,base-usdc-usdfc,false
35581,2026-04-11 22:20:02+00,eth-usdfc,false
35584,2026-04-11 22:20:04+00,polygon-usdc-usdfc,false
35583,2026-04-11 22:20:04+00,base-usdc-usdfc,false
35582,2026-04-11 22:20:04+00,fil-usdfc,false
35586,2026-04-11 22:25:02+00,fil-usdfc,false
35585,2026-04-11 22:25:02+00,eth-usdfc,false
35588,2026-04-11 22:25:03+00,polygon-usdc-usdfc,false
35587,2026-04-11 22:25:03+00,base-usdc-usdfc,false
35590,2026-04-11 22:30:02+00,fil-usdfc,false
35589,2026-04-11 22:30:02+00,eth-usdfc,false
35592,2026-04-11 22:30:03+00,polygon-usdc-usdfc,false
35591,2026-04-11 22:30:03+00,base-usdc-usdfc,false
35596,2026-04-11 22:35:02+00,polygon-usdc-usdfc,false
35595,2026-04-11 22:35:02+00,base-usdc-usdfc,false
35594,2026-04-11 22:35:02+00,fil-usdfc,false
35593,2026-04-11 22:35:02+00,eth-usdfc,false
35598,2026-04-11 22:40:02+00,fil-usdfc,false
35597,2026-04-11 22:40:02+00,eth-usdfc,false
35600,2026-04-11 22:40:03+00,polygon-usdc-usdfc,false
35599,2026-04-11 22:40:03+00,base-usdc-usdfc,false
35601,2026-04-11 22:45:01+00,eth-usdfc,false
35604,2026-04-11 22:45:02+00,polygon-usdc-usdfc,false
35603,2026-04-11 22:45:02+00,base-usdc-usdfc,false
35602,2026-04-11 22:45:02+00,fil-usdfc,false
35608,2026-04-11 22:50:02+00,polygon-usdc-usdfc,false
35607,2026-04-11 22:50:02+00,base-usdc-usdfc,false
35606,2026-04-11 22:50:02+00,fil-usdfc,false
35605,2026-04-11 22:50:02+00,eth-usdfc,false
35611,2026-04-11 22:55:02+00,base-usdc-usdfc,false
35610,2026-04-11 22:55:02+00,fil-usdfc,false
35609,2026-04-11 22:55:02+00,eth-usdfc,false
35612,2026-04-11 22:55:03+00,polygon-usdc-usdfc,false
35615,2026-04-11 23:00:02+00,base-usdc-usdfc,false
35614,2026-04-11 23:00:02+00,fil-usdfc,false
35613,2026-04-11 23:00:02+00,eth-usdfc,false
35616,2026-04-11 23:00:03+00,polygon-usdc-usdfc,false
35619,2026-04-11 23:05:02+00,base-usdc-usdfc,false
35618,2026-04-11 23:05:02+00,fil-usdfc,false
35617,2026-04-11 23:05:02+00,eth-usdfc,false
35620,2026-04-11 23:05:03+00,polygon-usdc-usdfc,false
35622,2026-04-11 23:10:01+00,fil-usdfc,false
35621,2026-04-11 23:10:01+00,eth-usdfc,false
35624,2026-04-11 23:10:02+00,polygon-usdc-usdfc,false
35623,2026-04-11 23:10:02+00,base-usdc-usdfc,false
35627,2026-04-11 23:15:02+00,base-usdc-usdfc,false
35626,2026-04-11 23:15:02+00,fil-usdfc,false
35625,2026-04-11 23:15:02+00,eth-usdfc,false
35628,2026-04-11 23:15:03+00,polygon-usdc-usdfc,false
35629,2026-04-11 23:20:01+00,eth-usdfc,false
35632,2026-04-11 23:20:02+00,polygon-usdc-usdfc,false
35631,2026-04-11 23:20:02+00,base-usdc-usdfc,false
35630,2026-04-11 23:20:02+00,fil-usdfc,false
35635,2026-04-11 23:25:02+00,base-usdc-usdfc,false
35634,2026-04-11 23:25:02+00,fil-usdfc,false
35633,2026-04-11 23:25:02+00,eth-usdfc,false
35636,2026-04-11 23:25:03+00,polygon-usdc-usdfc,false
35637,2026-04-11 23:30:02+00,eth-usdfc,false
35640,2026-04-11 23:30:03+00,polygon-usdc-usdfc,false
35639,2026-04-11 23:30:03+00,base-usdc-usdfc,false
35638,2026-04-11 23:30:03+00,fil-usdfc,false
35644,2026-04-11 23:35:02+00,polygon-usdc-usdfc,false
35643,2026-04-11 23:35:02+00,base-usdc-usdfc,false
35642,2026-04-11 23:35:02+00,fil-usdfc,false
35641,2026-04-11 23:35:02+00,eth-usdfc,false
35645,2026-04-11 23:40:01+00,eth-usdfc,false
35648,2026-04-11 23:40:02+00,polygon-usdc-usdfc,false
35647,2026-04-11 23:40:02+00,base-usdc-usdfc,false
35646,2026-04-11 23:40:02+00,fil-usdfc,false
35651,2026-04-11 23:45:02+00,base-usdc-usdfc,false
35650,2026-04-11 23:45:02+00,fil-usdfc,false
35649,2026-04-11 23:45:02+00,eth-usdfc,false
35652,2026-04-11 23:45:03+00,polygon-usdc-usdfc,false
35653,2026-04-11 23:50:01+00,eth-usdfc,false
35656,2026-04-11 23:50:02+00,polygon-usdc-usdfc,false
35655,2026-04-11 23:50:02+00,base-usdc-usdfc,false
35654,2026-04-11 23:50:02+00,fil-usdfc,false
35659,2026-04-11 23:55:02+00,base-usdc-usdfc,false
35658,2026-04-11 23:55:02+00,fil-usdfc,false
35657,2026-04-11 23:55:02+00,eth-usdfc,false
35660,2026-04-11 23:55:03+00,polygon-usdc-usdfc,false
35661,2026-04-12 00:00:01+00,eth-usdfc,false
35664,2026-04-12 00:00:02+00,polygon-usdc-usdfc,false
35663,2026-04-12 00:00:02+00,base-usdc-usdfc,false
35662,2026-04-12 00:00:02+00,fil-usdfc,false
35668,2026-04-12 00:05:02+00,polygon-usdc-usdfc,false
35667,2026-04-12 00:05:02+00,base-usdc-usdfc,false
35666,2026-04-12 00:05:02+00,fil-usdfc,false
35665,2026-04-12 00:05:02+00,eth-usdfc,false
35671,2026-04-12 00:10:02+00,base-usdc-usdfc,false
35670,2026-04-12 00:10:02+00,fil-usdfc,false
35669,2026-04-12 00:10:02+00,eth-usdfc,false
35672,2026-04-12 00:10:03+00,polygon-usdc-usdfc,false
35675,2026-04-12 00:15:02+00,base-usdc-usdfc,false
35674,2026-04-12 00:15:02+00,fil-usdfc,false
35673,2026-04-12 00:15:02+00,eth-usdfc,false
35676,2026-04-12 00:15:03+00,polygon-usdc-usdfc,false
35679,2026-04-12 00:20:02+00,base-usdc-usdfc,false
35678,2026-04-12 00:20:02+00,fil-usdfc,false
35677,2026-04-12 00:20:02+00,eth-usdfc,false
35680,2026-04-12 00:20:03+00,polygon-usdc-usdfc,false
35681,2026-04-12 00:25:01+00,eth-usdfc,false
35684,2026-04-12 00:25:02+00,polygon-usdc-usdfc,false
35683,2026-04-12 00:25:02+00,base-usdc-usdfc,false
35682,2026-04-12 00:25:02+00,fil-usdfc,false
35687,2026-04-12 00:30:02+00,base-usdc-usdfc,false
35686,2026-04-12 00:30:02+00,fil-usdfc,false
35685,2026-04-12 00:30:02+00,eth-usdfc,false
35688,2026-04-12 00:30:03+00,polygon-usdc-usdfc,false
35691,2026-04-12 00:35:02+00,base-usdc-usdfc,false
35690,2026-04-12 00:35:02+00,fil-usdfc,false
35689,2026-04-12 00:35:02+00,eth-usdfc,false
35692,2026-04-12 00:35:03+00,polygon-usdc-usdfc,false
35694,2026-04-12 00:40:01+00,fil-usdfc,false
35693,2026-04-12 00:40:01+00,eth-usdfc,false
35696,2026-04-12 00:40:02+00,polygon-usdc-usdfc,false
35695,2026-04-12 00:40:02+00,base-usdc-usdfc,false
35698,2026-04-12 00:45:02+00,fil-usdfc,false
35697,2026-04-12 00:45:02+00,eth-usdfc,false
35700,2026-04-12 00:45:03+00,polygon-usdc-usdfc,false
35699,2026-04-12 00:45:03+00,base-usdc-usdfc,false
35702,2026-04-12 00:50:02+00,fil-usdfc,false
35701,2026-04-12 00:50:02+00,eth-usdfc,false
35704,2026-04-12 00:50:03+00,polygon-usdc-usdfc,false
35703,2026-04-12 00:50:03+00,base-usdc-usdfc,false
35705,2026-04-12 00:55:02+00,eth-usdfc,false
35708,2026-04-12 00:55:03+00,polygon-usdc-usdfc,false
35707,2026-04-12 00:55:03+00,base-usdc-usdfc,false
35706,2026-04-12 00:55:03+00,fil-usdfc,false
35709,2026-04-12 01:00:01+00,eth-usdfc,false
35712,2026-04-12 01:00:02+00,polygon-usdc-usdfc,false
35711,2026-04-12 01:00:02+00,base-usdc-usdfc,false
35710,2026-04-12 01:00:02+00,fil-usdfc,false
35715,2026-04-12 01:05:02+00,base-usdc-usdfc,false
35714,2026-04-12 01:05:02+00,fil-usdfc,false
35713,2026-04-12 01:05:02+00,eth-usdfc,false
35716,2026-04-12 01:05:03+00,polygon-usdc-usdfc,false
35717,2026-04-12 01:10:02+00,eth-usdfc,false
35720,2026-04-12 01:10:03+00,polygon-usdc-usdfc,false
35719,2026-04-12 01:10:03+00,base-usdc-usdfc,false
35718,2026-04-12 01:10:03+00,fil-usdfc,false
35721,2026-04-12 01:15:01+00,eth-usdfc,false
35724,2026-04-12 01:15:02+00,polygon-usdc-usdfc,false
35723,2026-04-12 01:15:02+00,base-usdc-usdfc,false
35722,2026-04-12 01:15:02+00,fil-usdfc,false
35725,2026-04-12 01:20:01+00,eth-usdfc,false
35727,2026-04-12 01:20:02+00,base-usdc-usdfc,false
35726,2026-04-12 01:20:02+00,fil-usdfc,false
35728,2026-04-12 01:20:03+00,polygon-usdc-usdfc,false
35729,2026-04-12 01:25:01+00,eth-usdfc,false
35731,2026-04-12 01:25:02+00,base-usdc-usdfc,false
35730,2026-04-12 01:25:02+00,fil-usdfc,false
35732,2026-04-12 01:25:03+00,polygon-usdc-usdfc,false
35734,2026-04-12 01:30:02+00,fil-usdfc,false
35733,2026-04-12 01:30:02+00,eth-usdfc,false
35735,2026-04-12 01:30:03+00,base-usdc-usdfc,false
35736,2026-04-12 01:30:05+00,polygon-usdc-usdfc,false
35738,2026-04-12 01:35:02+00,fil-usdfc,false
35737,2026-04-12 01:35:02+00,eth-usdfc,false
35740,2026-04-12 01:35:03+00,polygon-usdc-usdfc,false
35739,2026-04-12 01:35:03+00,base-usdc-usdfc,false
35741,2026-04-12 01:40:01+00,eth-usdfc,false
35744,2026-04-12 01:40:02+00,polygon-usdc-usdfc,false
35743,2026-04-12 01:40:02+00,base-usdc-usdfc,false
35742,2026-04-12 01:40:02+00,fil-usdfc,false
35746,2026-04-12 01:45:02+00,fil-usdfc,false
35745,2026-04-12 01:45:02+00,eth-usdfc,false
35748,2026-04-12 01:45:03+00,polygon-usdc-usdfc,false
35747,2026-04-12 01:45:03+00,base-usdc-usdfc,false
35750,2026-04-12 01:50:02+00,fil-usdfc,false
35749,2026-04-12 01:50:02+00,eth-usdfc,false
35752,2026-04-12 01:50:03+00,polygon-usdc-usdfc,false
35751,2026-04-12 01:50:03+00,base-usdc-usdfc,false
35754,2026-04-12 01:55:02+00,fil-usdfc,false
35753,2026-04-12 01:55:02+00,eth-usdfc,false
35756,2026-04-12 01:55:03+00,polygon-usdc-usdfc,false
35755,2026-04-12 01:55:03+00,base-usdc-usdfc,false
35758,2026-04-12 02:00:02+00,fil-usdfc,false
35757,2026-04-12 02:00:02+00,eth-usdfc,false
35760,2026-04-12 02:00:03+00,polygon-usdc-usdfc,false
35759,2026-04-12 02:00:03+00,base-usdc-usdfc,false
35763,2026-04-12 02:05:02+00,base-usdc-usdfc,false
35762,2026-04-12 02:05:02+00,fil-usdfc,false
35761,2026-04-12 02:05:02+00,eth-usdfc,false
35764,2026-04-12 02:05:03+00,polygon-usdc-usdfc,false
35765,2026-04-12 02:10:02+00,eth-usdfc,false
35768,2026-04-12 02:10:03+00,polygon-usdc-usdfc,false
35767,2026-04-12 02:10:03+00,base-usdc-usdfc,false
35766,2026-04-12 02:10:03+00,fil-usdfc,false
35769,2026-04-12 02:15:01+00,eth-usdfc,false
35772,2026-04-12 02:15:02+00,polygon-usdc-usdfc,false
35771,2026-04-12 02:15:02+00,base-usdc-usdfc,false
35770,2026-04-12 02:15:02+00,fil-usdfc,false
35774,2026-04-12 02:20:02+00,fil-usdfc,false
35773,2026-04-12 02:20:02+00,eth-usdfc,false
35776,2026-04-12 02:20:03+00,polygon-usdc-usdfc,false
35775,2026-04-12 02:20:03+00,base-usdc-usdfc,false
35777,2026-04-12 02:25:01+00,eth-usdfc,true
35778,2026-04-12 02:25:07+00,fil-usdfc,true
35779,2026-04-12 02:25:08+00,base-usdc-usdfc,true
35780,2026-04-12 02:25:10+00,polygon-usdc-usdfc,true
35781,2026-04-12 02:30:02+00,eth-usdfc,true
35782,2026-04-12 02:30:03+00,fil-usdfc,true
35784,2026-04-12 02:30:04+00,polygon-usdc-usdfc,true
35783,2026-04-12 02:30:04+00,base-usdc-usdfc,true
35786,2026-04-12 02:35:02+00,fil-usdfc,true
35785,2026-04-12 02:35:02+00,eth-usdfc,true
35787,2026-04-12 02:35:03+00,base-usdc-usdfc,true
35788,2026-04-12 02:35:04+00,polygon-usdc-usdfc,true
35789,2026-04-12 02:40:02+00,eth-usdfc,true
35790,2026-04-12 02:40:03+00,fil-usdfc,true
35792,2026-04-12 02:40:04+00,polygon-usdc-usdfc,true
35791,2026-04-12 02:40:04+00,base-usdc-usdfc,true
35793,2026-04-12 02:45:01+00,eth-usdfc,true
35794,2026-04-12 02:45:02+00,fil-usdfc,true
35795,2026-04-12 02:45:03+00,base-usdc-usdfc,true
35796,2026-04-12 02:45:04+00,polygon-usdc-usdfc,true
35797,2026-04-12 02:50:02+00,eth-usdfc,true
35799,2026-04-12 02:50:03+00,base-usdc-usdfc,true
35798,2026-04-12 02:50:03+00,fil-usdfc,true
35800,2026-04-12 02:50:04+00,polygon-usdc-usdfc,true
35801,2026-04-12 02:55:02+00,eth-usdfc,true
35802,2026-04-12 02:55:03+00,fil-usdfc,true
35803,2026-04-12 02:55:04+00,base-usdc-usdfc,true
35804,2026-04-12 02:55:05+00,polygon-usdc-usdfc,true
35806,2026-04-12 03:00:02+00,fil-usdfc,true
35805,2026-04-12 03:00:02+00,eth-usdfc,true
35807,2026-04-12 03:00:03+00,base-usdc-usdfc,true
35808,2026-04-12 03:00:04+00,polygon-usdc-usdfc,true
35809,2026-04-12 03:05:02+00,eth-usdfc,true
35810,2026-04-12 03:05:03+00,fil-usdfc,true
35811,2026-04-12 03:05:04+00,base-usdc-usdfc,true
35812,2026-04-12 03:05:05+00,polygon-usdc-usdfc,true
35814,2026-04-12 03:10:02+00,fil-usdfc,true
35813,2026-04-12 03:10:02+00,eth-usdfc,true
35815,2026-04-12 03:10:03+00,base-usdc-usdfc,true
35816,2026-04-12 03:10:04+00,polygon-usdc-usdfc,true
35817,2026-04-12 03:15:02+00,eth-usdfc,true
35818,2026-04-12 03:15:03+00,fil-usdfc,true
35820,2026-04-12 03:15:04+00,polygon-usdc-usdfc,true
35819,2026-04-12 03:15:04+00,base-usdc-usdfc,true
35821,2026-04-12 03:20:02+00,eth-usdfc,true
35822,2026-04-12 03:20:03+00,fil-usdfc,true
35824,2026-04-12 03:20:04+00,polygon-usdc-usdfc,true
35823,2026-04-12 03:20:04+00,base-usdc-usdfc,true
35825,2026-04-12 03:25:02+00,eth-usdfc,true
35826,2026-04-12 03:25:03+00,fil-usdfc,true
35827,2026-04-12 03:25:04+00,base-usdc-usdfc,true
35828,2026-04-12 03:25:05+00,polygon-usdc-usdfc,true
35829,2026-04-12 03:30:02+00,eth-usdfc,true
35830,2026-04-12 03:30:03+00,fil-usdfc,true
35832,2026-04-12 03:30:04+00,polygon-usdc-usdfc,true
35831,2026-04-12 03:30:04+00,base-usdc-usdfc,true
35833,2026-04-12 03:35:02+00,eth-usdfc,true
35835,2026-04-12 03:35:03+00,base-usdc-usdfc,true
35834,2026-04-12 03:35:03+00,fil-usdfc,true
35836,2026-04-12 03:35:04+00,polygon-usdc-usdfc,true
35837,2026-04-12 03:40:02+00,eth-usdfc,true
35838,2026-04-12 03:40:03+00,fil-usdfc,true
35839,2026-04-12 03:40:04+00,base-usdc-usdfc,true
35840,2026-04-12 03:40:05+00,polygon-usdc-usdfc,true
35841,2026-04-12 03:45:02+00,eth-usdfc,true
35842,2026-04-12 03:45:03+00,fil-usdfc,true
35843,2026-04-12 03:45:04+00,base-usdc-usdfc,true
35844,2026-04-12 03:45:05+00,polygon-usdc-usdfc,true
35845,2026-04-12 03:50:02+00,eth-usdfc,true
35846,2026-04-12 03:50:03+00,fil-usdfc,true
35847,2026-04-12 03:50:04+00,base-usdc-usdfc,true
35848,2026-04-12 03:50:05+00,polygon-usdc-usdfc,true
35849,2026-04-12 03:55:01+00,eth-usdfc,true
35850,2026-04-12 03:55:02+00,fil-usdfc,true
35851,2026-04-12 03:55:03+00,base-usdc-usdfc,true
35852,2026-04-12 03:55:04+00,polygon-usdc-usdfc,true
35853,2026-04-12 04:00:02+00,eth-usdfc,true
35854,2026-04-12 04:00:03+00,fil-usdfc,true
35856,2026-04-12 04:00:04+00,polygon-usdc-usdfc,true
35855,2026-04-12 04:00:04+00,base-usdc-usdfc,true
35857,2026-04-12 04:05:02+00,eth-usdfc,true
35858,2026-04-12 04:05:03+00,fil-usdfc,true
35860,2026-04-12 04:05:04+00,polygon-usdc-usdfc,true
35859,2026-04-12 04:05:04+00,base-usdc-usdfc,true
35861,2026-04-12 04:10:02+00,eth-usdfc,true
35863,2026-04-12 04:10:03+00,base-usdc-usdfc,true
35862,2026-04-12 04:10:03+00,fil-usdfc,true
35864,2026-04-12 04:10:04+00,polygon-usdc-usdfc,true
35865,2026-04-12 04:15:02+00,eth-usdfc,true
35866,2026-04-12 04:15:03+00,fil-usdfc,true
35868,2026-04-12 04:15:04+00,polygon-usdc-usdfc,true
35867,2026-04-12 04:15:04+00,base-usdc-usdfc,true
35869,2026-04-12 04:20:02+00,eth-usdfc,true
35870,2026-04-12 04:20:03+00,fil-usdfc,true
35872,2026-04-12 04:20:04+00,polygon-usdc-usdfc,true
35871,2026-04-12 04:20:04+00,base-usdc-usdfc,true
35873,2026-04-12 04:25:01+00,eth-usdfc,true
35874,2026-04-12 04:25:22+00,fil-usdfc,true
35875,2026-04-12 04:25:23+00,base-usdc-usdfc,true
35876,2026-04-12 04:25:24+00,polygon-usdc-usdfc,true
35877,2026-04-12 04:30:02+00,eth-usdfc,true
35878,2026-04-12 04:30:03+00,fil-usdfc,true
35879,2026-04-12 04:30:09+00,base-usdc-usdfc,true
35880,2026-04-12 04:30:10+00,polygon-usdc-usdfc,true
35881,2026-04-12 04:35:02+00,eth-usdfc,true
35882,2026-04-12 04:35:03+00,fil-usdfc,true
35883,2026-04-12 04:35:05+00,base-usdc-usdfc,true
35884,2026-04-12 04:35:06+00,polygon-usdc-usdfc,true
35885,2026-04-12 04:40:02+00,eth-usdfc,true
35886,2026-04-12 04:40:03+00,fil-usdfc,true
35887,2026-04-12 04:40:04+00,base-usdc-usdfc,true
35888,2026-04-12 04:40:05+00,polygon-usdc-usdfc,true
35889,2026-04-12 04:45:02+00,eth-usdfc,true
35890,2026-04-12 04:45:04+00,fil-usdfc,true
35891,2026-04-12 04:45:06+00,base-usdc-usdfc,true
35892,2026-04-12 04:45:07+00,polygon-usdc-usdfc,true
35893,2026-04-12 04:50:01+00,eth-usdfc,true
35895,2026-04-12 04:50:03+00,base-usdc-usdfc,true
35894,2026-04-12 04:50:03+00,fil-usdfc,true
35896,2026-04-12 04:50:04+00,polygon-usdc-usdfc,true
35897,2026-04-12 04:55:02+00,eth-usdfc,true
35898,2026-04-12 04:55:03+00,fil-usdfc,true
35900,2026-04-12 04:55:04+00,polygon-usdc-usdfc,true
35899,2026-04-12 04:55:04+00,base-usdc-usdfc,true
35901,2026-04-12 05:00:01+00,eth-usdfc,true
35902,2026-04-12 05:00:02+00,fil-usdfc,true
35903,2026-04-12 05:00:03+00,base-usdc-usdfc,true
35904,2026-04-12 05:00:04+00,polygon-usdc-usdfc,true
35905,2026-04-12 05:05:01+00,eth-usdfc,true
35906,2026-04-12 05:05:02+00,fil-usdfc,true
35907,2026-04-12 05:05:03+00,base-usdc-usdfc,true
35908,2026-04-12 05:05:08+00,polygon-usdc-usdfc,true
35909,2026-04-12 05:10:02+00,eth-usdfc,true
35910,2026-04-12 05:10:03+00,fil-usdfc,true
35911,2026-04-12 05:10:04+00,base-usdc-usdfc,true
35912,2026-04-12 05:10:05+00,polygon-usdc-usdfc,true
35913,2026-04-12 05:15:02+00,eth-usdfc,true
35914,2026-04-12 05:15:03+00,fil-usdfc,true
35915,2026-04-12 05:15:04+00,base-usdc-usdfc,true
35916,2026-04-12 05:15:05+00,polygon-usdc-usdfc,true
35917,2026-04-12 05:20:02+00,eth-usdfc,true
35918,2026-04-12 05:20:04+00,fil-usdfc,true
35919,2026-04-12 05:20:05+00,base-usdc-usdfc,true
35920,2026-04-12 05:20:06+00,polygon-usdc-usdfc,true
35921,2026-04-12 05:25:02+00,eth-usdfc,true
35922,2026-04-12 05:25:03+00,fil-usdfc,true
35923,2026-04-12 05:25:04+00,base-usdc-usdfc,true
35924,2026-04-12 05:25:05+00,polygon-usdc-usdfc,true
35925,2026-04-12 05:30:01+00,eth-usdfc,true
35926,2026-04-12 05:30:05+00,fil-usdfc,true
35927,2026-04-12 05:30:06+00,base-usdc-usdfc,true
35928,2026-04-12 05:30:09+00,polygon-usdc-usdfc,true
35929,2026-04-12 05:35:01+00,eth-usdfc,true
35930,2026-04-12 05:35:04+00,fil-usdfc,true
35931,2026-04-12 05:35:06+00,base-usdc-usdfc,true
35932,2026-04-12 05:35:08+00,polygon-usdc-usdfc,true
35933,2026-04-12 05:40:02+00,eth-usdfc,true
35934,2026-04-12 05:40:03+00,fil-usdfc,true
35935,2026-04-12 05:40:05+00,base-usdc-usdfc,true
35936,2026-04-12 05:40:10+00,polygon-usdc-usdfc,true
35937,2026-04-12 05:45:01+00,eth-usdfc,true
35938,2026-04-12 05:45:02+00,fil-usdfc,true
35940,2026-04-12 05:45:04+00,polygon-usdc-usdfc,true
35939,2026-04-12 05:45:04+00,base-usdc-usdfc,true
35941,2026-04-12 05:50:02+00,eth-usdfc,true
35942,2026-04-12 05:50:03+00,fil-usdfc,true
35943,2026-04-12 05:50:04+00,base-usdc-usdfc,true
35944,2026-04-12 05:50:05+00,polygon-usdc-usdfc,true
35945,2026-04-12 05:55:02+00,eth-usdfc,true
35946,2026-04-12 05:55:03+00,fil-usdfc,true
35947,2026-04-12 05:55:04+00,base-usdc-usdfc,true
35948,2026-04-12 05:55:06+00,polygon-usdc-usdfc,true
35949,2026-04-12 06:00:02+00,eth-usdfc,true
35950,2026-04-12 06:00:03+00,fil-usdfc,true
35951,2026-04-12 06:00:05+00,base-usdc-usdfc,true
35952,2026-04-12 06:00:08+00,polygon-usdc-usdfc,true
35954,2026-04-12 06:05:02+00,fil-usdfc,true
35953,2026-04-12 06:05:02+00,eth-usdfc,true
35956,2026-04-12 06:05:09+00,polygon-usdc-usdfc,true
35955,2026-04-12 06:05:09+00,base-usdc-usdfc,true
35957,2026-04-12 06:10:01+00,eth-usdfc,true
35958,2026-04-12 06:10:05+00,fil-usdfc,true
35959,2026-04-12 06:10:07+00,base-usdc-usdfc,true
35960,2026-04-12 06:10:08+00,polygon-usdc-usdfc,true
35961,2026-04-12 06:15:01+00,eth-usdfc,true
35962,2026-04-12 06:15:03+00,fil-usdfc,true
35964,2026-04-12 06:15:04+00,polygon-usdc-usdfc,true
35963,2026-04-12 06:15:04+00,base-usdc-usdfc,true
35965,2026-04-12 06:20:02+00,eth-usdfc,true
35966,2026-04-12 06:20:03+00,fil-usdfc,true
35967,2026-04-12 06:20:04+00,base-usdc-usdfc,true
35968,2026-04-12 06:20:05+00,polygon-usdc-usdfc,true
35970,2026-04-12 06:25:02+00,fil-usdfc,true
35969,2026-04-12 06:25:02+00,eth-usdfc,true
35972,2026-04-12 06:25:04+00,polygon-usdc-usdfc,true
35971,2026-04-12 06:25:04+00,base-usdc-usdfc,true
35973,2026-04-12 06:30:01+00,eth-usdfc,true
35974,2026-04-12 06:30:02+00,fil-usdfc,true
35975,2026-04-12 06:30:03+00,base-usdc-usdfc,true
35976,2026-04-12 06:30:04+00,polygon-usdc-usdfc,true
35977,2026-04-12 06:35:01+00,eth-usdfc,true
35978,2026-04-12 06:35:02+00,fil-usdfc,true
35979,2026-04-12 06:35:03+00,base-usdc-usdfc,true
35980,2026-04-12 06:35:04+00,polygon-usdc-usdfc,true
35981,2026-04-12 06:40:02+00,eth-usdfc,true
35982,2026-04-12 06:40:03+00,fil-usdfc,true
35984,2026-04-12 06:40:04+00,polygon-usdc-usdfc,true
35983,2026-04-12 06:40:04+00,base-usdc-usdfc,true
35985,2026-04-12 06:45:02+00,eth-usdfc,true
35986,2026-04-12 06:45:04+00,fil-usdfc,true
35987,2026-04-12 06:45:05+00,base-usdc-usdfc,true
35988,2026-04-12 06:45:06+00,polygon-usdc-usdfc,true
35989,2026-04-12 06:50:01+00,eth-usdfc,true
35990,2026-04-12 06:50:03+00,fil-usdfc,true
35991,2026-04-12 06:50:04+00,base-usdc-usdfc,true
35992,2026-04-12 06:50:05+00,polygon-usdc-usdfc,true
35993,2026-04-12 06:55:02+00,eth-usdfc,true
35995,2026-04-12 06:55:03+00,base-usdc-usdfc,true
35994,2026-04-12 06:55:03+00,fil-usdfc,true
35996,2026-04-12 06:55:04+00,polygon-usdc-usdfc,true
35997,2026-04-12 07:00:02+00,eth-usdfc,true
35998,2026-04-12 07:00:03+00,fil-usdfc,true
35999,2026-04-12 07:00:04+00,base-usdc-usdfc,true
36000,2026-04-12 07:00:05+00,polygon-usdc-usdfc,true
36001,2026-04-12 07:05:01+00,eth-usdfc,true
36002,2026-04-12 07:05:03+00,fil-usdfc,true
36004,2026-04-12 07:05:04+00,polygon-usdc-usdfc,true
36003,2026-04-12 07:05:04+00,base-usdc-usdfc,true
36005,2026-04-12 07:10:01+00,eth-usdfc,true
36006,2026-04-12 07:10:04+00,fil-usdfc,true
36007,2026-04-12 07:10:05+00,base-usdc-usdfc,true
36008,2026-04-12 07:10:06+00,polygon-usdc-usdfc,true
36009,2026-04-12 07:15:02+00,eth-usdfc,true
36011,2026-04-12 07:15:03+00,base-usdc-usdfc,true
36010,2026-04-12 07:15:03+00,fil-usdfc,true
36012,2026-04-12 07:15:04+00,polygon-usdc-usdfc,true
36013,2026-04-12 07:20:01+00,eth-usdfc,true
36014,2026-04-12 07:20:02+00,fil-usdfc,true
36015,2026-04-12 07:20:04+00,base-usdc-usdfc,true
36016,2026-04-12 07:20:05+00,polygon-usdc-usdfc,true
36017,2026-04-12 07:25:02+00,eth-usdfc,true
36018,2026-04-12 07:25:03+00,fil-usdfc,true
36020,2026-04-12 07:25:04+00,polygon-usdc-usdfc,true
36019,2026-04-12 07:25:04+00,base-usdc-usdfc,true
36021,2026-04-12 07:30:02+00,eth-usdfc,true
36022,2026-04-12 07:30:03+00,fil-usdfc,true
36023,2026-04-12 07:30:04+00,base-usdc-usdfc,true
36024,2026-04-12 07:30:05+00,polygon-usdc-usdfc,true
36025,2026-04-12 07:35:01+00,eth-usdfc,true
36026,2026-04-12 07:35:02+00,fil-usdfc,true
36027,2026-04-12 07:35:03+00,base-usdc-usdfc,true
36028,2026-04-12 07:35:04+00,polygon-usdc-usdfc,true
36029,2026-04-12 07:40:02+00,eth-usdfc,true
36030,2026-04-12 07:40:03+00,fil-usdfc,true
36031,2026-04-12 07:40:05+00,base-usdc-usdfc,true
36032,2026-04-12 07:40:06+00,polygon-usdc-usdfc,true
36033,2026-04-12 07:45:02+00,eth-usdfc,true
36034,2026-04-12 07:45:03+00,fil-usdfc,true
36035,2026-04-12 07:45:04+00,base-usdc-usdfc,true
36036,2026-04-12 07:45:05+00,polygon-usdc-usdfc,true
36037,2026-04-12 07:50:02+00,eth-usdfc,true
36038,2026-04-12 07:50:05+00,fil-usdfc,true
36039,2026-04-12 07:50:10+00,base-usdc-usdfc,true
36040,2026-04-12 07:50:11+00,polygon-usdc-usdfc,true
36041,2026-04-12 07:55:02+00,eth-usdfc,true
36042,2026-04-12 07:55:03+00,fil-usdfc,true
36043,2026-04-12 07:55:04+00,base-usdc-usdfc,true
36044,2026-04-12 07:55:05+00,polygon-usdc-usdfc,true
36046,2026-04-12 08:00:02+00,fil-usdfc,true
36045,2026-04-12 08:00:02+00,eth-usdfc,true
36047,2026-04-12 08:00:04+00,base-usdc-usdfc,true
36048,2026-04-12 08:00:05+00,polygon-usdc-usdfc,true
36049,2026-04-12 08:05:02+00,eth-usdfc,true
36051,2026-04-12 08:05:03+00,base-usdc-usdfc,true
36050,2026-04-12 08:05:03+00,fil-usdfc,true
36052,2026-04-12 08:05:04+00,polygon-usdc-usdfc,true
36053,2026-04-12 08:10:01+00,eth-usdfc,true
36054,2026-04-12 08:10:02+00,fil-usdfc,true
36055,2026-04-12 08:10:03+00,base-usdc-usdfc,true
36056,2026-04-12 08:10:04+00,polygon-usdc-usdfc,true
36057,2026-04-12 08:15:02+00,eth-usdfc,true
36058,2026-04-12 08:15:03+00,fil-usdfc,true
36059,2026-04-12 08:15:04+00,base-usdc-usdfc,true
36060,2026-04-12 08:15:05+00,polygon-usdc-usdfc,true
36061,2026-04-12 08:20:02+00,eth-usdfc,true
36062,2026-04-12 08:20:03+00,fil-usdfc,true
36063,2026-04-12 08:20:08+00,base-usdc-usdfc,true
36064,2026-04-12 08:20:09+00,polygon-usdc-usdfc,true
36065,2026-04-12 08:25:02+00,eth-usdfc,true
36066,2026-04-12 08:25:03+00,fil-usdfc,true
36067,2026-04-12 08:25:04+00,base-usdc-usdfc,true
36068,2026-04-12 08:25:05+00,polygon-usdc-usdfc,true
36069,2026-04-12 08:30:02+00,eth-usdfc,true
36070,2026-04-12 08:30:03+00,fil-usdfc,true
36072,2026-04-12 08:30:04+00,polygon-usdc-usdfc,true
36071,2026-04-12 08:30:04+00,base-usdc-usdfc,true
36073,2026-04-12 08:35:02+00,eth-usdfc,true
36074,2026-04-12 08:35:03+00,fil-usdfc,true
36075,2026-04-12 08:35:04+00,base-usdc-usdfc,true
36076,2026-04-12 08:35:05+00,polygon-usdc-usdfc,true
36077,2026-04-12 08:40:02+00,eth-usdfc,true
36078,2026-04-12 08:40:03+00,fil-usdfc,true
36079,2026-04-12 08:40:04+00,base-usdc-usdfc,true
36080,2026-04-12 08:40:05+00,polygon-usdc-usdfc,true
36082,2026-04-12 08:45:02+00,fil-usdfc,true
36081,2026-04-12 08:45:02+00,eth-usdfc,true
36084,2026-04-12 08:45:03+00,polygon-usdc-usdfc,true
36083,2026-04-12 08:45:03+00,base-usdc-usdfc,true
36085,2026-04-12 08:50:02+00,eth-usdfc,true
36087,2026-04-12 08:50:03+00,base-usdc-usdfc,true
36086,2026-04-12 08:50:03+00,fil-usdfc,true
36088,2026-04-12 08:50:04+00,polygon-usdc-usdfc,true
36089,2026-04-12 08:55:01+00,eth-usdfc,true
36090,2026-04-12 08:55:02+00,fil-usdfc,true
36091,2026-04-12 08:55:03+00,base-usdc-usdfc,true
36092,2026-04-12 08:55:04+00,polygon-usdc-usdfc,true
36094,2026-04-12 09:00:02+00,fil-usdfc,true
36093,2026-04-12 09:00:02+00,eth-usdfc,true
36095,2026-04-12 09:00:03+00,base-usdc-usdfc,true
36096,2026-04-12 09:00:04+00,polygon-usdc-usdfc,true
36097,2026-04-12 09:05:01+00,eth-usdfc,true
36098,2026-04-12 09:05:02+00,fil-usdfc,true
36099,2026-04-12 09:05:03+00,base-usdc-usdfc,true
36100,2026-04-12 09:05:04+00,polygon-usdc-usdfc,true
36101,2026-04-12 09:10:02+00,eth-usdfc,true
36102,2026-04-12 09:10:03+00,fil-usdfc,true
36103,2026-04-12 09:10:04+00,base-usdc-usdfc,true
36104,2026-04-12 09:10:05+00,polygon-usdc-usdfc,true
36105,2026-04-12 09:15:01+00,eth-usdfc,true
36106,2026-04-12 09:15:02+00,fil-usdfc,true
36107,2026-04-12 09:15:03+00,base-usdc-usdfc,true
36108,2026-04-12 09:15:04+00,polygon-usdc-usdfc,true
36109,2026-04-12 09:20:02+00,eth-usdfc,true
36110,2026-04-12 09:20:03+00,fil-usdfc,true
36111,2026-04-12 09:20:04+00,base-usdc-usdfc,true
36112,2026-04-12 09:20:05+00,polygon-usdc-usdfc,true
36113,2026-04-12 09:25:02+00,eth-usdfc,true
36115,2026-04-12 09:25:03+00,base-usdc-usdfc,true
36114,2026-04-12 09:25:03+00,fil-usdfc,true
36116,2026-04-12 09:25:04+00,polygon-usdc-usdfc,true
36118,2026-04-12 09:30:02+00,fil-usdfc,true
36117,2026-04-12 09:30:02+00,eth-usdfc,true
36119,2026-04-12 09:30:03+00,base-usdc-usdfc,true
36120,2026-04-12 09:30:04+00,polygon-usdc-usdfc,true
36121,2026-04-12 09:35:02+00,eth-usdfc,true
36122,2026-04-12 09:35:03+00,fil-usdfc,true
36124,2026-04-12 09:35:04+00,polygon-usdc-usdfc,true
36123,2026-04-12 09:35:04+00,base-usdc-usdfc,true
36125,2026-04-12 09:40:02+00,eth-usdfc,true
36126,2026-04-12 09:40:03+00,fil-usdfc,true
36128,2026-04-12 09:40:04+00,polygon-usdc-usdfc,true
36127,2026-04-12 09:40:04+00,base-usdc-usdfc,true
36129,2026-04-12 09:45:01+00,eth-usdfc,true
36130,2026-04-12 09:45:02+00,fil-usdfc,true
36131,2026-04-12 09:45:03+00,base-usdc-usdfc,true
36132,2026-04-12 09:45:04+00,polygon-usdc-usdfc,true
36134,2026-04-12 09:50:02+00,fil-usdfc,true
36133,2026-04-12 09:50:02+00,eth-usdfc,true
36135,2026-04-12 09:50:03+00,base-usdc-usdfc,true
36136,2026-04-12 09:50:04+00,polygon-usdc-usdfc,true
36137,2026-04-12 09:55:02+00,eth-usdfc,true
36138,2026-04-12 09:55:03+00,fil-usdfc,true
36139,2026-04-12 09:55:04+00,base-usdc-usdfc,true
36140,2026-04-12 09:55:05+00,polygon-usdc-usdfc,true
36141,2026-04-12 10:00:01+00,eth-usdfc,true
36142,2026-04-12 10:00:02+00,fil-usdfc,true
36143,2026-04-12 10:00:03+00,base-usdc-usdfc,true
36144,2026-04-12 10:00:04+00,polygon-usdc-usdfc,true
36145,2026-04-12 10:05:02+00,eth-usdfc,true
36146,2026-04-12 10:05:03+00,fil-usdfc,true
36147,2026-04-12 10:05:04+00,base-usdc-usdfc,true
36148,2026-04-12 10:05:05+00,polygon-usdc-usdfc,true
36149,2026-04-12 10:10:02+00,eth-usdfc,true
36150,2026-04-12 10:10:03+00,fil-usdfc,true
36151,2026-04-12 10:10:04+00,base-usdc-usdfc,true
36152,2026-04-12 10:10:05+00,polygon-usdc-usdfc,true
36153,2026-04-12 10:15:02+00,eth-usdfc,true
36154,2026-04-12 10:15:03+00,fil-usdfc,true
36156,2026-04-12 10:15:04+00,polygon-usdc-usdfc,true
36155,2026-04-12 10:15:04+00,base-usdc-usdfc,true
36158,2026-04-12 10:20:02+00,fil-usdfc,true
36157,2026-04-12 10:20:02+00,eth-usdfc,true
36160,2026-04-12 10:20:03+00,polygon-usdc-usdfc,true
36159,2026-04-12 10:20:03+00,base-usdc-usdfc,true
36161,2026-04-12 10:25:01+00,eth-usdfc,true
36162,2026-04-12 10:25:02+00,fil-usdfc,true
36163,2026-04-12 10:25:03+00,base-usdc-usdfc,true
36164,2026-04-12 10:25:04+00,polygon-usdc-usdfc,true
36165,2026-04-12 10:30:02+00,eth-usdfc,true
36166,2026-04-12 10:30:03+00,fil-usdfc,true
36168,2026-04-12 10:30:04+00,polygon-usdc-usdfc,true
36167,2026-04-12 10:30:04+00,base-usdc-usdfc,true
36170,2026-04-12 10:35:02+00,fil-usdfc,true
36169,2026-04-12 10:35:02+00,eth-usdfc,true
36171,2026-04-12 10:35:03+00,base-usdc-usdfc,true
36172,2026-04-12 10:35:04+00,polygon-usdc-usdfc,true
36173,2026-04-12 10:40:01+00,eth-usdfc,true
36174,2026-04-12 10:40:02+00,fil-usdfc,true
36175,2026-04-12 10:40:03+00,base-usdc-usdfc,true
36176,2026-04-12 10:40:04+00,polygon-usdc-usdfc,true
36178,2026-04-12 10:45:02+00,fil-usdfc,true
36177,2026-04-12 10:45:02+00,eth-usdfc,true
36179,2026-04-12 10:45:03+00,base-usdc-usdfc,true
36180,2026-04-12 10:45:04+00,polygon-usdc-usdfc,true
36181,2026-04-12 10:50:02+00,eth-usdfc,true
36182,2026-04-12 10:50:03+00,fil-usdfc,true
36183,2026-04-12 10:50:04+00,base-usdc-usdfc,true
36184,2026-04-12 10:50:05+00,polygon-usdc-usdfc,true
36186,2026-04-12 10:55:02+00,fil-usdfc,true
36185,2026-04-12 10:55:02+00,eth-usdfc,true
36187,2026-04-12 10:55:03+00,base-usdc-usdfc,true
36188,2026-04-12 10:55:04+00,polygon-usdc-usdfc,true
36189,2026-04-12 11:00:02+00,eth-usdfc,true
36190,2026-04-12 11:00:03+00,fil-usdfc,true
36192,2026-04-12 11:00:04+00,polygon-usdc-usdfc,true
36191,2026-04-12 11:00:04+00,base-usdc-usdfc,true
36193,2026-04-12 11:05:02+00,eth-usdfc,true
36195,2026-04-12 11:05:03+00,base-usdc-usdfc,true
36194,2026-04-12 11:05:03+00,fil-usdfc,true
36196,2026-04-12 11:05:04+00,polygon-usdc-usdfc,true
36197,2026-04-12 11:10:02+00,eth-usdfc,true
36198,2026-04-12 11:10:03+00,fil-usdfc,true
36199,2026-04-12 11:10:04+00,base-usdc-usdfc,true
36200,2026-04-12 11:10:05+00,polygon-usdc-usdfc,true
36201,2026-04-12 11:15:02+00,eth-usdfc,true
36202,2026-04-12 11:15:03+00,fil-usdfc,true
36203,2026-04-12 11:15:04+00,base-usdc-usdfc,true
36204,2026-04-12 11:15:05+00,polygon-usdc-usdfc,true
36205,2026-04-12 11:20:02+00,eth-usdfc,true
36206,2026-04-12 11:20:03+00,fil-usdfc,true
36208,2026-04-12 11:20:04+00,polygon-usdc-usdfc,true
36207,2026-04-12 11:20:04+00,base-usdc-usdfc,true
36210,2026-04-12 11:25:02+00,fil-usdfc,true
36209,2026-04-12 11:25:02+00,eth-usdfc,true
36211,2026-04-12 11:25:03+00,base-usdc-usdfc,true
36212,2026-04-12 11:25:04+00,polygon-usdc-usdfc,true
36213,2026-04-12 11:30:02+00,eth-usdfc,true
36214,2026-04-12 11:30:03+00,fil-usdfc,true
36215,2026-04-12 11:30:04+00,base-usdc-usdfc,true
36216,2026-04-12 11:30:05+00,polygon-usdc-usdfc,true
36217,2026-04-12 11:35:01+00,eth-usdfc,true
36218,2026-04-12 11:35:02+00,fil-usdfc,true
36220,2026-04-12 11:35:03+00,polygon-usdc-usdfc,true
36219,2026-04-12 11:35:03+00,base-usdc-usdfc,true
36221,2026-04-12 11:40:02+00,eth-usdfc,true
36222,2026-04-12 11:40:03+00,fil-usdfc,true
36223,2026-04-12 11:40:08+00,base-usdc-usdfc,true
36224,2026-04-12 11:40:10+00,polygon-usdc-usdfc,true
36226,2026-04-12 11:45:02+00,fil-usdfc,true
36225,2026-04-12 11:45:02+00,eth-usdfc,true
36228,2026-04-12 11:45:04+00,polygon-usdc-usdfc,true
36227,2026-04-12 11:45:04+00,base-usdc-usdfc,true
36230,2026-04-12 11:50:02+00,fil-usdfc,true
36229,2026-04-12 11:50:02+00,eth-usdfc,true
36231,2026-04-12 11:50:03+00,base-usdc-usdfc,true
36232,2026-04-12 11:50:09+00,polygon-usdc-usdfc,true
36233,2026-04-12 11:55:02+00,eth-usdfc,true
36234,2026-04-12 11:55:03+00,fil-usdfc,true
36235,2026-04-12 11:55:04+00,base-usdc-usdfc,true
36236,2026-04-12 11:55:05+00,polygon-usdc-usdfc,true
36237,2026-04-12 12:00:02+00,eth-usdfc,true
36238,2026-04-12 12:00:03+00,fil-usdfc,true
36239,2026-04-12 12:00:04+00,base-usdc-usdfc,true
36240,2026-04-12 12:00:05+00,polygon-usdc-usdfc,true
36241,2026-04-12 12:05:01+00,eth-usdfc,true
36242,2026-04-12 12:05:02+00,fil-usdfc,true
36243,2026-04-12 12:05:03+00,base-usdc-usdfc,true
36244,2026-04-12 12:05:04+00,polygon-usdc-usdfc,true
36245,2026-04-12 12:10:02+00,eth-usdfc,true
36246,2026-04-12 12:10:03+00,fil-usdfc,true
36247,2026-04-12 12:10:04+00,base-usdc-usdfc,true
36248,2026-04-12 12:10:08+00,polygon-usdc-usdfc,true
36249,2026-04-12 12:15:02+00,eth-usdfc,true
36250,2026-04-12 12:15:03+00,fil-usdfc,true
36252,2026-04-12 12:15:04+00,polygon-usdc-usdfc,true
36251,2026-04-12 12:15:04+00,base-usdc-usdfc,true
36253,2026-04-12 12:20:01+00,eth-usdfc,true
36254,2026-04-12 12:20:02+00,fil-usdfc,true
36255,2026-04-12 12:20:03+00,base-usdc-usdfc,true
36256,2026-04-12 12:20:04+00,polygon-usdc-usdfc,true
36257,2026-04-12 12:25:02+00,eth-usdfc,true
36258,2026-04-12 12:25:03+00,fil-usdfc,true
36260,2026-04-12 12:25:04+00,polygon-usdc-usdfc,true
36259,2026-04-12 12:25:04+00,base-usdc-usdfc,true
36261,2026-04-12 12:30:02+00,eth-usdfc,true
36262,2026-04-12 12:30:03+00,fil-usdfc,true
36264,2026-04-12 12:30:04+00,polygon-usdc-usdfc,true
36263,2026-04-12 12:30:04+00,base-usdc-usdfc,true
36265,2026-04-12 12:35:01+00,eth-usdfc,true
36266,2026-04-12 12:35:07+00,fil-usdfc,true
36268,2026-04-12 12:35:08+00,polygon-usdc-usdfc,true
36267,2026-04-12 12:35:08+00,base-usdc-usdfc,true
36269,2026-04-12 12:40:02+00,eth-usdfc,true
36270,2026-04-12 12:40:03+00,fil-usdfc,true
36271,2026-04-12 12:40:04+00,base-usdc-usdfc,true
36272,2026-04-12 12:40:05+00,polygon-usdc-usdfc,true
36273,2026-04-12 12:45:02+00,eth-usdfc,true
36274,2026-04-12 12:45:03+00,fil-usdfc,true
36276,2026-04-12 12:45:04+00,polygon-usdc-usdfc,true
36275,2026-04-12 12:45:04+00,base-usdc-usdfc,true
36277,2026-04-12 12:50:01+00,eth-usdfc,true
36278,2026-04-12 12:50:02+00,fil-usdfc,true
36279,2026-04-12 12:50:04+00,base-usdc-usdfc,true
36280,2026-04-12 12:50:05+00,polygon-usdc-usdfc,true
36281,2026-04-12 12:55:02+00,eth-usdfc,true
36282,2026-04-12 12:55:03+00,fil-usdfc,true
36283,2026-04-12 12:55:04+00,base-usdc-usdfc,true
36284,2026-04-12 12:55:05+00,polygon-usdc-usdfc,true
36285,2026-04-12 13:00:02+00,eth-usdfc,true
36286,2026-04-12 13:00:03+00,fil-usdfc,true
36288,2026-04-12 13:00:04+00,polygon-usdc-usdfc,true
36287,2026-04-12 13:00:04+00,base-usdc-usdfc,true
36289,2026-04-12 13:05:02+00,eth-usdfc,true
36290,2026-04-12 13:05:03+00,fil-usdfc,true
36292,2026-04-12 13:05:04+00,polygon-usdc-usdfc,true
36291,2026-04-12 13:05:04+00,base-usdc-usdfc,true
36293,2026-04-12 13:10:02+00,eth-usdfc,true
36294,2026-04-12 13:10:03+00,fil-usdfc,true
36296,2026-04-12 13:10:04+00,polygon-usdc-usdfc,true
36295,2026-04-12 13:10:04+00,base-usdc-usdfc,true
36297,2026-04-12 13:15:01+00,eth-usdfc,true
36298,2026-04-12 13:15:02+00,fil-usdfc,true
36299,2026-04-12 13:15:03+00,base-usdc-usdfc,true
36300,2026-04-12 13:15:04+00,polygon-usdc-usdfc,true
36301,2026-04-12 13:20:01+00,eth-usdfc,true
36302,2026-04-12 13:20:02+00,fil-usdfc,true
36303,2026-04-12 13:20:03+00,base-usdc-usdfc,true
36304,2026-04-12 13:20:04+00,polygon-usdc-usdfc,true
36305,2026-04-12 13:25:01+00,eth-usdfc,true
36306,2026-04-12 13:25:04+00,fil-usdfc,true
36307,2026-04-12 13:25:06+00,base-usdc-usdfc,true
36308,2026-04-12 13:25:08+00,polygon-usdc-usdfc,true
36309,2026-04-12 13:30:02+00,eth-usdfc,true
36310,2026-04-12 13:30:04+00,fil-usdfc,true
36312,2026-04-12 13:30:05+00,polygon-usdc-usdfc,true
36311,2026-04-12 13:30:05+00,base-usdc-usdfc,true
36313,2026-04-12 13:35:02+00,eth-usdfc,true
36314,2026-04-12 13:35:03+00,fil-usdfc,true
36315,2026-04-12 13:35:05+00,base-usdc-usdfc,true
36316,2026-04-12 13:35:06+00,polygon-usdc-usdfc,true
36317,2026-04-12 13:40:01+00,eth-usdfc,true
36318,2026-04-12 13:40:02+00,fil-usdfc,true
36320,2026-04-12 13:40:04+00,polygon-usdc-usdfc,true
36319,2026-04-12 13:40:04+00,base-usdc-usdfc,true
36321,2026-04-12 13:45:01+00,eth-usdfc,true
36322,2026-04-12 13:45:03+00,fil-usdfc,true
36323,2026-04-12 13:45:04+00,base-usdc-usdfc,true
36324,2026-04-12 13:45:05+00,polygon-usdc-usdfc,true
36325,2026-04-12 13:50:02+00,eth-usdfc,true
36326,2026-04-12 13:50:03+00,fil-usdfc,true
36327,2026-04-12 13:50:04+00,base-usdc-usdfc,true
36328,2026-04-12 13:50:05+00,polygon-usdc-usdfc,true
36330,2026-04-12 13:55:02+00,fil-usdfc,true
36329,2026-04-12 13:55:02+00,eth-usdfc,true
36332,2026-04-12 13:55:04+00,polygon-usdc-usdfc,true
36331,2026-04-12 13:55:04+00,base-usdc-usdfc,true
36333,2026-04-12 14:00:01+00,eth-usdfc,true
36334,2026-04-12 14:00:02+00,fil-usdfc,true
36335,2026-04-12 14:00:03+00,base-usdc-usdfc,true
36336,2026-04-12 14:00:04+00,polygon-usdc-usdfc,true
36337,2026-04-12 14:05:01+00,eth-usdfc,true
36338,2026-04-12 14:05:03+00,fil-usdfc,true
36339,2026-04-12 14:05:04+00,base-usdc-usdfc,true
36340,2026-04-12 14:05:05+00,polygon-usdc-usdfc,true
36341,2026-04-12 14:10:02+00,eth-usdfc,true
36342,2026-04-12 14:10:03+00,fil-usdfc,true
36343,2026-04-12 14:10:04+00,base-usdc-usdfc,true
36344,2026-04-12 14:10:05+00,polygon-usdc-usdfc,true
36345,2026-04-12 14:15:02+00,eth-usdfc,true
36346,2026-04-12 14:15:03+00,fil-usdfc,true
36347,2026-04-12 14:15:04+00,base-usdc-usdfc,true
36348,2026-04-12 14:15:05+00,polygon-usdc-usdfc,true
36349,2026-04-12 14:20:02+00,eth-usdfc,true
36350,2026-04-12 14:20:03+00,fil-usdfc,true
36351,2026-04-12 14:20:04+00,base-usdc-usdfc,true
36352,2026-04-12 14:20:05+00,polygon-usdc-usdfc,true
36353,2026-04-12 14:25:02+00,eth-usdfc,true
36354,2026-04-12 14:25:03+00,fil-usdfc,true
36355,2026-04-12 14:25:04+00,base-usdc-usdfc,true
36356,2026-04-12 14:25:06+00,polygon-usdc-usdfc,true
36357,2026-04-12 14:30:01+00,eth-usdfc,true
36358,2026-04-12 14:30:02+00,fil-usdfc,true
36359,2026-04-12 14:30:03+00,base-usdc-usdfc,true
36360,2026-04-12 14:30:04+00,polygon-usdc-usdfc,true
36361,2026-04-12 14:35:02+00,eth-usdfc,true
36362,2026-04-12 14:35:03+00,fil-usdfc,true
36363,2026-04-12 14:35:04+00,base-usdc-usdfc,true
36364,2026-04-12 14:35:05+00,polygon-usdc-usdfc,true
36365,2026-04-12 14:40:01+00,eth-usdfc,true
36366,2026-04-12 14:40:02+00,fil-usdfc,true
36367,2026-04-12 14:40:08+00,base-usdc-usdfc,true
36368,2026-04-12 14:40:09+00,polygon-usdc-usdfc,true
36369,2026-04-12 14:45:01+00,eth-usdfc,true
36370,2026-04-12 14:45:02+00,fil-usdfc,true
36371,2026-04-12 14:45:04+00,base-usdc-usdfc,true
36372,2026-04-12 14:45:05+00,polygon-usdc-usdfc,true
36374,2026-04-12 14:50:02+00,fil-usdfc,true
36373,2026-04-12 14:50:02+00,eth-usdfc,true
36375,2026-04-12 14:50:03+00,base-usdc-usdfc,true
36376,2026-04-12 14:50:04+00,polygon-usdc-usdfc,true
36378,2026-04-12 14:55:02+00,fil-usdfc,true
36377,2026-04-12 14:55:02+00,eth-usdfc,true
36379,2026-04-12 14:55:03+00,base-usdc-usdfc,true
36380,2026-04-12 14:55:04+00,polygon-usdc-usdfc,true
36381,2026-04-12 15:00:01+00,eth-usdfc,true
36382,2026-04-12 15:00:02+00,fil-usdfc,true
36383,2026-04-12 15:00:03+00,base-usdc-usdfc,true
36384,2026-04-12 15:00:04+00,polygon-usdc-usdfc,true
36385,2026-04-12 15:05:01+00,eth-usdfc,true
36386,2026-04-12 15:05:02+00,fil-usdfc,true
36387,2026-04-12 15:05:03+00,base-usdc-usdfc,true
36388,2026-04-12 15:05:04+00,polygon-usdc-usdfc,true
36389,2026-04-12 15:10:02+00,eth-usdfc,true
36390,2026-04-12 15:10:03+00,fil-usdfc,true
36392,2026-04-12 15:10:04+00,polygon-usdc-usdfc,true
36391,2026-04-12 15:10:04+00,base-usdc-usdfc,true
36394,2026-04-12 15:15:02+00,fil-usdfc,true
36393,2026-04-12 15:15:02+00,eth-usdfc,true
36395,2026-04-12 15:15:03+00,base-usdc-usdfc,true
36396,2026-04-12 15:15:04+00,polygon-usdc-usdfc,true
36397,2026-04-12 15:20:02+00,eth-usdfc,true
36398,2026-04-12 15:20:03+00,fil-usdfc,true
36400,2026-04-12 15:20:04+00,polygon-usdc-usdfc,true
36399,2026-04-12 15:20:04+00,base-usdc-usdfc,true
36401,2026-04-12 15:25:02+00,eth-usdfc,true
36402,2026-04-12 15:25:03+00,fil-usdfc,true
36403,2026-04-12 15:25:04+00,base-usdc-usdfc,true
36404,2026-04-12 15:25:05+00,polygon-usdc-usdfc,true
36405,2026-04-12 15:30:02+00,eth-usdfc,true
36407,2026-04-12 15:30:03+00,base-usdc-usdfc,true
36406,2026-04-12 15:30:03+00,fil-usdfc,true
36408,2026-04-12 15:30:04+00,polygon-usdc-usdfc,true
36410,2026-04-12 15:35:02+00,fil-usdfc,true
36409,2026-04-12 15:35:02+00,eth-usdfc,true
36411,2026-04-12 15:35:03+00,base-usdc-usdfc,true
36412,2026-04-12 15:35:04+00,polygon-usdc-usdfc,true
36413,2026-04-12 15:40:02+00,eth-usdfc,true
36414,2026-04-12 15:40:03+00,fil-usdfc,true
36415,2026-04-12 15:40:04+00,base-usdc-usdfc,true
36416,2026-04-12 15:40:05+00,polygon-usdc-usdfc,true
36417,2026-04-12 15:45:02+00,eth-usdfc,true
36418,2026-04-12 15:45:03+00,fil-usdfc,true
36420,2026-04-12 15:45:04+00,polygon-usdc-usdfc,true
36419,2026-04-12 15:45:04+00,base-usdc-usdfc,true
36421,2026-04-12 15:50:02+00,eth-usdfc,true
36422,2026-04-12 15:50:03+00,fil-usdfc,true
36424,2026-04-12 15:50:04+00,polygon-usdc-usdfc,true
36423,2026-04-12 15:50:04+00,base-usdc-usdfc,true
36426,2026-04-12 15:55:02+00,fil-usdfc,true
36425,2026-04-12 15:55:02+00,eth-usdfc,true
36427,2026-04-12 15:55:03+00,base-usdc-usdfc,true
36428,2026-04-12 15:55:04+00,polygon-usdc-usdfc,true
36429,2026-04-12 16:00:01+00,eth-usdfc,true
36430,2026-04-12 16:00:02+00,fil-usdfc,true
36431,2026-04-12 16:00:03+00,base-usdc-usdfc,true
36432,2026-04-12 16:00:04+00,polygon-usdc-usdfc,true
36433,2026-04-12 16:05:02+00,eth-usdfc,true
36434,2026-04-12 16:05:03+00,fil-usdfc,true
36435,2026-04-12 16:05:04+00,base-usdc-usdfc,true
36436,2026-04-12 16:05:05+00,polygon-usdc-usdfc,true
36437,2026-04-12 16:10:01+00,eth-usdfc,true
36438,2026-04-12 16:10:02+00,fil-usdfc,true
36439,2026-04-12 16:10:03+00,base-usdc-usdfc,true
36440,2026-04-12 16:10:04+00,polygon-usdc-usdfc,true
36441,2026-04-12 16:15:02+00,eth-usdfc,true
36442,2026-04-12 16:15:03+00,fil-usdfc,true
36443,2026-04-12 16:15:05+00,base-usdc-usdfc,true
36444,2026-04-12 16:15:06+00,polygon-usdc-usdfc,true
36445,2026-04-12 16:20:02+00,eth-usdfc,true
36446,2026-04-12 16:20:03+00,fil-usdfc,true
36447,2026-04-12 16:20:04+00,base-usdc-usdfc,true
36448,2026-04-12 16:20:06+00,polygon-usdc-usdfc,true
36450,2026-04-12 16:25:02+00,fil-usdfc,true
36449,2026-04-12 16:25:02+00,eth-usdfc,true
36452,2026-04-12 16:25:04+00,polygon-usdc-usdfc,true
36451,2026-04-12 16:25:04+00,base-usdc-usdfc,true
36453,2026-04-12 16:30:01+00,eth-usdfc,true
36454,2026-04-12 16:30:02+00,fil-usdfc,true
36455,2026-04-12 16:30:03+00,base-usdc-usdfc,true
36456,2026-04-12 16:30:04+00,polygon-usdc-usdfc,true
36457,2026-04-12 16:35:02+00,eth-usdfc,true
36458,2026-04-12 16:35:03+00,fil-usdfc,true
36459,2026-04-12 16:35:04+00,base-usdc-usdfc,true
36460,2026-04-12 16:35:05+00,polygon-usdc-usdfc,true
36461,2026-04-12 16:40:02+00,eth-usdfc,true
36462,2026-04-12 16:40:03+00,fil-usdfc,true
36463,2026-04-12 16:40:04+00,base-usdc-usdfc,true
36464,2026-04-12 16:40:05+00,polygon-usdc-usdfc,true
36465,2026-04-12 16:45:02+00,eth-usdfc,true
36466,2026-04-12 16:45:03+00,fil-usdfc,true
36467,2026-04-12 16:45:04+00,base-usdc-usdfc,true
36468,2026-04-12 16:45:05+00,polygon-usdc-usdfc,true
36469,2026-04-12 16:50:02+00,eth-usdfc,true
36470,2026-04-12 16:50:03+00,fil-usdfc,true
36472,2026-04-12 16:50:04+00,polygon-usdc-usdfc,true
36471,2026-04-12 16:50:04+00,base-usdc-usdfc,true
36473,2026-04-12 16:55:02+00,eth-usdfc,true
36474,2026-04-12 16:55:03+00,fil-usdfc,true
36475,2026-04-12 16:55:05+00,base-usdc-usdfc,true
36476,2026-04-12 16:55:06+00,polygon-usdc-usdfc,true
36477,2026-04-12 17:00:01+00,eth-usdfc,true
36478,2026-04-12 17:00:03+00,fil-usdfc,true
36480,2026-04-12 17:00:04+00,polygon-usdc-usdfc,true
36479,2026-04-12 17:00:04+00,base-usdc-usdfc,true
36481,2026-04-12 17:05:01+00,eth-usdfc,true
36482,2026-04-12 17:05:02+00,fil-usdfc,true
36483,2026-04-12 17:05:03+00,base-usdc-usdfc,true
36484,2026-04-12 17:05:04+00,polygon-usdc-usdfc,true
36486,2026-04-12 17:10:02+00,fil-usdfc,true
36485,2026-04-12 17:10:02+00,eth-usdfc,true
36488,2026-04-12 17:10:04+00,polygon-usdc-usdfc,true
36487,2026-04-12 17:10:04+00,base-usdc-usdfc,true
36489,2026-04-12 17:15:02+00,eth-usdfc,true
36491,2026-04-12 17:15:03+00,base-usdc-usdfc,true
36490,2026-04-12 17:15:03+00,fil-usdfc,true
36492,2026-04-12 17:15:04+00,polygon-usdc-usdfc,true
36493,2026-04-12 17:20:01+00,eth-usdfc,true
36494,2026-04-12 17:20:02+00,fil-usdfc,true
36495,2026-04-12 17:20:04+00,base-usdc-usdfc,true
36496,2026-04-12 17:20:05+00,polygon-usdc-usdfc,true
36497,2026-04-12 17:25:02+00,eth-usdfc,true
36498,2026-04-12 17:25:03+00,fil-usdfc,true
36499,2026-04-12 17:25:04+00,base-usdc-usdfc,true
36500,2026-04-12 17:25:05+00,polygon-usdc-usdfc,true
36501,2026-04-12 17:30:02+00,eth-usdfc,true
36502,2026-04-12 17:30:03+00,fil-usdfc,true
36503,2026-04-12 17:30:04+00,base-usdc-usdfc,true
36504,2026-04-12 17:30:05+00,polygon-usdc-usdfc,true
36505,2026-04-12 17:35:02+00,eth-usdfc,true
36506,2026-04-12 17:35:03+00,fil-usdfc,true
36507,2026-04-12 17:35:04+00,base-usdc-usdfc,true
36508,2026-04-12 17:35:05+00,polygon-usdc-usdfc,true
36509,2026-04-12 17:40:02+00,eth-usdfc,true
36510,2026-04-12 17:40:23+00,fil-usdfc,true
36511,2026-04-12 17:40:25+00,base-usdc-usdfc,true
36512,2026-04-12 17:40:27+00,polygon-usdc-usdfc,true
36513,2026-04-12 17:45:02+00,eth-usdfc,true
36514,2026-04-12 17:45:03+00,fil-usdfc,true
36515,2026-04-12 17:45:05+00,base-usdc-usdfc,true
36516,2026-04-12 17:45:07+00,polygon-usdc-usdfc,true
36517,2026-04-12 17:50:02+00,eth-usdfc,true
36518,2026-04-12 17:50:04+00,fil-usdfc,true
36519,2026-04-12 17:50:05+00,base-usdc-usdfc,true
36520,2026-04-12 17:50:07+00,polygon-usdc-usdfc,true
36521,2026-04-12 17:55:02+00,eth-usdfc,true
36522,2026-04-12 17:56:17+00,fil-usdfc,true
36523,2026-04-12 17:56:23+00,base-usdc-usdfc,true
36524,2026-04-12 17:56:25+00,polygon-usdc-usdfc,true
36525,2026-04-12 18:00:01+00,eth-usdfc,true
36526,2026-04-12 18:00:25+00,fil-usdfc,true
36527,2026-04-12 18:00:27+00,base-usdc-usdfc,true
36528,2026-04-12 18:00:29+00,polygon-usdc-usdfc,true
36529,2026-04-12 18:05:02+00,eth-usdfc,true
36530,2026-04-12 18:05:04+00,fil-usdfc,true
36531,2026-04-12 18:05:31+00,base-usdc-usdfc,true
36532,2026-04-12 18:05:33+00,polygon-usdc-usdfc,true
36533,2026-04-12 18:10:02+00,eth-usdfc,true
36534,2026-04-12 18:11:53+00,fil-usdfc,true
36535,2026-04-12 18:12:02+00,base-usdc-usdfc,true
36536,2026-04-12 18:12:03+00,polygon-usdc-usdfc,true
36537,2026-04-12 18:15:02+00,eth-usdfc,true
36538,2026-04-12 18:15:27+00,fil-usdfc,true
36539,2026-04-12 18:15:28+00,base-usdc-usdfc,true
36540,2026-04-12 18:15:30+00,polygon-usdc-usdfc,true
36541,2026-04-12 18:20:02+00,eth-usdfc,true
36542,2026-04-12 18:20:03+00,fil-usdfc,true
36543,2026-04-12 18:20:04+00,base-usdc-usdfc,true
36544,2026-04-12 18:20:05+00,polygon-usdc-usdfc,true
36545,2026-04-12 18:25:02+00,eth-usdfc,true
36546,2026-04-12 18:26:03+00,fil-usdfc,true
36547,2026-04-12 18:26:07+00,base-usdc-usdfc,true
36548,2026-04-12 18:26:09+00,polygon-usdc-usdfc,true
36549,2026-04-12 18:30:02+00,eth-usdfc,true
36550,2026-04-12 18:30:13+00,fil-usdfc,true
36551,2026-04-12 18:30:14+00,base-usdc-usdfc,true
36552,2026-04-12 18:30:17+00,polygon-usdc-usdfc,true
36553,2026-04-12 18:35:01+00,eth-usdfc,true
36554,2026-04-12 18:35:04+00,fil-usdfc,true
36555,2026-04-12 18:35:05+00,base-usdc-usdfc,true
36556,2026-04-12 18:35:07+00,polygon-usdc-usdfc,true
36557,2026-04-12 18:40:02+00,eth-usdfc,true
36558,2026-04-12 18:40:05+00,fil-usdfc,true
36559,2026-04-12 18:40:06+00,base-usdc-usdfc,true
36560,2026-04-12 18:40:07+00,polygon-usdc-usdfc,true
36561,2026-04-12 18:45:02+00,eth-usdfc,true
36563,2026-04-12 18:45:04+00,base-usdc-usdfc,true
36562,2026-04-12 18:45:04+00,fil-usdfc,true
36564,2026-04-12 18:45:05+00,polygon-usdc-usdfc,true
36565,2026-04-12 18:50:01+00,eth-usdfc,true
36566,2026-04-12 18:50:02+00,fil-usdfc,true
36567,2026-04-12 18:50:03+00,base-usdc-usdfc,true
36568,2026-04-12 18:50:04+00,polygon-usdc-usdfc,true
36570,2026-04-12 18:55:02+00,fil-usdfc,true
36569,2026-04-12 18:55:02+00,eth-usdfc,true
36571,2026-04-12 18:55:03+00,base-usdc-usdfc,true
36572,2026-04-12 18:55:04+00,polygon-usdc-usdfc,true
36573,2026-04-12 19:00:02+00,eth-usdfc,true
36574,2026-04-12 19:00:03+00,fil-usdfc,true
36575,2026-04-12 19:00:04+00,base-usdc-usdfc,true
36576,2026-04-12 19:00:05+00,polygon-usdc-usdfc,true
36577,2026-04-12 19:05:02+00,eth-usdfc,true
36578,2026-04-12 19:05:03+00,fil-usdfc,true
36579,2026-04-12 19:05:04+00,base-usdc-usdfc,true
36580,2026-04-12 19:05:05+00,polygon-usdc-usdfc,true
36581,2026-04-12 19:10:01+00,eth-usdfc,true
36582,2026-04-12 19:12:16+00,fil-usdfc,true
36583,2026-04-12 19:12:57+00,base-usdc-usdfc,true
36584,2026-04-12 19:12:58+00,polygon-usdc-usdfc,true
36585,2026-04-12 19:15:02+00,eth-usdfc,true
36586,2026-04-12 19:15:03+00,fil-usdfc,true
36588,2026-04-12 19:15:04+00,polygon-usdc-usdfc,true
36587,2026-04-12 19:15:04+00,base-usdc-usdfc,true
36589,2026-04-12 19:20:01+00,eth-usdfc,true
36590,2026-04-12 19:20:02+00,fil-usdfc,true
36591,2026-04-12 19:20:03+00,base-usdc-usdfc,true
36592,2026-04-12 19:20:04+00,polygon-usdc-usdfc,true
36593,2026-04-12 19:25:02+00,eth-usdfc,true
36594,2026-04-12 19:25:08+00,fil-usdfc,true
36595,2026-04-12 19:25:11+00,base-usdc-usdfc,true
36596,2026-04-12 19:25:12+00,polygon-usdc-usdfc,true
36597,2026-04-12 19:30:02+00,eth-usdfc,true
36598,2026-04-12 19:30:03+00,fil-usdfc,true
36600,2026-04-12 19:30:04+00,polygon-usdc-usdfc,true
36599,2026-04-12 19:30:04+00,base-usdc-usdfc,true
36601,2026-04-12 19:35:02+00,eth-usdfc,true
36602,2026-04-12 19:35:12+00,fil-usdfc,true
36603,2026-04-12 19:35:13+00,base-usdc-usdfc,true
36604,2026-04-12 19:35:14+00,polygon-usdc-usdfc,true
36606,2026-04-12 19:40:02+00,fil-usdfc,true
36605,2026-04-12 19:40:02+00,eth-usdfc,true
36607,2026-04-12 19:40:03+00,base-usdc-usdfc,true
36608,2026-04-12 19:40:05+00,polygon-usdc-usdfc,true
36609,2026-04-12 19:45:02+00,eth-usdfc,true
36610,2026-04-12 19:45:03+00,fil-usdfc,true
36612,2026-04-12 19:45:04+00,polygon-usdc-usdfc,true
36611,2026-04-12 19:45:04+00,base-usdc-usdfc,true
36613,2026-04-12 19:50:02+00,eth-usdfc,true
36614,2026-04-12 19:50:03+00,fil-usdfc,true
36615,2026-04-12 19:50:04+00,base-usdc-usdfc,true
36616,2026-04-12 19:50:05+00,polygon-usdc-usdfc,true
36618,2026-04-12 19:55:02+00,fil-usdfc,true
36617,2026-04-12 19:55:02+00,eth-usdfc,true
36619,2026-04-12 19:55:03+00,base-usdc-usdfc,true
36620,2026-04-12 19:55:04+00,polygon-usdc-usdfc,true
36621,2026-04-12 20:00:02+00,eth-usdfc,true
36622,2026-04-12 20:00:03+00,fil-usdfc,true
36623,2026-04-12 20:00:04+00,base-usdc-usdfc,true
36624,2026-04-12 20:00:05+00,polygon-usdc-usdfc,true
36625,2026-04-12 20:05:02+00,eth-usdfc,true
36626,2026-04-12 20:05:03+00,fil-usdfc,true
36627,2026-04-12 20:05:04+00,base-usdc-usdfc,true
36628,2026-04-12 20:05:05+00,polygon-usdc-usdfc,true
36629,2026-04-12 20:10:02+00,eth-usdfc,true
36630,2026-04-12 20:10:03+00,fil-usdfc,true
36631,2026-04-12 20:10:04+00,base-usdc-usdfc,true
36632,2026-04-12 20:10:05+00,polygon-usdc-usdfc,true
36633,2026-04-12 20:15:01+00,eth-usdfc,true
36634,2026-04-12 20:15:02+00,fil-usdfc,true
36635,2026-04-12 20:15:03+00,base-usdc-usdfc,true
36636,2026-04-12 20:15:04+00,polygon-usdc-usdfc,true
36637,2026-04-12 20:20:02+00,eth-usdfc,true
36638,2026-04-12 20:20:03+00,fil-usdfc,true
36639,2026-04-12 20:20:04+00,base-usdc-usdfc,true
36640,2026-04-12 20:20:05+00,polygon-usdc-usdfc,true
36641,2026-04-12 20:25:01+00,eth-usdfc,true
36642,2026-04-12 20:25:02+00,fil-usdfc,true
36643,2026-04-12 20:25:03+00,base-usdc-usdfc,true
36644,2026-04-12 20:25:04+00,polygon-usdc-usdfc,true
36645,2026-04-12 20:30:01+00,eth-usdfc,true
36646,2026-04-12 20:30:02+00,fil-usdfc,true
36647,2026-04-12 20:30:03+00,base-usdc-usdfc,true
36648,2026-04-12 20:30:06+00,polygon-usdc-usdfc,true
36649,2026-04-12 20:35:02+00,eth-usdfc,true
36650,2026-04-12 20:35:03+00,fil-usdfc,true
36651,2026-04-12 20:35:04+00,base-usdc-usdfc,true
36652,2026-04-12 20:35:05+00,polygon-usdc-usdfc,true
36653,2026-04-12 20:40:02+00,eth-usdfc,true
36654,2026-04-12 20:40:03+00,fil-usdfc,true
36656,2026-04-12 20:40:04+00,polygon-usdc-usdfc,true
36655,2026-04-12 20:40:04+00,base-usdc-usdfc,true
36657,2026-04-12 20:45:03+00,eth-usdfc,true
36658,2026-04-12 20:45:05+00,fil-usdfc,true
36659,2026-04-12 20:45:10+00,base-usdc-usdfc,true
36660,2026-04-12 20:45:17+00,polygon-usdc-usdfc,true
36662,2026-04-12 20:50:02+00,fil-usdfc,true
36661,2026-04-12 20:50:02+00,eth-usdfc,true
36663,2026-04-12 20:50:03+00,base-usdc-usdfc,true
36664,2026-04-12 20:50:04+00,polygon-usdc-usdfc,true
36665,2026-04-12 20:55:01+00,eth-usdfc,true
36666,2026-04-12 20:55:04+00,fil-usdfc,true
36667,2026-04-12 20:55:05+00,base-usdc-usdfc,true
36668,2026-04-12 20:55:06+00,polygon-usdc-usdfc,true
36670,2026-04-12 21:00:02+00,fil-usdfc,true
36669,2026-04-12 21:00:02+00,eth-usdfc,true
36671,2026-04-12 21:00:03+00,base-usdc-usdfc,true
36672,2026-04-12 21:00:04+00,polygon-usdc-usdfc,true
36673,2026-04-12 21:05:02+00,eth-usdfc,true
36674,2026-04-12 21:05:03+00,fil-usdfc,true
36676,2026-04-12 21:05:04+00,polygon-usdc-usdfc,true
36675,2026-04-12 21:05:04+00,base-usdc-usdfc,true
36677,2026-04-12 21:10:02+00,eth-usdfc,true
36678,2026-04-12 21:10:03+00,fil-usdfc,true
36679,2026-04-12 21:10:04+00,base-usdc-usdfc,true
36680,2026-04-12 21:10:05+00,polygon-usdc-usdfc,true
36681,2026-04-12 21:15:02+00,eth-usdfc,true
36682,2026-04-12 21:15:03+00,fil-usdfc,true
36684,2026-04-12 21:15:04+00,polygon-usdc-usdfc,true
36683,2026-04-12 21:15:04+00,base-usdc-usdfc,true
36685,2026-04-12 21:20:02+00,eth-usdfc,true
36686,2026-04-12 21:20:03+00,fil-usdfc,true
36688,2026-04-12 21:20:05+00,polygon-usdc-usdfc,true
36687,2026-04-12 21:20:05+00,base-usdc-usdfc,true
36689,2026-04-12 21:25:02+00,eth-usdfc,true
36690,2026-04-12 21:25:03+00,fil-usdfc,true
36692,2026-04-12 21:25:04+00,polygon-usdc-usdfc,true
36691,2026-04-12 21:25:04+00,base-usdc-usdfc,true
36693,2026-04-12 21:30:01+00,eth-usdfc,true
36694,2026-04-12 21:30:02+00,fil-usdfc,true
36695,2026-04-12 21:30:03+00,base-usdc-usdfc,true
36696,2026-04-12 21:30:04+00,polygon-usdc-usdfc,true
36697,2026-04-12 21:35:02+00,eth-usdfc,true
36698,2026-04-12 21:35:03+00,fil-usdfc,true
36699,2026-04-12 21:35:04+00,base-usdc-usdfc,true
36700,2026-04-12 21:35:05+00,polygon-usdc-usdfc,true
36701,2026-04-12 21:40:02+00,eth-usdfc,true
36702,2026-04-12 21:40:03+00,fil-usdfc,true
36704,2026-04-12 21:40:04+00,polygon-usdc-usdfc,true
36703,2026-04-12 21:40:04+00,base-usdc-usdfc,true
36705,2026-04-12 21:45:02+00,eth-usdfc,true
36707,2026-04-12 21:45:03+00,base-usdc-usdfc,true
36706,2026-04-12 21:45:03+00,fil-usdfc,true
36708,2026-04-12 21:45:04+00,polygon-usdc-usdfc,true
36709,2026-04-12 21:50:02+00,eth-usdfc,true
36710,2026-04-12 21:50:03+00,fil-usdfc,true
36712,2026-04-12 21:50:04+00,polygon-usdc-usdfc,true
36711,2026-04-12 21:50:04+00,base-usdc-usdfc,true
36713,2026-04-12 21:55:02+00,eth-usdfc,true
36714,2026-04-12 21:55:03+00,fil-usdfc,true
36716,2026-04-12 21:55:04+00,polygon-usdc-usdfc,true
36715,2026-04-12 21:55:04+00,base-usdc-usdfc,true
36718,2026-04-12 22:00:02+00,fil-usdfc,true
36717,2026-04-12 22:00:02+00,eth-usdfc,true
36720,2026-04-12 22:00:04+00,polygon-usdc-usdfc,true
36719,2026-04-12 22:00:04+00,base-usdc-usdfc,true
36721,2026-04-12 22:05:02+00,eth-usdfc,true
36722,2026-04-12 22:05:03+00,fil-usdfc,true
36723,2026-04-12 22:05:04+00,base-usdc-usdfc,true
36724,2026-04-12 22:05:05+00,polygon-usdc-usdfc,true
36725,2026-04-12 22:10:01+00,eth-usdfc,true
36726,2026-04-12 22:10:02+00,fil-usdfc,true
36727,2026-04-12 22:10:03+00,base-usdc-usdfc,true
36728,2026-04-12 22:10:04+00,polygon-usdc-usdfc,true
36729,2026-04-12 22:15:02+00,eth-usdfc,true
36730,2026-04-12 22:15:03+00,fil-usdfc,true
36732,2026-04-12 22:15:04+00,polygon-usdc-usdfc,true
36731,2026-04-12 22:15:04+00,base-usdc-usdfc,true
36733,2026-04-12 22:20:01+00,eth-usdfc,true
36734,2026-04-12 22:20:02+00,fil-usdfc,true
36735,2026-04-12 22:20:03+00,base-usdc-usdfc,true
36736,2026-04-12 22:20:04+00,polygon-usdc-usdfc,true
36737,2026-04-12 22:25:02+00,eth-usdfc,true
36738,2026-04-12 22:25:03+00,fil-usdfc,true
36740,2026-04-12 22:25:04+00,polygon-usdc-usdfc,true
36739,2026-04-12 22:25:04+00,base-usdc-usdfc,true
36741,2026-04-12 22:30:01+00,eth-usdfc,true
36742,2026-04-12 22:30:02+00,fil-usdfc,true
36744,2026-04-12 22:30:03+00,polygon-usdc-usdfc,true
36743,2026-04-12 22:30:03+00,base-usdc-usdfc,true
36745,2026-04-12 22:35:01+00,eth-usdfc,true
36746,2026-04-12 22:35:02+00,fil-usdfc,true
36747,2026-04-12 22:35:03+00,base-usdc-usdfc,true
36748,2026-04-12 22:35:04+00,polygon-usdc-usdfc,true
36749,2026-04-12 22:40:01+00,eth-usdfc,true
36750,2026-04-12 22:40:02+00,fil-usdfc,true
36751,2026-04-12 22:40:03+00,base-usdc-usdfc,true
36752,2026-04-12 22:40:04+00,polygon-usdc-usdfc,true
36753,2026-04-12 22:45:02+00,eth-usdfc,true
36754,2026-04-12 22:45:03+00,fil-usdfc,true
36755,2026-04-12 22:45:04+00,base-usdc-usdfc,true
36756,2026-04-12 22:45:05+00,polygon-usdc-usdfc,true
36757,2026-04-12 22:50:02+00,eth-usdfc,true
36758,2026-04-12 22:50:03+00,fil-usdfc,true
36759,2026-04-12 22:50:04+00,base-usdc-usdfc,true
36760,2026-04-12 22:50:05+00,polygon-usdc-usdfc,true
36761,2026-04-12 22:55:02+00,eth-usdfc,true
36762,2026-04-12 22:55:03+00,fil-usdfc,true
36764,2026-04-12 22:55:04+00,polygon-usdc-usdfc,true
36763,2026-04-12 22:55:04+00,base-usdc-usdfc,true
36765,2026-04-12 23:00:01+00,eth-usdfc,true
36766,2026-04-12 23:00:02+00,fil-usdfc,true
36767,2026-04-12 23:00:03+00,base-usdc-usdfc,true
36768,2026-04-12 23:00:04+00,polygon-usdc-usdfc,true
36770,2026-04-12 23:05:02+00,fil-usdfc,true
36769,2026-04-12 23:05:02+00,eth-usdfc,true
36771,2026-04-12 23:05:04+00,base-usdc-usdfc,true
36772,2026-04-12 23:05:06+00,polygon-usdc-usdfc,true
36774,2026-04-12 23:10:02+00,fil-usdfc,true
36773,2026-04-12 23:10:02+00,eth-usdfc,true
36775,2026-04-12 23:10:04+00,base-usdc-usdfc,true
36776,2026-04-12 23:10:05+00,polygon-usdc-usdfc,true
36777,2026-04-12 23:15:02+00,eth-usdfc,true
36778,2026-04-12 23:15:03+00,fil-usdfc,true
36780,2026-04-12 23:15:04+00,polygon-usdc-usdfc,true
36779,2026-04-12 23:15:04+00,base-usdc-usdfc,true
36782,2026-04-12 23:20:02+00,fil-usdfc,true
36781,2026-04-12 23:20:02+00,eth-usdfc,true
36783,2026-04-12 23:20:03+00,base-usdc-usdfc,true
36784,2026-04-12 23:20:04+00,polygon-usdc-usdfc,true
36785,2026-04-12 23:25:01+00,eth-usdfc,true
36786,2026-04-12 23:25:02+00,fil-usdfc,true
36788,2026-04-12 23:25:04+00,polygon-usdc-usdfc,true
36787,2026-04-12 23:25:04+00,base-usdc-usdfc,true
36789,2026-04-12 23:30:02+00,eth-usdfc,true
36790,2026-04-12 23:30:03+00,fil-usdfc,true
36792,2026-04-12 23:30:04+00,polygon-usdc-usdfc,true
36791,2026-04-12 23:30:04+00,base-usdc-usdfc,true
36793,2026-04-12 23:35:01+00,eth-usdfc,true
36794,2026-04-12 23:35:02+00,fil-usdfc,true
36795,2026-04-12 23:35:03+00,base-usdc-usdfc,true
36796,2026-04-12 23:35:04+00,polygon-usdc-usdfc,true
36797,2026-04-12 23:40:02+00,eth-usdfc,true
36798,2026-04-12 23:40:03+00,fil-usdfc,true
36799,2026-04-12 23:40:05+00,base-usdc-usdfc,true
36800,2026-04-12 23:40:06+00,polygon-usdc-usdfc,true
36801,2026-04-12 23:45:01+00,eth-usdfc,true
36802,2026-04-12 23:45:02+00,fil-usdfc,true
36804,2026-04-12 23:45:03+00,polygon-usdc-usdfc,true
36803,2026-04-12 23:45:03+00,base-usdc-usdfc,true
36805,2026-04-12 23:50:01+00,eth-usdfc,true
36806,2026-04-12 23:50:02+00,fil-usdfc,true
36807,2026-04-12 23:50:04+00,base-usdc-usdfc,true
36808,2026-04-12 23:50:05+00,polygon-usdc-usdfc,true
36809,2026-04-12 23:55:01+00,eth-usdfc,true
36810,2026-04-12 23:55:02+00,fil-usdfc,true
36811,2026-04-12 23:55:03+00,base-usdc-usdfc,true
36812,2026-04-12 23:55:04+00,polygon-usdc-usdfc,true
36813,2026-04-13 00:00:01+00,eth-usdfc,true
36814,2026-04-13 00:00:02+00,fil-usdfc,true
36815,2026-04-13 00:00:03+00,base-usdc-usdfc,true
36816,2026-04-13 00:00:04+00,polygon-usdc-usdfc,true
36817,2026-04-13 00:05:02+00,eth-usdfc,true
36818,2026-04-13 00:05:03+00,fil-usdfc,true
36820,2026-04-13 00:05:04+00,polygon-usdc-usdfc,true
36819,2026-04-13 00:05:04+00,base-usdc-usdfc,true
36821,2026-04-13 00:10:02+00,eth-usdfc,true
36822,2026-04-13 00:10:03+00,fil-usdfc,true
36824,2026-04-13 00:10:04+00,polygon-usdc-usdfc,true
36823,2026-04-13 00:10:04+00,base-usdc-usdfc,true
36825,2026-04-13 00:15:02+00,eth-usdfc,true
36826,2026-04-13 00:15:03+00,fil-usdfc,true
36827,2026-04-13 00:15:04+00,base-usdc-usdfc,true
36828,2026-04-13 00:15:05+00,polygon-usdc-usdfc,true
36830,2026-04-13 00:20:02+00,fil-usdfc,true
36829,2026-04-13 00:20:02+00,eth-usdfc,true
36831,2026-04-13 00:20:03+00,base-usdc-usdfc,true
36832,2026-04-13 00:20:04+00,polygon-usdc-usdfc,true
36833,2026-04-13 00:25:01+00,eth-usdfc,true
36834,2026-04-13 00:25:03+00,fil-usdfc,true
36836,2026-04-13 00:25:04+00,polygon-usdc-usdfc,true
36835,2026-04-13 00:25:04+00,base-usdc-usdfc,true
36837,2026-04-13 00:30:01+00,eth-usdfc,true
36838,2026-04-13 00:30:02+00,fil-usdfc,true
36840,2026-04-13 00:30:03+00,polygon-usdc-usdfc,true
36839,2026-04-13 00:30:03+00,base-usdc-usdfc,true
36842,2026-04-13 00:35:02+00,fil-usdfc,true
36841,2026-04-13 00:35:02+00,eth-usdfc,true
36844,2026-04-13 00:35:04+00,polygon-usdc-usdfc,true
36843,2026-04-13 00:35:04+00,base-usdc-usdfc,true
36845,2026-04-13 00:40:02+00,eth-usdfc,true
36846,2026-04-13 00:40:03+00,fil-usdfc,true
36847,2026-04-13 00:40:04+00,base-usdc-usdfc,true
36848,2026-04-13 00:40:05+00,polygon-usdc-usdfc,true
36849,2026-04-13 00:45:02+00,eth-usdfc,true
36850,2026-04-13 00:45:03+00,fil-usdfc,true
36851,2026-04-13 00:45:04+00,base-usdc-usdfc,true
36852,2026-04-13 00:45:05+00,polygon-usdc-usdfc,true
36853,2026-04-13 00:50:02+00,eth-usdfc,true
36855,2026-04-13 00:50:03+00,base-usdc-usdfc,true
36854,2026-04-13 00:50:03+00,fil-usdfc,true
36856,2026-04-13 00:50:04+00,polygon-usdc-usdfc,true
36858,2026-04-13 00:55:02+00,fil-usdfc,true
36857,2026-04-13 00:55:02+00,eth-usdfc,true
36859,2026-04-13 00:55:03+00,base-usdc-usdfc,true
36860,2026-04-13 00:55:04+00,polygon-usdc-usdfc,true
36861,2026-04-13 01:00:02+00,eth-usdfc,true
36862,2026-04-13 01:00:03+00,fil-usdfc,true
36864,2026-04-13 01:00:04+00,polygon-usdc-usdfc,true
36863,2026-04-13 01:00:04+00,base-usdc-usdfc,true
36865,2026-04-13 01:05:02+00,eth-usdfc,true
36867,2026-04-13 01:05:03+00,base-usdc-usdfc,true
36866,2026-04-13 01:05:03+00,fil-usdfc,true
36868,2026-04-13 01:05:04+00,polygon-usdc-usdfc,true
36869,2026-04-13 01:10:01+00,eth-usdfc,true
36870,2026-04-13 01:10:03+00,fil-usdfc,true
36871,2026-04-13 01:10:04+00,base-usdc-usdfc,true
36872,2026-04-13 01:10:05+00,polygon-usdc-usdfc,true
36873,2026-04-13 01:15:02+00,eth-usdfc,true
36874,2026-04-13 01:15:03+00,fil-usdfc,true
36876,2026-04-13 01:15:05+00,polygon-usdc-usdfc,true
36875,2026-04-13 01:15:05+00,base-usdc-usdfc,true
36877,2026-04-13 01:20:01+00,eth-usdfc,true
36878,2026-04-13 01:20:05+00,fil-usdfc,true
36879,2026-04-13 01:20:07+00,base-usdc-usdfc,true
36880,2026-04-13 01:20:08+00,polygon-usdc-usdfc,true
36882,2026-04-13 01:25:02+00,fil-usdfc,true
36881,2026-04-13 01:25:02+00,eth-usdfc,true
36884,2026-04-13 01:25:05+00,polygon-usdc-usdfc,true
36883,2026-04-13 01:25:05+00,base-usdc-usdfc,true
36885,2026-04-13 01:30:02+00,eth-usdfc,true
36886,2026-04-13 01:30:03+00,fil-usdfc,true
36888,2026-04-13 01:30:04+00,polygon-usdc-usdfc,true
36887,2026-04-13 01:30:04+00,base-usdc-usdfc,true
36889,2026-04-13 01:35:01+00,eth-usdfc,true
36890,2026-04-13 01:35:02+00,fil-usdfc,true
36891,2026-04-13 01:35:03+00,base-usdc-usdfc,true
36892,2026-04-13 01:35:04+00,polygon-usdc-usdfc,true
36893,2026-04-13 01:40:02+00,eth-usdfc,true
36895,2026-04-13 01:40:03+00,base-usdc-usdfc,true
36894,2026-04-13 01:40:03+00,fil-usdfc,true
36896,2026-04-13 01:40:04+00,polygon-usdc-usdfc,true
36897,2026-04-13 01:45:02+00,eth-usdfc,true
36898,2026-04-13 01:45:03+00,fil-usdfc,true
36899,2026-04-13 01:45:04+00,base-usdc-usdfc,true
36900,2026-04-13 01:45:05+00,polygon-usdc-usdfc,true
36902,2026-04-13 01:50:02+00,fil-usdfc,true
36901,2026-04-13 01:50:02+00,eth-usdfc,true
36903,2026-04-13 01:50:03+00,base-usdc-usdfc,true
36904,2026-04-13 01:50:04+00,polygon-usdc-usdfc,true
36905,2026-04-13 01:55:01+00,eth-usdfc,true
36906,2026-04-13 01:55:02+00,fil-usdfc,true
36907,2026-04-13 01:55:03+00,base-usdc-usdfc,true
36908,2026-04-13 01:55:04+00,polygon-usdc-usdfc,true
36909,2026-04-13 02:00:01+00,eth-usdfc,true
36910,2026-04-13 02:00:02+00,fil-usdfc,true
36911,2026-04-13 02:00:03+00,base-usdc-usdfc,true
36912,2026-04-13 02:00:04+00,polygon-usdc-usdfc,true
36913,2026-04-13 02:05:02+00,eth-usdfc,true
36914,2026-04-13 02:05:03+00,fil-usdfc,true
36916,2026-04-13 02:05:04+00,polygon-usdc-usdfc,true
36915,2026-04-13 02:05:04+00,base-usdc-usdfc,true
36917,2026-04-13 02:10:01+00,eth-usdfc,true
36918,2026-04-13 02:10:02+00,fil-usdfc,true
36919,2026-04-13 02:10:03+00,base-usdc-usdfc,true
36920,2026-04-13 02:10:04+00,polygon-usdc-usdfc,true
36921,2026-04-13 02:15:02+00,eth-usdfc,true
36923,2026-04-13 02:15:03+00,base-usdc-usdfc,true
36922,2026-04-13 02:15:03+00,fil-usdfc,true
36924,2026-04-13 02:15:04+00,polygon-usdc-usdfc,true
36925,2026-04-13 02:20:02+00,eth-usdfc,true
36926,2026-04-13 02:20:03+00,fil-usdfc,true
36927,2026-04-13 02:20:04+00,base-usdc-usdfc,true
36928,2026-04-13 02:20:05+00,polygon-usdc-usdfc,true
36929,2026-04-13 02:25:01+00,eth-usdfc,true
36930,2026-04-13 02:25:02+00,fil-usdfc,true
36931,2026-04-13 02:25:03+00,base-usdc-usdfc,true
36932,2026-04-13 02:25:04+00,polygon-usdc-usdfc,true
36933,2026-04-13 02:30:02+00,eth-usdfc,true
36934,2026-04-13 02:30:03+00,fil-usdfc,true
36936,2026-04-13 02:30:04+00,polygon-usdc-usdfc,true
36935,2026-04-13 02:30:04+00,base-usdc-usdfc,true
36937,2026-04-13 02:35:01+00,eth-usdfc,true
36938,2026-04-13 02:35:02+00,fil-usdfc,true
36939,2026-04-13 02:35:03+00,base-usdc-usdfc,true
36940,2026-04-13 02:35:04+00,polygon-usdc-usdfc,true
36941,2026-04-13 02:40:02+00,eth-usdfc,true
36942,2026-04-13 02:40:03+00,fil-usdfc,true
36944,2026-04-13 02:40:04+00,polygon-usdc-usdfc,true
36943,2026-04-13 02:40:04+00,base-usdc-usdfc,true
36945,2026-04-13 02:45:01+00,eth-usdfc,true
36946,2026-04-13 02:45:02+00,fil-usdfc,true
36947,2026-04-13 02:45:03+00,base-usdc-usdfc,true
36948,2026-04-13 02:45:04+00,polygon-usdc-usdfc,true
36950,2026-04-13 02:50:02+00,fil-usdfc,true
36949,2026-04-13 02:50:02+00,eth-usdfc,true
36951,2026-04-13 02:50:03+00,base-usdc-usdfc,true
36952,2026-04-13 02:50:04+00,polygon-usdc-usdfc,true
36953,2026-04-13 02:55:02+00,eth-usdfc,true
36954,2026-04-13 02:55:03+00,fil-usdfc,true
36955,2026-04-13 02:55:04+00,base-usdc-usdfc,true
36956,2026-04-13 02:55:10+00,polygon-usdc-usdfc,true
36957,2026-04-13 03:00:02+00,eth-usdfc,true
36958,2026-04-13 03:00:03+00,fil-usdfc,true
36960,2026-04-13 03:00:04+00,polygon-usdc-usdfc,true
36959,2026-04-13 03:00:04+00,base-usdc-usdfc,true
36961,2026-04-13 03:05:01+00,eth-usdfc,true
36962,2026-04-13 03:05:02+00,fil-usdfc,true
36963,2026-04-13 03:05:03+00,base-usdc-usdfc,true
36964,2026-04-13 03:05:04+00,polygon-usdc-usdfc,true
36965,2026-04-13 03:10:02+00,eth-usdfc,true
36966,2026-04-13 03:10:03+00,fil-usdfc,true
36967,2026-04-13 03:10:05+00,base-usdc-usdfc,true
36968,2026-04-13 03:10:06+00,polygon-usdc-usdfc,true
36969,2026-04-13 03:15:02+00,eth-usdfc,true
36970,2026-04-13 03:15:03+00,fil-usdfc,true
36972,2026-04-13 03:15:04+00,polygon-usdc-usdfc,true
36971,2026-04-13 03:15:04+00,base-usdc-usdfc,true
36973,2026-04-13 03:20:01+00,eth-usdfc,true
36974,2026-04-13 03:20:03+00,fil-usdfc,true
36976,2026-04-13 03:20:05+00,polygon-usdc-usdfc,true
36975,2026-04-13 03:20:05+00,base-usdc-usdfc,true
36977,2026-04-13 03:25:02+00,eth-usdfc,true
36978,2026-04-13 03:25:04+00,fil-usdfc,true
36979,2026-04-13 03:25:07+00,base-usdc-usdfc,true
36980,2026-04-13 03:25:16+00,polygon-usdc-usdfc,true
36981,2026-04-13 03:30:01+00,eth-usdfc,true
36982,2026-04-13 03:30:03+00,fil-usdfc,true
36983,2026-04-13 03:30:05+00,base-usdc-usdfc,true
36984,2026-04-13 03:30:07+00,polygon-usdc-usdfc,true
36985,2026-04-13 03:35:02+00,eth-usdfc,true
36986,2026-04-13 03:35:04+00,fil-usdfc,true
36987,2026-04-13 03:35:12+00,base-usdc-usdfc,true
36988,2026-04-13 03:35:18+00,polygon-usdc-usdfc,true
36989,2026-04-13 03:40:02+00,eth-usdfc,true
36990,2026-04-13 03:40:03+00,fil-usdfc,true
36992,2026-04-13 03:40:04+00,polygon-usdc-usdfc,true
36991,2026-04-13 03:40:04+00,base-usdc-usdfc,true
36993,2026-04-13 03:45:02+00,eth-usdfc,true
36994,2026-04-13 03:45:03+00,fil-usdfc,true
36996,2026-04-13 03:45:04+00,polygon-usdc-usdfc,true
36995,2026-04-13 03:45:04+00,base-usdc-usdfc,true
36998,2026-04-13 03:50:02+00,fil-usdfc,true
36997,2026-04-13 03:50:02+00,eth-usdfc,true
36999,2026-04-13 03:50:03+00,base-usdc-usdfc,true
37000,2026-04-13 03:50:04+00,polygon-usdc-usdfc,true
37002,2026-04-13 03:55:02+00,fil-usdfc,true
37001,2026-04-13 03:55:02+00,eth-usdfc,true
37003,2026-04-13 03:55:03+00,base-usdc-usdfc,true
37004,2026-04-13 03:55:04+00,polygon-usdc-usdfc,true
37005,2026-04-13 04:00:01+00,eth-usdfc,true
37006,2026-04-13 04:00:02+00,fil-usdfc,true
37007,2026-04-13 04:00:03+00,base-usdc-usdfc,true
37008,2026-04-13 04:00:04+00,polygon-usdc-usdfc,true
37009,2026-04-13 04:05:02+00,eth-usdfc,true
37010,2026-04-13 04:05:03+00,fil-usdfc,true
37012,2026-04-13 04:05:04+00,polygon-usdc-usdfc,true
37011,2026-04-13 04:05:04+00,base-usdc-usdfc,true
37013,2026-04-13 04:10:02+00,eth-usdfc,true
37014,2026-04-13 04:10:03+00,fil-usdfc,true
37016,2026-04-13 04:10:04+00,polygon-usdc-usdfc,true
37015,2026-04-13 04:10:04+00,base-usdc-usdfc,true
37017,2026-04-13 04:15:02+00,eth-usdfc,true
37018,2026-04-13 04:15:03+00,fil-usdfc,true
37020,2026-04-13 04:15:04+00,polygon-usdc-usdfc,true
37019,2026-04-13 04:15:04+00,base-usdc-usdfc,true
37021,2026-04-13 04:20:01+00,eth-usdfc,true
37022,2026-04-13 04:20:02+00,fil-usdfc,true
37024,2026-04-13 04:20:03+00,polygon-usdc-usdfc,true
37023,2026-04-13 04:20:03+00,base-usdc-usdfc,true
37026,2026-04-13 04:25:02+00,fil-usdfc,true
37025,2026-04-13 04:25:02+00,eth-usdfc,true
37027,2026-04-13 04:25:03+00,base-usdc-usdfc,true
37028,2026-04-13 04:25:04+00,polygon-usdc-usdfc,true
37029,2026-04-13 04:30:02+00,eth-usdfc,true
37030,2026-04-13 04:30:03+00,fil-usdfc,true
37031,2026-04-13 04:30:04+00,base-usdc-usdfc,true
37032,2026-04-13 04:30:05+00,polygon-usdc-usdfc,true
37033,2026-04-13 04:35:02+00,eth-usdfc,true
37034,2026-04-13 04:35:03+00,fil-usdfc,true
37036,2026-04-13 04:35:04+00,polygon-usdc-usdfc,true
37035,2026-04-13 04:35:04+00,base-usdc-usdfc,true
37037,2026-04-13 04:40:02+00,eth-usdfc,true
37038,2026-04-13 04:40:03+00,fil-usdfc,true
37040,2026-04-13 04:40:04+00,polygon-usdc-usdfc,true
37039,2026-04-13 04:40:04+00,base-usdc-usdfc,true
37041,2026-04-13 04:45:01+00,eth-usdfc,true
37042,2026-04-13 04:45:02+00,fil-usdfc,true
37043,2026-04-13 04:45:03+00,base-usdc-usdfc,true
37044,2026-04-13 04:45:04+00,polygon-usdc-usdfc,true
37045,2026-04-13 04:50:02+00,eth-usdfc,true
37046,2026-04-13 04:50:03+00,fil-usdfc,true
37047,2026-04-13 04:50:04+00,base-usdc-usdfc,true
37048,2026-04-13 04:50:05+00,polygon-usdc-usdfc,true
37049,2026-04-13 04:55:02+00,eth-usdfc,true
37050,2026-04-13 04:55:03+00,fil-usdfc,true
37052,2026-04-13 04:55:04+00,polygon-usdc-usdfc,true
37051,2026-04-13 04:55:04+00,base-usdc-usdfc,true
37053,2026-04-13 05:00:02+00,eth-usdfc,true
37054,2026-04-13 05:00:03+00,fil-usdfc,true
37056,2026-04-13 05:00:04+00,polygon-usdc-usdfc,true
37055,2026-04-13 05:00:04+00,base-usdc-usdfc,true
37057,2026-04-13 05:05:01+00,eth-usdfc,true
37058,2026-04-13 05:05:02+00,fil-usdfc,true
37059,2026-04-13 05:05:03+00,base-usdc-usdfc,true
37060,2026-04-13 05:05:04+00,polygon-usdc-usdfc,true
37061,2026-04-13 05:10:01+00,eth-usdfc,true
37062,2026-04-13 05:10:02+00,fil-usdfc,true
37063,2026-04-13 05:10:03+00,base-usdc-usdfc,true
37064,2026-04-13 05:10:04+00,polygon-usdc-usdfc,true
37065,2026-04-13 05:15:02+00,eth-usdfc,true
37066,2026-04-13 05:15:03+00,fil-usdfc,true
37067,2026-04-13 05:15:04+00,base-usdc-usdfc,true
37068,2026-04-13 05:15:05+00,polygon-usdc-usdfc,true
37069,2026-04-13 05:20:02+00,eth-usdfc,true
37071,2026-04-13 05:20:03+00,base-usdc-usdfc,true
37070,2026-04-13 05:20:03+00,fil-usdfc,true
37072,2026-04-13 05:20:04+00,polygon-usdc-usdfc,true
37073,2026-04-13 05:25:01+00,eth-usdfc,true
37074,2026-04-13 05:25:02+00,fil-usdfc,true
37075,2026-04-13 05:25:03+00,base-usdc-usdfc,true
37076,2026-04-13 05:25:04+00,polygon-usdc-usdfc,true
37077,2026-04-13 05:30:01+00,eth-usdfc,true
37078,2026-04-13 05:30:02+00,fil-usdfc,true
37079,2026-04-13 05:30:03+00,base-usdc-usdfc,true
37080,2026-04-13 05:30:04+00,polygon-usdc-usdfc,true
37081,2026-04-13 05:35:02+00,eth-usdfc,true
37083,2026-04-13 05:35:03+00,base-usdc-usdfc,true
37082,2026-04-13 05:35:03+00,fil-usdfc,true
37084,2026-04-13 05:35:04+00,polygon-usdc-usdfc,true
37085,2026-04-13 05:40:02+00,eth-usdfc,true
37086,2026-04-13 05:40:03+00,fil-usdfc,true
37088,2026-04-13 05:40:04+00,polygon-usdc-usdfc,true
37087,2026-04-13 05:40:04+00,base-usdc-usdfc,true
37089,2026-04-13 05:45:02+00,eth-usdfc,true
37090,2026-04-13 05:45:03+00,fil-usdfc,true
37091,2026-04-13 05:45:04+00,base-usdc-usdfc,true
37092,2026-04-13 05:45:05+00,polygon-usdc-usdfc,true
37093,2026-04-13 05:50:01+00,eth-usdfc,true
37094,2026-04-13 05:50:02+00,fil-usdfc,true
37095,2026-04-13 05:50:03+00,base-usdc-usdfc,true
37096,2026-04-13 05:50:05+00,polygon-usdc-usdfc,true
37098,2026-04-13 05:55:02+00,fil-usdfc,true
37097,2026-04-13 05:55:02+00,eth-usdfc,true
37099,2026-04-13 05:55:03+00,base-usdc-usdfc,true
37100,2026-04-13 05:55:04+00,polygon-usdc-usdfc,true
37101,2026-04-13 06:00:02+00,eth-usdfc,true
37102,2026-04-13 06:00:03+00,fil-usdfc,true
37103,2026-04-13 06:00:04+00,base-usdc-usdfc,true
37104,2026-04-13 06:00:05+00,polygon-usdc-usdfc,true
37105,2026-04-13 06:05:02+00,eth-usdfc,true
37106,2026-04-13 06:05:03+00,fil-usdfc,true
37107,2026-04-13 06:05:04+00,base-usdc-usdfc,true
37108,2026-04-13 06:05:05+00,polygon-usdc-usdfc,true
37109,2026-04-13 06:10:02+00,eth-usdfc,true
37111,2026-04-13 06:10:03+00,base-usdc-usdfc,true
37110,2026-04-13 06:10:03+00,fil-usdfc,true
37112,2026-04-13 06:10:04+00,polygon-usdc-usdfc,true
37113,2026-04-13 06:15:02+00,eth-usdfc,true
37114,2026-04-13 06:15:03+00,fil-usdfc,true
37115,2026-04-13 06:15:04+00,base-usdc-usdfc,true
37116,2026-04-13 06:15:05+00,polygon-usdc-usdfc,true
37117,2026-04-13 06:20:01+00,eth-usdfc,true
37118,2026-04-13 06:20:02+00,fil-usdfc,true
37119,2026-04-13 06:20:03+00,base-usdc-usdfc,true
37120,2026-04-13 06:20:04+00,polygon-usdc-usdfc,true
37122,2026-04-13 06:25:02+00,fil-usdfc,true
37121,2026-04-13 06:25:02+00,eth-usdfc,true
37123,2026-04-13 06:25:03+00,base-usdc-usdfc,true
37124,2026-04-13 06:25:04+00,polygon-usdc-usdfc,true
37125,2026-04-13 06:30:02+00,eth-usdfc,true
37126,2026-04-13 06:30:03+00,fil-usdfc,true
37128,2026-04-13 06:30:04+00,polygon-usdc-usdfc,true
37127,2026-04-13 06:30:04+00,base-usdc-usdfc,true
37129,2026-04-13 06:35:02+00,eth-usdfc,true
37130,2026-04-13 06:35:07+00,fil-usdfc,true
37131,2026-04-13 06:35:08+00,base-usdc-usdfc,true
37132,2026-04-13 06:35:09+00,polygon-usdc-usdfc,true
37133,2026-04-13 06:40:01+00,eth-usdfc,true
37134,2026-04-13 06:40:02+00,fil-usdfc,true
37135,2026-04-13 06:40:03+00,base-usdc-usdfc,true
37136,2026-04-13 06:40:04+00,polygon-usdc-usdfc,true
37137,2026-04-13 06:45:02+00,eth-usdfc,true
37138,2026-04-13 06:45:03+00,fil-usdfc,true
37140,2026-04-13 06:45:04+00,polygon-usdc-usdfc,true
37139,2026-04-13 06:45:04+00,base-usdc-usdfc,true
37141,2026-04-13 06:50:01+00,eth-usdfc,true
37142,2026-04-13 06:50:02+00,fil-usdfc,true
37143,2026-04-13 06:50:03+00,base-usdc-usdfc,true
37144,2026-04-13 06:50:04+00,polygon-usdc-usdfc,true
37145,2026-04-13 06:55:02+00,eth-usdfc,true
37146,2026-04-13 06:55:03+00,fil-usdfc,true
37147,2026-04-13 06:55:04+00,base-usdc-usdfc,true
37148,2026-04-13 06:55:05+00,polygon-usdc-usdfc,true
37150,2026-04-13 07:00:02+00,fil-usdfc,true
37149,2026-04-13 07:00:02+00,eth-usdfc,true
37151,2026-04-13 07:00:03+00,base-usdc-usdfc,true
37152,2026-04-13 07:00:04+00,polygon-usdc-usdfc,true
37153,2026-04-13 07:05:02+00,eth-usdfc,true
37154,2026-04-13 07:05:03+00,fil-usdfc,true
37155,2026-04-13 07:05:04+00,base-usdc-usdfc,true
37156,2026-04-13 07:05:05+00,polygon-usdc-usdfc,true
37157,2026-04-13 07:10:02+00,eth-usdfc,true
37158,2026-04-13 07:10:03+00,fil-usdfc,true
37160,2026-04-13 07:10:04+00,polygon-usdc-usdfc,true
37159,2026-04-13 07:10:04+00,base-usdc-usdfc,true
37161,2026-04-13 07:15:02+00,eth-usdfc,true
37162,2026-04-13 07:15:03+00,fil-usdfc,true
37164,2026-04-13 07:15:04+00,polygon-usdc-usdfc,true
37163,2026-04-13 07:15:04+00,base-usdc-usdfc,true
37165,2026-04-13 07:20:02+00,eth-usdfc,true
37166,2026-04-13 07:20:03+00,fil-usdfc,true
37168,2026-04-13 07:20:04+00,polygon-usdc-usdfc,true
37167,2026-04-13 07:20:04+00,base-usdc-usdfc,true
37169,2026-04-13 07:25:02+00,eth-usdfc,true
37170,2026-04-13 07:25:03+00,fil-usdfc,true
37171,2026-04-13 07:25:04+00,base-usdc-usdfc,true
37172,2026-04-13 07:25:05+00,polygon-usdc-usdfc,true
37174,2026-04-13 07:30:02+00,fil-usdfc,true
37173,2026-04-13 07:30:02+00,eth-usdfc,true
37175,2026-04-13 07:30:03+00,base-usdc-usdfc,true
37176,2026-04-13 07:30:04+00,polygon-usdc-usdfc,true
37177,2026-04-13 07:35:01+00,eth-usdfc,true
37178,2026-04-13 07:35:02+00,fil-usdfc,true
37179,2026-04-13 07:35:03+00,base-usdc-usdfc,true
37180,2026-04-13 07:35:04+00,polygon-usdc-usdfc,true
37181,2026-04-13 07:40:02+00,eth-usdfc,true
37182,2026-04-13 07:40:07+00,fil-usdfc,true
37183,2026-04-13 07:40:09+00,base-usdc-usdfc,true
37184,2026-04-13 07:40:13+00,polygon-usdc-usdfc,true
37185,2026-04-13 07:45:02+00,eth-usdfc,true
37186,2026-04-13 07:45:03+00,fil-usdfc,true
37187,2026-04-13 07:45:04+00,base-usdc-usdfc,true
37188,2026-04-13 07:45:05+00,polygon-usdc-usdfc,true
37189,2026-04-13 07:50:02+00,eth-usdfc,true
37191,2026-04-13 07:50:03+00,base-usdc-usdfc,true
37190,2026-04-13 07:50:03+00,fil-usdfc,true
37192,2026-04-13 07:50:04+00,polygon-usdc-usdfc,true
37193,2026-04-13 07:55:01+00,eth-usdfc,true
37194,2026-04-13 07:55:02+00,fil-usdfc,true
37195,2026-04-13 07:55:03+00,base-usdc-usdfc,true
37196,2026-04-13 07:55:04+00,polygon-usdc-usdfc,true
37197,2026-04-13 08:00:02+00,eth-usdfc,true
37198,2026-04-13 08:00:03+00,fil-usdfc,true
37199,2026-04-13 08:00:04+00,base-usdc-usdfc,true
37200,2026-04-13 08:00:05+00,polygon-usdc-usdfc,true
37201,2026-04-13 08:05:02+00,eth-usdfc,true
37202,2026-04-13 08:05:03+00,fil-usdfc,true
37204,2026-04-13 08:05:04+00,polygon-usdc-usdfc,true
37203,2026-04-13 08:05:04+00,base-usdc-usdfc,true
37206,2026-04-13 08:10:02+00,fil-usdfc,true
37205,2026-04-13 08:10:02+00,eth-usdfc,true
37207,2026-04-13 08:10:03+00,base-usdc-usdfc,true
37208,2026-04-13 08:10:04+00,polygon-usdc-usdfc,true
37209,2026-04-13 08:15:02+00,eth-usdfc,true
37211,2026-04-13 08:15:03+00,base-usdc-usdfc,true
37210,2026-04-13 08:15:03+00,fil-usdfc,true
37212,2026-04-13 08:15:04+00,polygon-usdc-usdfc,true
37213,2026-04-13 08:20:02+00,eth-usdfc,true
37214,2026-04-13 08:20:03+00,fil-usdfc,true
37216,2026-04-13 08:20:04+00,polygon-usdc-usdfc,true
37215,2026-04-13 08:20:04+00,base-usdc-usdfc,true
37217,2026-04-13 08:25:02+00,eth-usdfc,true
37219,2026-04-13 08:25:03+00,base-usdc-usdfc,true
37218,2026-04-13 08:25:03+00,fil-usdfc,true
37220,2026-04-13 08:25:04+00,polygon-usdc-usdfc,true
37221,2026-04-13 08:30:02+00,eth-usdfc,true
37222,2026-04-13 08:30:03+00,fil-usdfc,true
37223,2026-04-13 08:30:04+00,base-usdc-usdfc,true
37224,2026-04-13 08:30:05+00,polygon-usdc-usdfc,true
37226,2026-04-13 08:35:02+00,fil-usdfc,true
37225,2026-04-13 08:35:02+00,eth-usdfc,true
37227,2026-04-13 08:35:03+00,base-usdc-usdfc,true
37228,2026-04-13 08:35:04+00,polygon-usdc-usdfc,true
37229,2026-04-13 08:40:01+00,eth-usdfc,true
37230,2026-04-13 08:40:02+00,fil-usdfc,true
37231,2026-04-13 08:40:03+00,base-usdc-usdfc,true
37232,2026-04-13 08:40:04+00,polygon-usdc-usdfc,true
37233,2026-04-13 08:45:02+00,eth-usdfc,true
37234,2026-04-13 08:45:03+00,fil-usdfc,true
37235,2026-04-13 08:45:04+00,base-usdc-usdfc,true
37236,2026-04-13 08:45:06+00,polygon-usdc-usdfc,true
37237,2026-04-13 08:50:02+00,eth-usdfc,true
37239,2026-04-13 08:50:03+00,base-usdc-usdfc,true
37238,2026-04-13 08:50:03+00,fil-usdfc,true
37240,2026-04-13 08:50:04+00,polygon-usdc-usdfc,true
37241,2026-04-13 08:55:01+00,eth-usdfc,true
37242,2026-04-13 08:55:02+00,fil-usdfc,true
37243,2026-04-13 08:55:03+00,base-usdc-usdfc,true
37244,2026-04-13 08:55:04+00,polygon-usdc-usdfc,true
37245,2026-04-13 09:00:02+00,eth-usdfc,true
37246,2026-04-13 09:00:03+00,fil-usdfc,true
37247,2026-04-13 09:00:04+00,base-usdc-usdfc,true
37248,2026-04-13 09:00:05+00,polygon-usdc-usdfc,true
37249,2026-04-13 09:05:01+00,eth-usdfc,true
37250,2026-04-13 09:05:03+00,fil-usdfc,true
37251,2026-04-13 09:05:04+00,base-usdc-usdfc,true
37252,2026-04-13 09:05:10+00,polygon-usdc-usdfc,true
37253,2026-04-13 09:10:01+00,eth-usdfc,true
37254,2026-04-13 09:10:02+00,fil-usdfc,true
37255,2026-04-13 09:10:03+00,base-usdc-usdfc,true
37256,2026-04-13 09:10:04+00,polygon-usdc-usdfc,true
37257,2026-04-13 09:15:02+00,eth-usdfc,true
37258,2026-04-13 09:15:03+00,fil-usdfc,true
37259,2026-04-13 09:15:04+00,base-usdc-usdfc,true
37260,2026-04-13 09:15:05+00,polygon-usdc-usdfc,true
37261,2026-04-13 09:20:01+00,eth-usdfc,true
37262,2026-04-13 09:20:02+00,fil-usdfc,true
37264,2026-04-13 09:20:03+00,polygon-usdc-usdfc,true
37263,2026-04-13 09:20:03+00,base-usdc-usdfc,true
37265,2026-04-13 09:25:02+00,eth-usdfc,true
37266,2026-04-13 09:25:03+00,fil-usdfc,true
37267,2026-04-13 09:25:04+00,base-usdc-usdfc,true
37268,2026-04-13 09:25:05+00,polygon-usdc-usdfc,true
37269,2026-04-13 09:30:01+00,eth-usdfc,true
37270,2026-04-13 09:30:02+00,fil-usdfc,true
37271,2026-04-13 09:30:03+00,base-usdc-usdfc,true
37272,2026-04-13 09:30:04+00,polygon-usdc-usdfc,true
37274,2026-04-13 09:35:02+00,fil-usdfc,true
37273,2026-04-13 09:35:02+00,eth-usdfc,true
37275,2026-04-13 09:35:03+00,base-usdc-usdfc,true
37276,2026-04-13 09:35:04+00,polygon-usdc-usdfc,true
37277,2026-04-13 09:40:02+00,eth-usdfc,true
37278,2026-04-13 09:40:03+00,fil-usdfc,true
37279,2026-04-13 09:40:04+00,base-usdc-usdfc,true
37280,2026-04-13 09:40:05+00,polygon-usdc-usdfc,true
37281,2026-04-13 09:45:01+00,eth-usdfc,true
37282,2026-04-13 09:45:02+00,fil-usdfc,true
37283,2026-04-13 09:45:03+00,base-usdc-usdfc,true
37284,2026-04-13 09:45:04+00,polygon-usdc-usdfc,true
37285,2026-04-13 09:50:01+00,eth-usdfc,true
37286,2026-04-13 09:50:03+00,fil-usdfc,true
37287,2026-04-13 09:50:04+00,base-usdc-usdfc,true
37288,2026-04-13 09:50:06+00,polygon-usdc-usdfc,true
37290,2026-04-13 09:55:02+00,fil-usdfc,true
37289,2026-04-13 09:55:02+00,eth-usdfc,true
37291,2026-04-13 09:55:04+00,base-usdc-usdfc,true
37292,2026-04-13 09:55:06+00,polygon-usdc-usdfc,true
37293,2026-04-13 10:00:02+00,eth-usdfc,true
37294,2026-04-13 10:00:03+00,fil-usdfc,true
37295,2026-04-13 10:00:04+00,base-usdc-usdfc,true
37296,2026-04-13 10:00:05+00,polygon-usdc-usdfc,true
37297,2026-04-13 10:05:02+00,eth-usdfc,true
37298,2026-04-13 10:05:03+00,fil-usdfc,true
37299,2026-04-13 10:05:05+00,base-usdc-usdfc,true
37300,2026-04-13 10:05:06+00,polygon-usdc-usdfc,true
37301,2026-04-13 10:10:02+00,eth-usdfc,true
37302,2026-04-13 10:10:04+00,fil-usdfc,true
37303,2026-04-13 10:10:05+00,base-usdc-usdfc,true
37304,2026-04-13 10:10:06+00,polygon-usdc-usdfc,true
37305,2026-04-13 10:15:01+00,eth-usdfc,true
37306,2026-04-13 10:15:02+00,fil-usdfc,true
37307,2026-04-13 10:15:03+00,base-usdc-usdfc,true
37308,2026-04-13 10:15:04+00,polygon-usdc-usdfc,true
37309,2026-04-13 10:20:02+00,eth-usdfc,true
37310,2026-04-13 10:20:03+00,fil-usdfc,true
37311,2026-04-13 10:20:04+00,base-usdc-usdfc,true
37312,2026-04-13 10:20:06+00,polygon-usdc-usdfc,true
37313,2026-04-13 10:25:02+00,eth-usdfc,true
37314,2026-04-13 10:25:03+00,fil-usdfc,true
37315,2026-04-13 10:25:05+00,base-usdc-usdfc,true
37316,2026-04-13 10:25:06+00,polygon-usdc-usdfc,true
37317,2026-04-13 10:30:01+00,eth-usdfc,true
37318,2026-04-13 10:30:03+00,fil-usdfc,true
37319,2026-04-13 10:30:06+00,base-usdc-usdfc,true
37320,2026-04-13 10:30:08+00,polygon-usdc-usdfc,true
37321,2026-04-13 10:35:02+00,eth-usdfc,true
37322,2026-04-13 10:35:03+00,fil-usdfc,true
37324,2026-04-13 10:35:04+00,polygon-usdc-usdfc,true
37323,2026-04-13 10:35:04+00,base-usdc-usdfc,true
37325,2026-04-13 10:40:02+00,eth-usdfc,true
37326,2026-04-13 10:40:03+00,fil-usdfc,true
37327,2026-04-13 10:40:13+00,base-usdc-usdfc,true
37328,2026-04-13 10:40:14+00,polygon-usdc-usdfc,true
37329,2026-04-13 10:45:02+00,eth-usdfc,true
37330,2026-04-13 10:45:04+00,fil-usdfc,true
37331,2026-04-13 10:45:05+00,base-usdc-usdfc,true
37332,2026-04-13 10:45:06+00,polygon-usdc-usdfc,true
37333,2026-04-13 10:50:02+00,eth-usdfc,true
37334,2026-04-13 10:50:03+00,fil-usdfc,true
37335,2026-04-13 10:50:04+00,base-usdc-usdfc,true
37336,2026-04-13 10:50:05+00,polygon-usdc-usdfc,true
37337,2026-04-13 10:55:02+00,eth-usdfc,true
37338,2026-04-13 10:55:03+00,fil-usdfc,true
37339,2026-04-13 10:55:04+00,base-usdc-usdfc,true
37340,2026-04-13 10:55:05+00,polygon-usdc-usdfc,true
37341,2026-04-13 11:00:01+00,eth-usdfc,true
37342,2026-04-13 11:00:02+00,fil-usdfc,true
37343,2026-04-13 11:00:04+00,base-usdc-usdfc,true
37344,2026-04-13 11:00:05+00,polygon-usdc-usdfc,true
37345,2026-04-13 11:05:02+00,eth-usdfc,true
37346,2026-04-13 11:05:03+00,fil-usdfc,true
37347,2026-04-13 11:05:04+00,base-usdc-usdfc,true
37348,2026-04-13 11:05:05+00,polygon-usdc-usdfc,true
37349,2026-04-13 11:10:01+00,eth-usdfc,true
37350,2026-04-13 11:10:02+00,fil-usdfc,true
37351,2026-04-13 11:10:04+00,base-usdc-usdfc,true
37352,2026-04-13 11:10:05+00,polygon-usdc-usdfc,true
37353,2026-04-13 11:15:01+00,eth-usdfc,true
37354,2026-04-13 11:15:02+00,fil-usdfc,true
37355,2026-04-13 11:15:03+00,base-usdc-usdfc,true
37356,2026-04-13 11:15:04+00,polygon-usdc-usdfc,true
37357,2026-04-13 11:20:02+00,eth-usdfc,true
37358,2026-04-13 11:20:03+00,fil-usdfc,true
37360,2026-04-13 11:20:05+00,polygon-usdc-usdfc,true
37359,2026-04-13 11:20:05+00,base-usdc-usdfc,true
37361,2026-04-13 11:25:02+00,eth-usdfc,true
37362,2026-04-13 11:25:03+00,fil-usdfc,true
37364,2026-04-13 11:25:04+00,polygon-usdc-usdfc,true
37363,2026-04-13 11:25:04+00,base-usdc-usdfc,true
37365,2026-04-13 11:30:01+00,eth-usdfc,true
37366,2026-04-13 11:30:04+00,fil-usdfc,true
37367,2026-04-13 11:30:05+00,base-usdc-usdfc,true
37368,2026-04-13 11:30:06+00,polygon-usdc-usdfc,true
37369,2026-04-13 11:35:01+00,eth-usdfc,true
37370,2026-04-13 11:35:03+00,fil-usdfc,true
37371,2026-04-13 11:35:04+00,base-usdc-usdfc,true
37372,2026-04-13 11:35:05+00,polygon-usdc-usdfc,true
37373,2026-04-13 11:40:02+00,eth-usdfc,true
37374,2026-04-13 11:40:03+00,fil-usdfc,true
37375,2026-04-13 11:40:04+00,base-usdc-usdfc,true
37376,2026-04-13 11:40:06+00,polygon-usdc-usdfc,true
37377,2026-04-13 11:45:02+00,eth-usdfc,true
37378,2026-04-13 11:45:03+00,fil-usdfc,true
37379,2026-04-13 11:45:04+00,base-usdc-usdfc,true
37380,2026-04-13 11:45:05+00,polygon-usdc-usdfc,true
37381,2026-04-13 11:50:02+00,eth-usdfc,true
37382,2026-04-13 11:50:03+00,fil-usdfc,true
37383,2026-04-13 11:50:04+00,base-usdc-usdfc,true
37384,2026-04-13 11:50:06+00,polygon-usdc-usdfc,true
37385,2026-04-13 11:55:01+00,eth-usdfc,true
37386,2026-04-13 11:55:02+00,fil-usdfc,true
37387,2026-04-13 11:55:05+00,base-usdc-usdfc,true
37388,2026-04-13 11:55:06+00,polygon-usdc-usdfc,true
37389,2026-04-13 12:00:02+00,eth-usdfc,true
37390,2026-04-13 12:00:03+00,fil-usdfc,true
37392,2026-04-13 12:00:04+00,polygon-usdc-usdfc,true
37391,2026-04-13 12:00:04+00,base-usdc-usdfc,true
37393,2026-04-13 12:05:01+00,eth-usdfc,true
37394,2026-04-13 12:05:03+00,fil-usdfc,true
37396,2026-04-13 12:05:04+00,polygon-usdc-usdfc,true
37395,2026-04-13 12:05:04+00,base-usdc-usdfc,true
37397,2026-04-13 12:10:02+00,eth-usdfc,true
37398,2026-04-13 12:10:06+00,fil-usdfc,true
37399,2026-04-13 12:10:07+00,base-usdc-usdfc,true
37400,2026-04-13 12:10:08+00,polygon-usdc-usdfc,true
37401,2026-04-13 12:15:01+00,eth-usdfc,true
37403,2026-04-13 12:15:03+00,base-usdc-usdfc,true
37402,2026-04-13 12:15:03+00,fil-usdfc,true
37404,2026-04-13 12:15:04+00,polygon-usdc-usdfc,true
37405,2026-04-13 12:20:02+00,eth-usdfc,true
37406,2026-04-13 12:20:03+00,fil-usdfc,true
37408,2026-04-13 12:20:05+00,polygon-usdc-usdfc,true
37407,2026-04-13 12:20:05+00,base-usdc-usdfc,true
37409,2026-04-13 12:25:02+00,eth-usdfc,true
37410,2026-04-13 12:25:03+00,fil-usdfc,true
37411,2026-04-13 12:25:04+00,base-usdc-usdfc,true
37412,2026-04-13 12:25:08+00,polygon-usdc-usdfc,true
37413,2026-04-13 12:30:02+00,eth-usdfc,true
37414,2026-04-13 12:30:04+00,fil-usdfc,true
37415,2026-04-13 12:30:05+00,base-usdc-usdfc,true
37416,2026-04-13 12:30:07+00,polygon-usdc-usdfc,true
37417,2026-04-13 12:35:02+00,eth-usdfc,true
37418,2026-04-13 12:35:04+00,fil-usdfc,true
37419,2026-04-13 12:35:05+00,base-usdc-usdfc,true
37420,2026-04-13 12:35:06+00,polygon-usdc-usdfc,true
37421,2026-04-13 12:40:02+00,eth-usdfc,true
37422,2026-04-13 12:40:03+00,fil-usdfc,true
37423,2026-04-13 12:40:05+00,base-usdc-usdfc,true
37424,2026-04-13 12:40:06+00,polygon-usdc-usdfc,true
37425,2026-04-13 12:45:01+00,eth-usdfc,true
37426,2026-04-13 12:45:03+00,fil-usdfc,true
37427,2026-04-13 12:45:04+00,base-usdc-usdfc,true
37428,2026-04-13 12:45:05+00,polygon-usdc-usdfc,true
37429,2026-04-13 12:50:02+00,eth-usdfc,true
37430,2026-04-13 12:50:04+00,fil-usdfc,true
37432,2026-04-13 12:50:05+00,polygon-usdc-usdfc,true
37431,2026-04-13 12:50:05+00,base-usdc-usdfc,true
37433,2026-04-13 12:55:01+00,eth-usdfc,true
37434,2026-04-13 12:55:03+00,fil-usdfc,true
37436,2026-04-13 12:55:04+00,polygon-usdc-usdfc,true
37435,2026-04-13 12:55:04+00,base-usdc-usdfc,true
37437,2026-04-13 13:00:02+00,eth-usdfc,true
37438,2026-04-13 13:00:03+00,fil-usdfc,true
37439,2026-04-13 13:00:04+00,base-usdc-usdfc,true
37440,2026-04-13 13:00:05+00,polygon-usdc-usdfc,true
37441,2026-04-13 13:05:02+00,eth-usdfc,true
37442,2026-04-13 13:05:05+00,fil-usdfc,true
37444,2026-04-13 13:05:06+00,polygon-usdc-usdfc,true
37443,2026-04-13 13:05:06+00,base-usdc-usdfc,true
37445,2026-04-13 13:10:01+00,eth-usdfc,true
37446,2026-04-13 13:10:03+00,fil-usdfc,true
37447,2026-04-13 13:10:04+00,base-usdc-usdfc,true
37448,2026-04-13 13:10:05+00,polygon-usdc-usdfc,true
37449,2026-04-13 13:15:01+00,eth-usdfc,true
37450,2026-04-13 13:15:03+00,fil-usdfc,true
37451,2026-04-13 13:15:04+00,base-usdc-usdfc,true
37452,2026-04-13 13:15:05+00,polygon-usdc-usdfc,true
37453,2026-04-13 13:20:02+00,eth-usdfc,true
37454,2026-04-13 13:20:03+00,fil-usdfc,true
37455,2026-04-13 13:20:04+00,base-usdc-usdfc,true
37456,2026-04-13 13:20:05+00,polygon-usdc-usdfc,true
37457,2026-04-13 13:25:02+00,eth-usdfc,true
37458,2026-04-13 13:25:05+00,fil-usdfc,true
37460,2026-04-13 13:25:06+00,polygon-usdc-usdfc,true
37459,2026-04-13 13:25:06+00,base-usdc-usdfc,true
37461,2026-04-13 13:30:01+00,eth-usdfc,true
37462,2026-04-13 13:30:03+00,fil-usdfc,true
37463,2026-04-13 13:30:04+00,base-usdc-usdfc,true
37464,2026-04-13 13:30:05+00,polygon-usdc-usdfc,true
37465,2026-04-13 13:35:01+00,eth-usdfc,true
37466,2026-04-13 13:35:03+00,fil-usdfc,true
37467,2026-04-13 13:35:04+00,base-usdc-usdfc,true
37468,2026-04-13 13:35:05+00,polygon-usdc-usdfc,true
37469,2026-04-13 13:40:02+00,eth-usdfc,true
37470,2026-04-13 13:40:04+00,fil-usdfc,true
37471,2026-04-13 13:40:07+00,base-usdc-usdfc,true
37472,2026-04-13 13:40:09+00,polygon-usdc-usdfc,true
37473,2026-04-13 13:45:01+00,eth-usdfc,true
37475,2026-04-13 13:45:04+00,base-usdc-usdfc,true
37474,2026-04-13 13:45:04+00,fil-usdfc,true
37476,2026-04-13 13:45:06+00,polygon-usdc-usdfc,true
37477,2026-04-13 13:50:02+00,eth-usdfc,true
37478,2026-04-13 13:50:03+00,fil-usdfc,true
37479,2026-04-13 13:50:04+00,base-usdc-usdfc,true
37480,2026-04-13 13:50:05+00,polygon-usdc-usdfc,true
37481,2026-04-13 13:55:02+00,eth-usdfc,true
37482,2026-04-13 13:55:03+00,fil-usdfc,true
37483,2026-04-13 13:55:04+00,base-usdc-usdfc,true
37484,2026-04-13 13:55:06+00,polygon-usdc-usdfc,true
37485,2026-04-13 14:00:02+00,eth-usdfc,true
37486,2026-04-13 14:00:08+00,fil-usdfc,true
37487,2026-04-13 14:00:09+00,base-usdc-usdfc,true
37488,2026-04-13 14:00:10+00,polygon-usdc-usdfc,true
37489,2026-04-13 14:05:02+00,eth-usdfc,true
37490,2026-04-13 14:05:03+00,fil-usdfc,true
37491,2026-04-13 14:05:04+00,base-usdc-usdfc,true
37492,2026-04-13 14:05:05+00,polygon-usdc-usdfc,true
37493,2026-04-13 14:10:02+00,eth-usdfc,true
37494,2026-04-13 14:10:05+00,fil-usdfc,true
37496,2026-04-13 14:10:06+00,polygon-usdc-usdfc,true
37495,2026-04-13 14:10:06+00,base-usdc-usdfc,true
37497,2026-04-13 14:15:02+00,eth-usdfc,true
37498,2026-04-13 14:15:04+00,fil-usdfc,true
37499,2026-04-13 14:15:05+00,base-usdc-usdfc,true
37500,2026-04-13 14:15:06+00,polygon-usdc-usdfc,true
37501,2026-04-13 14:20:01+00,eth-usdfc,true
37502,2026-04-13 14:20:03+00,fil-usdfc,true
37503,2026-04-13 14:20:04+00,base-usdc-usdfc,true
37504,2026-04-13 14:20:06+00,polygon-usdc-usdfc,true
37505,2026-04-13 14:25:02+00,eth-usdfc,true
37506,2026-04-13 14:25:03+00,fil-usdfc,true
37507,2026-04-13 14:25:08+00,base-usdc-usdfc,true
37508,2026-04-13 14:25:11+00,polygon-usdc-usdfc,true
37509,2026-04-13 14:30:02+00,eth-usdfc,true
37510,2026-04-13 14:30:04+00,fil-usdfc,true
37511,2026-04-13 14:30:05+00,base-usdc-usdfc,true
37512,2026-04-13 14:30:06+00,polygon-usdc-usdfc,true
37513,2026-04-13 14:35:03+00,eth-usdfc,true
37514,2026-04-13 14:35:04+00,fil-usdfc,true
37515,2026-04-13 14:35:05+00,base-usdc-usdfc,true
37516,2026-04-13 14:35:06+00,polygon-usdc-usdfc,true
37517,2026-04-13 14:40:02+00,eth-usdfc,true
37518,2026-04-13 14:40:04+00,fil-usdfc,true
37519,2026-04-13 14:40:05+00,base-usdc-usdfc,true
37520,2026-04-13 14:40:06+00,polygon-usdc-usdfc,true
37521,2026-04-13 14:45:01+00,eth-usdfc,true
37522,2026-04-13 14:45:13+00,fil-usdfc,true
37523,2026-04-13 14:45:17+00,base-usdc-usdfc,true
37524,2026-04-13 14:45:19+00,polygon-usdc-usdfc,true
37525,2026-04-13 14:50:01+00,eth-usdfc,true
37526,2026-04-13 14:50:04+00,fil-usdfc,true
37527,2026-04-13 14:50:06+00,base-usdc-usdfc,true
37528,2026-04-13 14:50:11+00,polygon-usdc-usdfc,true
37529,2026-04-13 14:55:02+00,eth-usdfc,true
37530,2026-04-13 14:55:06+00,fil-usdfc,true
37531,2026-04-13 14:55:08+00,base-usdc-usdfc,true
37532,2026-04-13 14:55:11+00,polygon-usdc-usdfc,true
37533,2026-04-13 15:00:02+00,eth-usdfc,true
37534,2026-04-13 15:00:05+00,fil-usdfc,true
37535,2026-04-13 15:00:07+00,base-usdc-usdfc,true
37536,2026-04-13 15:00:08+00,polygon-usdc-usdfc,true
37537,2026-04-13 15:05:02+00,eth-usdfc,true
37538,2026-04-13 15:05:05+00,fil-usdfc,true
37539,2026-04-13 15:05:06+00,base-usdc-usdfc,true
37540,2026-04-13 15:05:07+00,polygon-usdc-usdfc,true
37541,2026-04-13 15:10:01+00,eth-usdfc,true
37542,2026-04-13 15:10:02+00,fil-usdfc,true
37543,2026-04-13 15:10:03+00,base-usdc-usdfc,true
37544,2026-04-13 15:10:04+00,polygon-usdc-usdfc,true
37545,2026-04-13 15:15:02+00,eth-usdfc,true
37546,2026-04-13 15:15:03+00,fil-usdfc,true
37547,2026-04-13 15:15:05+00,base-usdc-usdfc,true
37548,2026-04-13 15:15:07+00,polygon-usdc-usdfc,true
37549,2026-04-13 15:20:02+00,eth-usdfc,true
37550,2026-04-13 15:20:05+00,fil-usdfc,true
37551,2026-04-13 15:20:07+00,base-usdc-usdfc,true
37552,2026-04-13 15:20:08+00,polygon-usdc-usdfc,true
37553,2026-04-13 15:25:02+00,eth-usdfc,true
37554,2026-04-13 15:25:06+00,fil-usdfc,true
37555,2026-04-13 15:25:09+00,base-usdc-usdfc,true
37556,2026-04-13 15:25:11+00,polygon-usdc-usdfc,true
37557,2026-04-13 15:30:02+00,eth-usdfc,true
37559,2026-04-13 15:30:05+00,base-usdc-usdfc,true
37558,2026-04-13 15:30:05+00,fil-usdfc,true
37560,2026-04-13 15:30:06+00,polygon-usdc-usdfc,true
37561,2026-04-13 15:35:02+00,eth-usdfc,true
37562,2026-04-13 15:35:03+00,fil-usdfc,true
37563,2026-04-13 15:35:10+00,base-usdc-usdfc,true
37564,2026-04-13 15:35:12+00,polygon-usdc-usdfc,true
37565,2026-04-13 15:40:02+00,eth-usdfc,true
37566,2026-04-13 15:40:16+00,fil-usdfc,true
37567,2026-04-13 15:40:19+00,base-usdc-usdfc,true
37568,2026-04-13 15:40:20+00,polygon-usdc-usdfc,true
37569,2026-04-13 15:45:02+00,eth-usdfc,true
37570,2026-04-13 15:45:03+00,fil-usdfc,true
37571,2026-04-13 15:45:04+00,base-usdc-usdfc,true
37572,2026-04-13 15:45:05+00,polygon-usdc-usdfc,true
37573,2026-04-13 15:50:02+00,eth-usdfc,true
37574,2026-04-13 15:50:07+00,fil-usdfc,true
37575,2026-04-13 15:50:13+00,base-usdc-usdfc,true
37576,2026-04-13 15:50:17+00,polygon-usdc-usdfc,true
37577,2026-04-13 15:55:02+00,eth-usdfc,true
37578,2026-04-13 15:55:03+00,fil-usdfc,true
37579,2026-04-13 15:55:12+00,base-usdc-usdfc,true
37580,2026-04-13 15:55:15+00,polygon-usdc-usdfc,true
37581,2026-04-13 16:00:02+00,eth-usdfc,true
37583,2026-04-13 16:00:03+00,base-usdc-usdfc,true
37582,2026-04-13 16:00:03+00,fil-usdfc,true
37584,2026-04-13 16:00:05+00,polygon-usdc-usdfc,true
37585,2026-04-13 16:05:01+00,eth-usdfc,true
37586,2026-04-13 16:05:05+00,fil-usdfc,true
37587,2026-04-13 16:05:07+00,base-usdc-usdfc,true
37588,2026-04-13 16:05:08+00,polygon-usdc-usdfc,true
37589,2026-04-13 16:10:02+00,eth-usdfc,true
37590,2026-04-13 16:10:05+00,fil-usdfc,true
37591,2026-04-13 16:10:10+00,base-usdc-usdfc,true
37592,2026-04-13 16:10:14+00,polygon-usdc-usdfc,true
37593,2026-04-13 16:15:02+00,eth-usdfc,true
37594,2026-04-13 16:16:07+00,fil-usdfc,true
37595,2026-04-13 16:16:14+00,base-usdc-usdfc,true
37596,2026-04-13 16:16:19+00,polygon-usdc-usdfc,true
37597,2026-04-13 16:25:11+00,eth-usdfc,true
37598,2026-04-13 16:38:09+00,fil-usdfc,true
37599,2026-04-13 16:40:42+00,base-usdc-usdfc,true
37600,2026-04-13 16:40:44+00,polygon-usdc-usdfc,true
37601,2026-04-13 16:45:02+00,eth-usdfc,true
37602,2026-04-13 16:45:25+00,fil-usdfc,true
37603,2026-04-13 16:45:34+00,base-usdc-usdfc,true
37604,2026-04-13 16:45:40+00,polygon-usdc-usdfc,true
37605,2026-04-13 16:55:02+00,eth-usdfc,true
37606,2026-04-13 16:59:09+00,fil-usdfc,true
37607,2026-04-13 16:59:13+00,base-usdc-usdfc,true
37608,2026-04-13 16:59:14+00,polygon-usdc-usdfc,true
37609,2026-04-13 17:05:02+00,eth-usdfc,true
37610,2026-04-13 17:05:03+00,fil-usdfc,true
37611,2026-04-13 17:05:05+00,base-usdc-usdfc,true
37612,2026-04-13 17:05:06+00,polygon-usdc-usdfc,true
37613,2026-04-13 17:10:02+00,eth-usdfc,true
37614,2026-04-13 17:10:06+00,fil-usdfc,true
37615,2026-04-13 17:10:10+00,base-usdc-usdfc,true
37616,2026-04-13 17:10:12+00,polygon-usdc-usdfc,true
37617,2026-04-13 17:15:02+00,eth-usdfc,true
37618,2026-04-13 17:15:19+00,fil-usdfc,true
37619,2026-04-13 17:15:21+00,base-usdc-usdfc,true
37620,2026-04-13 17:15:24+00,polygon-usdc-usdfc,true
37621,2026-04-13 17:20:02+00,eth-usdfc,true
37622,2026-04-13 17:20:11+00,fil-usdfc,true
37623,2026-04-13 17:20:22+00,base-usdc-usdfc,true
37624,2026-04-13 17:20:23+00,polygon-usdc-usdfc,true
37625,2026-04-13 17:25:02+00,eth-usdfc,true
37626,2026-04-13 17:25:12+00,fil-usdfc,true
37627,2026-04-13 17:25:24+00,base-usdc-usdfc,true
37628,2026-04-13 17:25:25+00,polygon-usdc-usdfc,true
37629,2026-04-13 17:30:02+00,eth-usdfc,true
37630,2026-04-13 17:30:06+00,fil-usdfc,true
37631,2026-04-13 17:30:09+00,base-usdc-usdfc,true
37632,2026-04-13 17:30:12+00,polygon-usdc-usdfc,true
37633,2026-04-13 17:35:02+00,eth-usdfc,true
37634,2026-04-13 17:35:03+00,fil-usdfc,true
37635,2026-04-13 17:35:04+00,base-usdc-usdfc,true
37636,2026-04-13 17:35:06+00,polygon-usdc-usdfc,true
37637,2026-04-13 17:40:02+00,eth-usdfc,true
37639,2026-04-13 17:40:06+00,base-usdc-usdfc,true
37638,2026-04-13 17:40:06+00,fil-usdfc,true
37640,2026-04-13 17:40:10+00,polygon-usdc-usdfc,true
37641,2026-04-13 17:45:02+00,eth-usdfc,true
37642,2026-04-13 17:45:03+00,fil-usdfc,true
37643,2026-04-13 17:45:05+00,base-usdc-usdfc,true
37644,2026-04-13 17:45:11+00,polygon-usdc-usdfc,true
37645,2026-04-13 17:50:02+00,eth-usdfc,true
37646,2026-04-13 17:51:39+00,fil-usdfc,true
37647,2026-04-13 17:51:40+00,base-usdc-usdfc,true
37648,2026-04-13 17:51:41+00,polygon-usdc-usdfc,true
37649,2026-04-13 18:20:02+00,eth-usdfc,true
37650,2026-04-13 18:24:24+00,fil-usdfc,true
37651,2026-04-13 18:24:28+00,base-usdc-usdfc,true
37652,2026-04-13 18:24:33+00,polygon-usdc-usdfc,true
37653,2026-04-13 18:40:02+00,eth-usdfc,true
37654,2026-04-13 18:40:08+00,fil-usdfc,true
37655,2026-04-13 18:41:14+00,base-usdc-usdfc,true
37656,2026-04-13 18:41:22+00,polygon-usdc-usdfc,true
37657,2026-04-13 18:45:02+00,eth-usdfc,true
37658,2026-04-13 18:45:07+00,fil-usdfc,true
37659,2026-04-13 18:45:13+00,base-usdc-usdfc,true
37660,2026-04-13 18:45:14+00,polygon-usdc-usdfc,true
37661,2026-04-13 18:50:02+00,eth-usdfc,true
37662,2026-04-13 18:50:05+00,fil-usdfc,true
37664,2026-04-13 18:50:10+00,polygon-usdc-usdfc,true
37663,2026-04-13 18:50:10+00,base-usdc-usdfc,true
37665,2026-04-13 18:55:02+00,eth-usdfc,true
37666,2026-04-13 18:55:09+00,fil-usdfc,true
37667,2026-04-13 18:55:10+00,base-usdc-usdfc,true
37668,2026-04-13 18:55:11+00,polygon-usdc-usdfc,true
37669,2026-04-13 19:00:01+00,eth-usdfc,true
37670,2026-04-13 19:00:02+00,fil-usdfc,true
37671,2026-04-13 19:00:03+00,base-usdc-usdfc,true
37672,2026-04-13 19:00:04+00,polygon-usdc-usdfc,true
37673,2026-04-13 19:05:02+00,eth-usdfc,true
37674,2026-04-13 19:06:37+00,fil-usdfc,true
37675,2026-04-13 19:06:41+00,base-usdc-usdfc,true
37676,2026-04-13 19:06:46+00,polygon-usdc-usdfc,true
37677,2026-04-13 19:35:02+00,eth-usdfc,true
37678,2026-04-13 19:36:41+00,fil-usdfc,true
37679,2026-04-13 19:36:45+00,base-usdc-usdfc,true
37680,2026-04-13 19:36:47+00,polygon-usdc-usdfc,true
37681,2026-04-13 19:40:02+00,eth-usdfc,true
37682,2026-04-13 19:41:50+00,fil-usdfc,true
37683,2026-04-13 19:41:54+00,base-usdc-usdfc,true
37684,2026-04-13 19:41:57+00,polygon-usdc-usdfc,true
37685,2026-04-13 19:50:02+00,eth-usdfc,true
37686,2026-04-13 19:50:08+00,fil-usdfc,true
37687,2026-04-13 19:50:26+00,base-usdc-usdfc,true
37688,2026-04-13 19:50:32+00,polygon-usdc-usdfc,true
37689,2026-04-13 19:55:02+00,eth-usdfc,true
37690,2026-04-13 19:55:03+00,fil-usdfc,true
37691,2026-04-13 19:55:05+00,base-usdc-usdfc,true
37692,2026-04-13 19:55:06+00,polygon-usdc-usdfc,true
37693,2026-04-13 20:00:02+00,eth-usdfc,true
37694,2026-04-13 20:00:13+00,fil-usdfc,true
37695,2026-04-13 20:00:20+00,base-usdc-usdfc,true
37696,2026-04-13 20:01:04+00,polygon-usdc-usdfc,true
37697,2026-04-13 20:05:02+00,eth-usdfc,true
37698,2026-04-13 20:05:12+00,fil-usdfc,true
37699,2026-04-13 20:05:14+00,base-usdc-usdfc,true
37700,2026-04-13 20:05:16+00,polygon-usdc-usdfc,true
37701,2026-04-13 20:10:02+00,eth-usdfc,true
37702,2026-04-13 20:10:06+00,fil-usdfc,true
37703,2026-04-13 20:10:14+00,base-usdc-usdfc,true
37704,2026-04-13 20:10:23+00,polygon-usdc-usdfc,true
37705,2026-04-13 20:15:02+00,eth-usdfc,true
37706,2026-04-13 20:15:06+00,fil-usdfc,true
37707,2026-04-13 20:15:13+00,base-usdc-usdfc,true
37708,2026-04-13 20:15:15+00,polygon-usdc-usdfc,true
37709,2026-04-13 20:20:01+00,eth-usdfc,true
37710,2026-04-13 20:20:02+00,fil-usdfc,true
37712,2026-04-13 20:20:04+00,polygon-usdc-usdfc,true
37711,2026-04-13 20:20:04+00,base-usdc-usdfc,true
37713,2026-04-13 20:25:02+00,eth-usdfc,true
37714,2026-04-13 20:25:03+00,fil-usdfc,true
37715,2026-04-13 20:25:04+00,base-usdc-usdfc,true
37716,2026-04-13 20:25:05+00,polygon-usdc-usdfc,true
37717,2026-04-13 20:30:02+00,eth-usdfc,true
37718,2026-04-13 20:30:05+00,fil-usdfc,true
37719,2026-04-13 20:30:07+00,base-usdc-usdfc,true
37720,2026-04-13 20:30:09+00,polygon-usdc-usdfc,true
37721,2026-04-13 20:35:02+00,eth-usdfc,true
37722,2026-04-13 20:46:08+00,fil-usdfc,true
37723,2026-04-13 20:50:42+00,base-usdc-usdfc,true
37724,2026-04-13 20:50:44+00,polygon-usdc-usdfc,true
37725,2026-04-13 20:55:02+00,eth-usdfc,true
37726,2026-04-13 20:55:03+00,fil-usdfc,true
37728,2026-04-13 20:55:05+00,polygon-usdc-usdfc,true
37727,2026-04-13 20:55:05+00,base-usdc-usdfc,true
37729,2026-04-13 21:00:02+00,eth-usdfc,true
37730,2026-04-13 21:00:04+00,fil-usdfc,true
37731,2026-04-13 21:00:05+00,base-usdc-usdfc,true
37732,2026-04-13 21:00:37+00,polygon-usdc-usdfc,true
37733,2026-04-13 21:05:02+00,eth-usdfc,true
37734,2026-04-13 21:05:07+00,fil-usdfc,true
37735,2026-04-13 21:05:08+00,base-usdc-usdfc,true
37736,2026-04-13 21:05:09+00,polygon-usdc-usdfc,true
37737,2026-04-13 21:10:02+00,eth-usdfc,true
37738,2026-04-13 21:10:03+00,fil-usdfc,true
37739,2026-04-13 21:10:05+00,base-usdc-usdfc,true
37740,2026-04-13 21:10:06+00,polygon-usdc-usdfc,true
37741,2026-04-13 21:15:02+00,eth-usdfc,true
37742,2026-04-13 21:16:03+00,fil-usdfc,true
37743,2026-04-13 21:16:06+00,base-usdc-usdfc,true
37744,2026-04-13 21:16:08+00,polygon-usdc-usdfc,true
37745,2026-04-13 21:20:01+00,eth-usdfc,true
37746,2026-04-13 21:21:19+00,fil-usdfc,true
37747,2026-04-13 21:21:20+00,base-usdc-usdfc,true
37748,2026-04-13 21:21:22+00,polygon-usdc-usdfc,true
37749,2026-04-13 21:25:02+00,eth-usdfc,false
37751,2026-04-13 21:25:17+00,base-usdc-usdfc,false
37750,2026-04-13 21:25:17+00,fil-usdfc,false
37752,2026-04-13 21:25:19+00,polygon-usdc-usdfc,false
37753,2026-04-13 21:30:02+00,eth-usdfc,false
37754,2026-04-13 21:30:09+00,fil-usdfc,false
37755,2026-04-13 21:30:10+00,base-usdc-usdfc,false
37756,2026-04-13 21:30:11+00,polygon-usdc-usdfc,false
37757,2026-04-13 21:35:02+00,eth-usdfc,false
37758,2026-04-13 21:35:04+00,fil-usdfc,false
37760,2026-04-13 21:35:05+00,polygon-usdc-usdfc,false
37759,2026-04-13 21:35:05+00,base-usdc-usdfc,false
37761,2026-04-13 21:40:02+00,eth-usdfc,false
37762,2026-04-13 21:40:03+00,fil-usdfc,false
37763,2026-04-13 21:40:05+00,base-usdc-usdfc,false
37764,2026-04-13 21:40:06+00,polygon-usdc-usdfc,false
37766,2026-04-13 21:45:02+00,fil-usdfc,false
37765,2026-04-13 21:45:02+00,eth-usdfc,false
37767,2026-04-13 21:45:03+00,base-usdc-usdfc,false
37768,2026-04-13 21:45:04+00,polygon-usdc-usdfc,false
37769,2026-04-13 21:50:01+00,eth-usdfc,false
37770,2026-04-13 21:50:04+00,fil-usdfc,false
37771,2026-04-13 21:50:08+00,base-usdc-usdfc,false
37772,2026-04-13 21:50:10+00,polygon-usdc-usdfc,false
37773,2026-04-13 21:55:01+00,eth-usdfc,false
37774,2026-04-13 21:56:31+00,fil-usdfc,false
37775,2026-04-13 21:56:32+00,base-usdc-usdfc,false
37776,2026-04-13 21:56:35+00,polygon-usdc-usdfc,false
37777,2026-04-13 22:00:02+00,eth-usdfc,false
37778,2026-04-13 22:00:39+00,fil-usdfc,false
37779,2026-04-13 22:00:44+00,base-usdc-usdfc,false
37780,2026-04-13 22:00:45+00,polygon-usdc-usdfc,false
37782,2026-04-13 22:05:02+00,fil-usdfc,false
37781,2026-04-13 22:05:02+00,eth-usdfc,false
37784,2026-04-13 22:05:03+00,polygon-usdc-usdfc,false
37783,2026-04-13 22:05:03+00,base-usdc-usdfc,false
37785,2026-04-13 22:10:02+00,eth-usdfc,false
37787,2026-04-13 22:10:05+00,base-usdc-usdfc,false
37786,2026-04-13 22:10:05+00,fil-usdfc,false
37788,2026-04-13 22:10:07+00,polygon-usdc-usdfc,false
37791,2026-04-13 22:15:02+00,base-usdc-usdfc,false
37790,2026-04-13 22:15:02+00,fil-usdfc,false
37789,2026-04-13 22:15:02+00,eth-usdfc,false
37792,2026-04-13 22:15:03+00,polygon-usdc-usdfc,false
37793,2026-04-13 22:20:01+00,eth-usdfc,false
37795,2026-04-13 22:20:02+00,base-usdc-usdfc,false
37794,2026-04-13 22:20:02+00,fil-usdfc,false
37796,2026-04-13 22:20:03+00,polygon-usdc-usdfc,false
37797,2026-04-13 22:25:01+00,eth-usdfc,false
37798,2026-04-13 22:26:54+00,fil-usdfc,false
37799,2026-04-13 22:26:57+00,base-usdc-usdfc,false
37800,2026-04-13 22:27:00+00,polygon-usdc-usdfc,false
37801,2026-04-13 22:35:01+00,eth-usdfc,false
37802,2026-04-13 22:35:54+00,fil-usdfc,false
37803,2026-04-13 22:37:10+00,base-usdc-usdfc,false
37804,2026-04-13 22:37:13+00,polygon-usdc-usdfc,false
37805,2026-04-13 22:40:02+00,eth-usdfc,false
37806,2026-04-13 22:40:33+00,fil-usdfc,false
37807,2026-04-13 22:40:35+00,base-usdc-usdfc,false
37808,2026-04-13 22:40:36+00,polygon-usdc-usdfc,false
37809,2026-04-13 22:45:01+00,eth-usdfc,false
37810,2026-04-13 22:45:22+00,fil-usdfc,false
37811,2026-04-13 22:45:28+00,base-usdc-usdfc,false
37812,2026-04-13 22:45:30+00,polygon-usdc-usdfc,false
37813,2026-04-13 22:50:01+00,eth-usdfc,false
37814,2026-04-13 22:50:03+00,fil-usdfc,false
37815,2026-04-13 22:50:18+00,base-usdc-usdfc,false
37816,2026-04-13 22:50:19+00,polygon-usdc-usdfc,false
37818,2026-04-13 22:55:02+00,fil-usdfc,false
37817,2026-04-13 22:55:02+00,eth-usdfc,false
37819,2026-04-13 22:55:03+00,base-usdc-usdfc,false
37820,2026-04-13 22:55:07+00,polygon-usdc-usdfc,false
37821,2026-04-13 23:00:01+00,eth-usdfc,false
37822,2026-04-13 23:00:03+00,fil-usdfc,false
37824,2026-04-13 23:00:04+00,polygon-usdc-usdfc,false
37823,2026-04-13 23:00:04+00,base-usdc-usdfc,false
37825,2026-04-13 23:05:02+00,eth-usdfc,false
37827,2026-04-13 23:05:13+00,base-usdc-usdfc,false
37826,2026-04-13 23:05:13+00,fil-usdfc,false
37828,2026-04-13 23:05:14+00,polygon-usdc-usdfc,false
37829,2026-04-13 23:10:02+00,eth-usdfc,false
37830,2026-04-13 23:10:07+00,fil-usdfc,false
37831,2026-04-13 23:10:08+00,base-usdc-usdfc,false
37832,2026-04-13 23:10:09+00,polygon-usdc-usdfc,false
37833,2026-04-13 23:15:02+00,eth-usdfc,false
37834,2026-04-13 23:20:02+00,fil-usdfc,false
37835,2026-04-13 23:22:06+00,base-usdc-usdfc,false
37836,2026-04-13 23:22:10+00,polygon-usdc-usdfc,false
37837,2026-04-13 23:25:01+00,eth-usdfc,false
37838,2026-04-13 23:25:16+00,fil-usdfc,false
37839,2026-04-13 23:25:18+00,base-usdc-usdfc,false
37840,2026-04-13 23:25:21+00,polygon-usdc-usdfc,false
37841,2026-04-13 23:30:02+00,eth-usdfc,false
37842,2026-04-13 23:32:36+00,fil-usdfc,false
37843,2026-04-13 23:33:44+00,base-usdc-usdfc,false
37844,2026-04-13 23:33:45+00,polygon-usdc-usdfc,false
37845,2026-04-13 23:35:02+00,eth-usdfc,false
37846,2026-04-13 23:35:04+00,fil-usdfc,false
37847,2026-04-13 23:35:06+00,base-usdc-usdfc,false
37848,2026-04-13 23:35:08+00,polygon-usdc-usdfc,false
37849,2026-04-13 23:40:02+00,eth-usdfc,false
37850,2026-04-13 23:40:10+00,fil-usdfc,false
37851,2026-04-13 23:40:12+00,base-usdc-usdfc,false
37852,2026-04-13 23:40:13+00,polygon-usdc-usdfc,false
37853,2026-04-13 23:45:01+00,eth-usdfc,false
37854,2026-04-13 23:45:04+00,fil-usdfc,false
37856,2026-04-13 23:45:05+00,polygon-usdc-usdfc,false
37855,2026-04-13 23:45:05+00,base-usdc-usdfc,false
37858,2026-04-13 23:50:02+00,fil-usdfc,false
37857,2026-04-13 23:50:02+00,eth-usdfc,false
37860,2026-04-13 23:50:03+00,polygon-usdc-usdfc,false
37859,2026-04-13 23:50:03+00,base-usdc-usdfc,false
37862,2026-04-13 23:55:02+00,fil-usdfc,false
37861,2026-04-13 23:55:02+00,eth-usdfc,false
37864,2026-04-13 23:55:03+00,polygon-usdc-usdfc,false
37863,2026-04-13 23:55:03+00,base-usdc-usdfc,false
37865,2026-04-14 00:00:01+00,eth-usdfc,false
37866,2026-04-14 00:00:02+00,fil-usdfc,false
37867,2026-04-14 00:00:03+00,base-usdc-usdfc,false
37868,2026-04-14 00:00:05+00,polygon-usdc-usdfc,false
37869,2026-04-14 00:05:01+00,eth-usdfc,false
37870,2026-04-14 00:05:06+00,fil-usdfc,false
37871,2026-04-14 00:05:12+00,base-usdc-usdfc,false
37872,2026-04-14 00:07:04+00,polygon-usdc-usdfc,false
37873,2026-04-14 00:15:02+00,eth-usdfc,false
37874,2026-04-14 00:15:45+00,fil-usdfc,false
37875,2026-04-14 00:15:48+00,base-usdc-usdfc,false
37876,2026-04-14 00:15:49+00,polygon-usdc-usdfc,false
37877,2026-04-14 00:20:01+00,eth-usdfc,false
37878,2026-04-14 00:20:04+00,fil-usdfc,false
37879,2026-04-14 00:20:09+00,base-usdc-usdfc,false
37880,2026-04-14 00:22:24+00,polygon-usdc-usdfc,false
37881,2026-04-14 00:25:01+00,eth-usdfc,false
37882,2026-04-14 00:25:05+00,fil-usdfc,false
37883,2026-04-14 00:25:06+00,base-usdc-usdfc,false
37884,2026-04-14 00:25:08+00,polygon-usdc-usdfc,false
37885,2026-04-14 00:30:02+00,eth-usdfc,false
37886,2026-04-14 00:30:03+00,fil-usdfc,false
37888,2026-04-14 00:30:04+00,polygon-usdc-usdfc,false
37887,2026-04-14 00:30:04+00,base-usdc-usdfc,false
37889,2026-04-14 00:35:02+00,eth-usdfc,false
37890,2026-04-14 00:35:03+00,fil-usdfc,false
37891,2026-04-14 00:35:05+00,base-usdc-usdfc,false
37892,2026-04-14 00:35:09+00,polygon-usdc-usdfc,false
37893,2026-04-14 00:40:02+00,eth-usdfc,false
37894,2026-04-14 00:40:07+00,fil-usdfc,false
37896,2026-04-14 00:40:08+00,polygon-usdc-usdfc,false
37895,2026-04-14 00:40:08+00,base-usdc-usdfc,false
37898,2026-04-14 00:45:02+00,fil-usdfc,false
37897,2026-04-14 00:45:02+00,eth-usdfc,false
37899,2026-04-14 00:45:06+00,base-usdc-usdfc,false
37900,2026-04-14 00:45:12+00,polygon-usdc-usdfc,false
37901,2026-04-14 00:50:02+00,eth-usdfc,false
37902,2026-04-14 00:52:36+00,fil-usdfc,false
37903,2026-04-14 00:52:43+00,base-usdc-usdfc,false
37904,2026-04-14 00:52:49+00,polygon-usdc-usdfc,false
37905,2026-04-14 01:00:02+00,eth-usdfc,false
37906,2026-04-14 01:03:40+00,fil-usdfc,false
37907,2026-04-14 01:03:42+00,base-usdc-usdfc,false
37908,2026-04-14 01:03:45+00,polygon-usdc-usdfc,false
37909,2026-04-14 01:10:02+00,eth-usdfc,false
37910,2026-04-14 01:11:59+00,fil-usdfc,false
37911,2026-04-14 01:12:01+00,base-usdc-usdfc,false
37912,2026-04-14 01:12:03+00,polygon-usdc-usdfc,false
37913,2026-04-14 01:15:02+00,eth-usdfc,false
37914,2026-04-14 01:16:35+00,fil-usdfc,false
37915,2026-04-14 01:16:40+00,base-usdc-usdfc,false
37916,2026-04-14 01:16:42+00,polygon-usdc-usdfc,false
37917,2026-04-14 01:20:01+00,eth-usdfc,false
37918,2026-04-14 01:21:16+00,fil-usdfc,false
37920,2026-04-14 01:21:18+00,polygon-usdc-usdfc,false
37919,2026-04-14 01:21:18+00,base-usdc-usdfc,false
37922,2026-04-14 01:25:02+00,fil-usdfc,false
37921,2026-04-14 01:25:02+00,eth-usdfc,false
37924,2026-04-14 01:25:03+00,polygon-usdc-usdfc,false
37923,2026-04-14 01:25:03+00,base-usdc-usdfc,false
37927,2026-04-14 01:30:02+00,base-usdc-usdfc,false
37926,2026-04-14 01:30:02+00,fil-usdfc,false
37925,2026-04-14 01:30:02+00,eth-usdfc,false
37928,2026-04-14 01:30:03+00,polygon-usdc-usdfc,false
37929,2026-04-14 01:35:01+00,eth-usdfc,false
37931,2026-04-14 01:35:03+00,base-usdc-usdfc,false
37930,2026-04-14 01:35:03+00,fil-usdfc,false
37932,2026-04-14 01:35:04+00,polygon-usdc-usdfc,false
37933,2026-04-14 01:40:01+00,eth-usdfc,false
37936,2026-04-14 01:40:04+00,polygon-usdc-usdfc,false
37935,2026-04-14 01:40:04+00,base-usdc-usdfc,false
37934,2026-04-14 01:40:04+00,fil-usdfc,false
37937,2026-04-14 01:45:02+00,eth-usdfc,false
37938,2026-04-14 01:46:39+00,fil-usdfc,false
37939,2026-04-14 01:46:41+00,base-usdc-usdfc,false
37940,2026-04-14 01:46:42+00,polygon-usdc-usdfc,false
37941,2026-04-14 02:05:01+00,eth-usdfc,false
37942,2026-04-14 02:06:30+00,fil-usdfc,false
37943,2026-04-14 02:08:07+00,base-usdc-usdfc,false
37944,2026-04-14 02:08:10+00,polygon-usdc-usdfc,false
37945,2026-04-14 02:15:01+00,eth-usdfc,false
37946,2026-04-14 02:15:03+00,fil-usdfc,false
37948,2026-04-14 02:15:04+00,polygon-usdc-usdfc,false
37947,2026-04-14 02:15:04+00,base-usdc-usdfc,false
37949,2026-04-14 02:20:01+00,eth-usdfc,false
37952,2026-04-14 02:20:03+00,polygon-usdc-usdfc,false
37951,2026-04-14 02:20:03+00,base-usdc-usdfc,false
37950,2026-04-14 02:20:03+00,fil-usdfc,false
37953,2026-04-14 02:25:01+00,eth-usdfc,false
37954,2026-04-14 02:25:06+00,fil-usdfc,false
37956,2026-04-14 02:25:07+00,polygon-usdc-usdfc,false
37955,2026-04-14 02:25:07+00,base-usdc-usdfc,false
37958,2026-04-14 02:30:02+00,fil-usdfc,false
37957,2026-04-14 02:30:02+00,eth-usdfc,false
37959,2026-04-14 02:30:05+00,base-usdc-usdfc,false
37960,2026-04-14 02:30:06+00,polygon-usdc-usdfc,false
37961,2026-04-14 02:35:02+00,eth-usdfc,false
37962,2026-04-14 02:35:05+00,fil-usdfc,false
37964,2026-04-14 02:35:06+00,polygon-usdc-usdfc,false
37963,2026-04-14 02:35:06+00,base-usdc-usdfc,false
37966,2026-04-14 02:40:02+00,fil-usdfc,false
37965,2026-04-14 02:40:02+00,eth-usdfc,false
37967,2026-04-14 02:40:32+00,base-usdc-usdfc,false
37968,2026-04-14 02:40:33+00,polygon-usdc-usdfc,false
37969,2026-04-14 02:45:01+00,eth-usdfc,false
37972,2026-04-14 02:45:02+00,polygon-usdc-usdfc,false
37971,2026-04-14 02:45:02+00,base-usdc-usdfc,false
37970,2026-04-14 02:45:02+00,fil-usdfc,false
37973,2026-04-14 02:50:02+00,eth-usdfc,false
37974,2026-04-14 02:50:04+00,fil-usdfc,false
37975,2026-04-14 02:50:05+00,base-usdc-usdfc,false
37976,2026-04-14 02:50:08+00,polygon-usdc-usdfc,false
37977,2026-04-14 02:55:02+00,eth-usdfc,false
37978,2026-04-14 02:55:08+00,fil-usdfc,false
37979,2026-04-14 02:55:09+00,base-usdc-usdfc,false
37980,2026-04-14 02:55:12+00,polygon-usdc-usdfc,false
37981,2026-04-14 03:00:02+00,eth-usdfc,false
37982,2026-04-14 03:03:42+00,fil-usdfc,false
37983,2026-04-14 03:03:47+00,base-usdc-usdfc,false
37984,2026-04-14 03:03:53+00,polygon-usdc-usdfc,false
37985,2026-04-14 03:10:02+00,eth-usdfc,false
37986,2026-04-14 03:10:29+00,fil-usdfc,false
37987,2026-04-14 03:10:35+00,base-usdc-usdfc,false
37988,2026-04-14 03:10:40+00,polygon-usdc-usdfc,false
37989,2026-04-14 03:20:02+00,eth-usdfc,false
37990,2026-04-14 03:20:12+00,fil-usdfc,false
37991,2026-04-14 03:20:13+00,base-usdc-usdfc,false
37992,2026-04-14 03:20:15+00,polygon-usdc-usdfc,false
37994,2026-04-14 03:25:02+00,fil-usdfc,false
37993,2026-04-14 03:25:02+00,eth-usdfc,false
37996,2026-04-14 03:25:03+00,polygon-usdc-usdfc,false
37995,2026-04-14 03:25:03+00,base-usdc-usdfc,false
37997,2026-04-14 03:30:02+00,eth-usdfc,false
37998,2026-04-14 03:30:06+00,fil-usdfc,false
37999,2026-04-14 03:30:08+00,base-usdc-usdfc,false
38000,2026-04-14 03:30:09+00,polygon-usdc-usdfc,false
38001,2026-04-14 03:35:02+00,eth-usdfc,false
38002,2026-04-14 03:35:04+00,fil-usdfc,false
38003,2026-04-14 03:35:05+00,base-usdc-usdfc,false
38004,2026-04-14 03:35:06+00,polygon-usdc-usdfc,false
38006,2026-04-14 03:40:02+00,fil-usdfc,false
38005,2026-04-14 03:40:02+00,eth-usdfc,false
38007,2026-04-14 03:40:04+00,base-usdc-usdfc,false
38008,2026-04-14 03:40:05+00,polygon-usdc-usdfc,false
38009,2026-04-14 03:45:02+00,eth-usdfc,false
38010,2026-04-14 03:45:03+00,fil-usdfc,false
38011,2026-04-14 03:45:08+00,base-usdc-usdfc,false
38012,2026-04-14 03:45:10+00,polygon-usdc-usdfc,false
38013,2026-04-14 03:50:02+00,eth-usdfc,false
38014,2026-04-14 03:51:26+00,fil-usdfc,false
38015,2026-04-14 03:51:31+00,base-usdc-usdfc,false
38016,2026-04-14 03:51:35+00,polygon-usdc-usdfc,false
38017,2026-04-14 04:00:02+00,eth-usdfc,false
38018,2026-04-14 04:00:21+00,fil-usdfc,false
38019,2026-04-14 04:00:22+00,base-usdc-usdfc,false
38020,2026-04-14 04:00:23+00,polygon-usdc-usdfc,false
38021,2026-04-14 04:05:01+00,eth-usdfc,false
38022,2026-04-14 04:08:28+00,fil-usdfc,false
38023,2026-04-14 04:08:30+00,base-usdc-usdfc,false
38024,2026-04-14 04:08:32+00,polygon-usdc-usdfc,false
38025,2026-04-14 04:15:02+00,eth-usdfc,false
38026,2026-04-14 04:15:22+00,fil-usdfc,false
38028,2026-04-14 04:15:24+00,polygon-usdc-usdfc,false
38027,2026-04-14 04:15:24+00,base-usdc-usdfc,false
38029,2026-04-14 04:20:01+00,eth-usdfc,false
38030,2026-04-14 04:20:02+00,fil-usdfc,false
38031,2026-04-14 04:20:03+00,base-usdc-usdfc,false
38032,2026-04-14 04:20:04+00,polygon-usdc-usdfc,false
38033,2026-04-14 04:25:01+00,eth-usdfc,false
38035,2026-04-14 04:25:02+00,base-usdc-usdfc,false
38034,2026-04-14 04:25:02+00,fil-usdfc,false
38036,2026-04-14 04:25:03+00,polygon-usdc-usdfc,false
38039,2026-04-14 04:30:02+00,base-usdc-usdfc,false
38038,2026-04-14 04:30:02+00,fil-usdfc,false
38037,2026-04-14 04:30:02+00,eth-usdfc,false
38040,2026-04-14 04:30:03+00,polygon-usdc-usdfc,false
38041,2026-04-14 04:35:02+00,eth-usdfc,false
38044,2026-04-14 04:35:03+00,polygon-usdc-usdfc,false
38043,2026-04-14 04:35:03+00,base-usdc-usdfc,false
38042,2026-04-14 04:35:03+00,fil-usdfc,false
38045,2026-04-14 04:40:01+00,eth-usdfc,false
38047,2026-04-14 04:40:02+00,base-usdc-usdfc,false
38046,2026-04-14 04:40:02+00,fil-usdfc,false
38048,2026-04-14 04:40:03+00,polygon-usdc-usdfc,false
38052,2026-04-14 04:45:02+00,polygon-usdc-usdfc,false
38051,2026-04-14 04:45:02+00,base-usdc-usdfc,false
38050,2026-04-14 04:45:02+00,fil-usdfc,false
38049,2026-04-14 04:45:02+00,eth-usdfc,false
38053,2026-04-14 04:50:02+00,eth-usdfc,false
38054,2026-04-14 04:52:21+00,fil-usdfc,false
38055,2026-04-14 04:54:27+00,base-usdc-usdfc,false
38056,2026-04-14 04:54:29+00,polygon-usdc-usdfc,false
38057,2026-04-14 05:00:02+00,eth-usdfc,false
38058,2026-04-14 05:00:41+00,fil-usdfc,false
38059,2026-04-14 05:00:44+00,base-usdc-usdfc,false
38060,2026-04-14 05:00:46+00,polygon-usdc-usdfc,false
38061,2026-04-14 05:05:02+00,eth-usdfc,false
38062,2026-04-14 05:06:12+00,fil-usdfc,false
38063,2026-04-14 05:06:13+00,base-usdc-usdfc,false
38064,2026-04-14 05:06:16+00,polygon-usdc-usdfc,false
38065,2026-04-14 05:10:02+00,eth-usdfc,false
38066,2026-04-14 05:10:49+00,fil-usdfc,false
38067,2026-04-14 05:10:53+00,base-usdc-usdfc,false
38068,2026-04-14 05:10:57+00,polygon-usdc-usdfc,false
38069,2026-04-14 05:15:02+00,eth-usdfc,false
38070,2026-04-14 05:15:06+00,fil-usdfc,false
38072,2026-04-14 05:15:07+00,polygon-usdc-usdfc,false
38071,2026-04-14 05:15:07+00,base-usdc-usdfc,false
38073,2026-04-14 05:20:02+00,eth-usdfc,false
38076,2026-04-14 05:20:06+00,polygon-usdc-usdfc,false
38075,2026-04-14 05:20:06+00,base-usdc-usdfc,false
38074,2026-04-14 05:20:06+00,fil-usdfc,false
38077,2026-04-14 05:25:02+00,eth-usdfc,false
38080,2026-04-14 05:25:03+00,polygon-usdc-usdfc,false
38079,2026-04-14 05:25:03+00,base-usdc-usdfc,false
38078,2026-04-14 05:25:03+00,fil-usdfc,false
38081,2026-04-14 05:30:02+00,eth-usdfc,false
38083,2026-04-14 05:30:04+00,base-usdc-usdfc,false
38082,2026-04-14 05:30:04+00,fil-usdfc,false
38084,2026-04-14 05:30:05+00,polygon-usdc-usdfc,false
38087,2026-04-14 05:35:02+00,base-usdc-usdfc,false
38086,2026-04-14 05:35:02+00,fil-usdfc,false
38085,2026-04-14 05:35:02+00,eth-usdfc,false
38088,2026-04-14 05:35:03+00,polygon-usdc-usdfc,false
38089,2026-04-14 05:40:01+00,eth-usdfc,false
38092,2026-04-14 05:40:02+00,polygon-usdc-usdfc,false
38091,2026-04-14 05:40:02+00,base-usdc-usdfc,false
38090,2026-04-14 05:40:02+00,fil-usdfc,false
38093,2026-04-14 05:45:02+00,eth-usdfc,false
38095,2026-04-14 05:45:03+00,base-usdc-usdfc,false
38094,2026-04-14 05:45:03+00,fil-usdfc,false
38096,2026-04-14 05:45:06+00,polygon-usdc-usdfc,false
38097,2026-04-14 05:50:01+00,eth-usdfc,false
38098,2026-04-14 05:50:43+00,fil-usdfc,false
38099,2026-04-14 05:50:46+00,base-usdc-usdfc,false
38100,2026-04-14 05:50:49+00,polygon-usdc-usdfc,false
38101,2026-04-14 05:55:02+00,eth-usdfc,false
38103,2026-04-14 05:55:57+00,base-usdc-usdfc,false
38102,2026-04-14 05:55:57+00,fil-usdfc,false
38104,2026-04-14 05:55:58+00,polygon-usdc-usdfc,false
38105,2026-04-14 06:00:02+00,eth-usdfc,false
38106,2026-04-14 06:00:42+00,fil-usdfc,false
38107,2026-04-14 06:00:45+00,base-usdc-usdfc,false
38108,2026-04-14 06:00:46+00,polygon-usdc-usdfc,false
38110,2026-04-14 06:05:02+00,fil-usdfc,false
38109,2026-04-14 06:05:02+00,eth-usdfc,false
38111,2026-04-14 06:05:03+00,base-usdc-usdfc,false
38112,2026-04-14 06:05:04+00,polygon-usdc-usdfc,false
38113,2026-04-14 06:10:01+00,eth-usdfc,false
38114,2026-04-14 06:10:16+00,fil-usdfc,false
38116,2026-04-14 06:10:17+00,polygon-usdc-usdfc,false
38115,2026-04-14 06:10:17+00,base-usdc-usdfc,false
38117,2026-04-14 06:15:02+00,eth-usdfc,false
38119,2026-04-14 06:15:03+00,base-usdc-usdfc,false
38118,2026-04-14 06:15:03+00,fil-usdfc,false
38120,2026-04-14 06:15:04+00,polygon-usdc-usdfc,false
38121,2026-04-14 06:20:02+00,eth-usdfc,false
38122,2026-04-14 06:20:03+00,fil-usdfc,false
38123,2026-04-14 06:20:04+00,base-usdc-usdfc,false
38124,2026-04-14 06:20:05+00,polygon-usdc-usdfc,false
38127,2026-04-14 06:25:02+00,base-usdc-usdfc,false
38126,2026-04-14 06:25:02+00,fil-usdfc,false
38125,2026-04-14 06:25:02+00,eth-usdfc,false
38128,2026-04-14 06:25:03+00,polygon-usdc-usdfc,false
38129,2026-04-14 06:30:01+00,eth-usdfc,false
38130,2026-04-14 06:30:04+00,fil-usdfc,false
38132,2026-04-14 06:30:05+00,polygon-usdc-usdfc,false
38131,2026-04-14 06:30:05+00,base-usdc-usdfc,false
38134,2026-04-14 06:35:02+00,fil-usdfc,false
38133,2026-04-14 06:35:02+00,eth-usdfc,false
38136,2026-04-14 06:35:03+00,polygon-usdc-usdfc,false
38135,2026-04-14 06:35:03+00,base-usdc-usdfc,false
38138,2026-04-14 06:40:02+00,fil-usdfc,false
38137,2026-04-14 06:40:02+00,eth-usdfc,false
38140,2026-04-14 06:40:03+00,polygon-usdc-usdfc,false
38139,2026-04-14 06:40:03+00,base-usdc-usdfc,false
38141,2026-04-14 06:45:02+00,eth-usdfc,false
38142,2026-04-14 06:45:28+00,fil-usdfc,false
38143,2026-04-14 06:45:33+00,base-usdc-usdfc,false
38144,2026-04-14 06:45:34+00,polygon-usdc-usdfc,false
38145,2026-04-14 06:50:02+00,eth-usdfc,false
38146,2026-04-14 06:51:04+00,fil-usdfc,false
38147,2026-04-14 06:51:05+00,base-usdc-usdfc,false
38148,2026-04-14 06:51:06+00,polygon-usdc-usdfc,false
38149,2026-04-14 06:55:02+00,eth-usdfc,false
38151,2026-04-14 06:58:24+00,base-usdc-usdfc,false
38150,2026-04-14 06:58:24+00,fil-usdfc,false
38152,2026-04-14 06:58:25+00,polygon-usdc-usdfc,false
38153,2026-04-14 07:05:01+00,eth-usdfc,false
38154,2026-04-14 07:05:12+00,fil-usdfc,false
38155,2026-04-14 07:05:13+00,base-usdc-usdfc,false
38156,2026-04-14 07:05:14+00,polygon-usdc-usdfc,false
38157,2026-04-14 07:10:02+00,eth-usdfc,false
38158,2026-04-14 07:10:04+00,fil-usdfc,false
38159,2026-04-14 07:10:43+00,base-usdc-usdfc,false
38160,2026-04-14 07:10:44+00,polygon-usdc-usdfc,false
38162,2026-04-14 07:15:02+00,fil-usdfc,false
38161,2026-04-14 07:15:02+00,eth-usdfc,false
38164,2026-04-14 07:15:03+00,polygon-usdc-usdfc,false
38163,2026-04-14 07:15:03+00,base-usdc-usdfc,false
38165,2026-04-14 07:20:02+00,eth-usdfc,false
38167,2026-04-14 07:20:09+00,base-usdc-usdfc,false
38166,2026-04-14 07:20:09+00,fil-usdfc,false
38168,2026-04-14 07:20:10+00,polygon-usdc-usdfc,false
38169,2026-04-14 07:25:01+00,eth-usdfc,false
38170,2026-04-14 07:25:04+00,fil-usdfc,false
38172,2026-04-14 07:25:05+00,polygon-usdc-usdfc,false
38171,2026-04-14 07:25:05+00,base-usdc-usdfc,false
38173,2026-04-14 07:30:02+00,eth-usdfc,false
38174,2026-04-14 07:30:04+00,fil-usdfc,false
38175,2026-04-14 07:30:05+00,base-usdc-usdfc,false
38176,2026-04-14 07:30:06+00,polygon-usdc-usdfc,false
38177,2026-04-14 07:35:01+00,eth-usdfc,false
38178,2026-04-14 07:35:02+00,fil-usdfc,false
38179,2026-04-14 07:35:17+00,base-usdc-usdfc,false
38180,2026-04-14 07:35:18+00,polygon-usdc-usdfc,false
38181,2026-04-14 07:40:02+00,eth-usdfc,false
38182,2026-04-14 07:42:19+00,fil-usdfc,false
38183,2026-04-14 07:42:22+00,base-usdc-usdfc,false
38184,2026-04-14 07:42:25+00,polygon-usdc-usdfc,false
38185,2026-04-14 08:00:02+00,eth-usdfc,false
38186,2026-04-14 08:00:05+00,fil-usdfc,false
38188,2026-04-14 08:00:06+00,polygon-usdc-usdfc,false
38187,2026-04-14 08:00:06+00,base-usdc-usdfc,false
38189,2026-04-14 08:05:02+00,eth-usdfc,false
38190,2026-04-14 08:05:27+00,fil-usdfc,false
38191,2026-04-14 08:05:31+00,base-usdc-usdfc,false
38192,2026-04-14 08:05:35+00,polygon-usdc-usdfc,false
38193,2026-04-14 08:10:02+00,eth-usdfc,false
38195,2026-04-14 08:10:03+00,base-usdc-usdfc,false
38194,2026-04-14 08:10:03+00,fil-usdfc,false
38196,2026-04-14 08:10:05+00,polygon-usdc-usdfc,false
38197,2026-04-14 08:15:02+00,eth-usdfc,false
38198,2026-04-14 08:15:03+00,fil-usdfc,false
38199,2026-04-14 08:15:08+00,base-usdc-usdfc,false
38200,2026-04-14 08:15:09+00,polygon-usdc-usdfc,false
38202,2026-04-14 08:20:02+00,fil-usdfc,false
38201,2026-04-14 08:20:02+00,eth-usdfc,false
38203,2026-04-14 08:20:03+00,base-usdc-usdfc,false
38204,2026-04-14 08:20:04+00,polygon-usdc-usdfc,false
38205,2026-04-14 08:25:02+00,eth-usdfc,false
38206,2026-04-14 08:25:06+00,fil-usdfc,false
38207,2026-04-14 08:25:07+00,base-usdc-usdfc,false
38208,2026-04-14 08:25:08+00,polygon-usdc-usdfc,false
38209,2026-04-14 08:30:02+00,eth-usdfc,false
38211,2026-04-14 08:30:09+00,base-usdc-usdfc,false
38210,2026-04-14 08:30:09+00,fil-usdfc,false
38212,2026-04-14 08:30:10+00,polygon-usdc-usdfc,false
38213,2026-04-14 08:35:01+00,eth-usdfc,false
38215,2026-04-14 08:35:02+00,base-usdc-usdfc,false
38214,2026-04-14 08:35:02+00,fil-usdfc,false
38216,2026-04-14 08:35:03+00,polygon-usdc-usdfc,false
38217,2026-04-14 08:40:02+00,eth-usdfc,false
38218,2026-04-14 08:43:50+00,fil-usdfc,false
38219,2026-04-14 08:43:52+00,base-usdc-usdfc,false
38220,2026-04-14 08:43:55+00,polygon-usdc-usdfc,false
38221,2026-04-14 08:50:01+00,eth-usdfc,false
38222,2026-04-14 08:55:16+00,fil-usdfc,false
38223,2026-04-14 08:55:18+00,base-usdc-usdfc,false
38224,2026-04-14 08:55:19+00,polygon-usdc-usdfc,false
38225,2026-04-14 09:05:02+00,eth-usdfc,false
38226,2026-04-14 09:05:04+00,fil-usdfc,false
38227,2026-04-14 09:05:06+00,base-usdc-usdfc,false
38228,2026-04-14 09:05:07+00,polygon-usdc-usdfc,false
38229,2026-04-14 09:10:02+00,eth-usdfc,false
38231,2026-04-14 09:10:05+00,base-usdc-usdfc,false
38230,2026-04-14 09:10:05+00,fil-usdfc,false
38232,2026-04-14 09:10:06+00,polygon-usdc-usdfc,false
38233,2026-04-14 09:15:02+00,eth-usdfc,false
38234,2026-04-14 09:15:03+00,fil-usdfc,false
38235,2026-04-14 09:15:04+00,base-usdc-usdfc,false
38236,2026-04-14 09:15:05+00,polygon-usdc-usdfc,false
38238,2026-04-14 09:20:02+00,fil-usdfc,false
38237,2026-04-14 09:20:02+00,eth-usdfc,false
38240,2026-04-14 09:20:03+00,polygon-usdc-usdfc,false
38239,2026-04-14 09:20:03+00,base-usdc-usdfc,false
38241,2026-04-14 09:25:01+00,eth-usdfc,false
38242,2026-04-14 09:25:02+00,fil-usdfc,false
38244,2026-04-14 09:25:03+00,polygon-usdc-usdfc,false
38243,2026-04-14 09:25:03+00,base-usdc-usdfc,false
38245,2026-04-14 09:30:01+00,eth-usdfc,false
38246,2026-04-14 09:30:04+00,fil-usdfc,false
38247,2026-04-14 09:30:06+00,base-usdc-usdfc,false
38248,2026-04-14 09:30:08+00,polygon-usdc-usdfc,false
38249,2026-04-14 09:35:01+00,eth-usdfc,false
38250,2026-04-14 09:36:05+00,fil-usdfc,false
38251,2026-04-14 09:36:06+00,base-usdc-usdfc,false
38252,2026-04-14 09:36:07+00,polygon-usdc-usdfc,false
38253,2026-04-14 09:45:02+00,eth-usdfc,false
38254,2026-04-14 09:45:31+00,fil-usdfc,false
38255,2026-04-14 09:45:33+00,base-usdc-usdfc,false
38256,2026-04-14 09:45:35+00,polygon-usdc-usdfc,false
38257,2026-04-14 09:55:01+00,eth-usdfc,false
38258,2026-04-14 09:55:06+00,fil-usdfc,false
38260,2026-04-14 09:55:07+00,polygon-usdc-usdfc,false
38259,2026-04-14 09:55:07+00,base-usdc-usdfc,false
38261,2026-04-14 10:00:02+00,eth-usdfc,false
38262,2026-04-14 10:00:03+00,fil-usdfc,false
38263,2026-04-14 10:00:07+00,base-usdc-usdfc,false
38264,2026-04-14 10:00:08+00,polygon-usdc-usdfc,false
38266,2026-04-14 10:05:02+00,fil-usdfc,false
38265,2026-04-14 10:05:02+00,eth-usdfc,false
38268,2026-04-14 10:05:05+00,polygon-usdc-usdfc,false
38267,2026-04-14 10:05:05+00,base-usdc-usdfc,false
38269,2026-04-14 10:10:01+00,eth-usdfc,false
38270,2026-04-14 10:10:03+00,fil-usdfc,false
38271,2026-04-14 10:10:04+00,base-usdc-usdfc,false
38272,2026-04-14 10:10:06+00,polygon-usdc-usdfc,false
38273,2026-04-14 10:15:02+00,eth-usdfc,false
38274,2026-04-14 10:15:09+00,fil-usdfc,false
38275,2026-04-14 10:15:10+00,base-usdc-usdfc,false
38276,2026-04-14 10:15:11+00,polygon-usdc-usdfc,false
38277,2026-04-14 10:20:01+00,eth-usdfc,false
38279,2026-04-14 10:20:03+00,base-usdc-usdfc,false
38278,2026-04-14 10:20:03+00,fil-usdfc,false
38280,2026-04-14 10:20:04+00,polygon-usdc-usdfc,false
38281,2026-04-14 10:25:01+00,eth-usdfc,false
38282,2026-04-14 10:25:11+00,fil-usdfc,false
38283,2026-04-14 10:25:18+00,base-usdc-usdfc,false
38284,2026-04-14 10:25:22+00,polygon-usdc-usdfc,false
38285,2026-04-14 10:30:02+00,eth-usdfc,false
38287,2026-04-14 10:32:18+00,base-usdc-usdfc,false
38286,2026-04-14 10:32:18+00,fil-usdfc,false
38288,2026-04-14 10:32:19+00,polygon-usdc-usdfc,false
38289,2026-04-14 10:40:02+00,eth-usdfc,false
38290,2026-04-14 10:44:24+00,fil-usdfc,false
38291,2026-04-14 10:44:26+00,base-usdc-usdfc,false
38292,2026-04-14 10:44:28+00,polygon-usdc-usdfc,false
38293,2026-04-14 10:55:02+00,eth-usdfc,false
38294,2026-04-14 10:55:17+00,fil-usdfc,false
38295,2026-04-14 10:55:18+00,base-usdc-usdfc,false
38296,2026-04-14 10:55:19+00,polygon-usdc-usdfc,false
38297,2026-04-14 11:00:02+00,eth-usdfc,false
38298,2026-04-14 11:00:03+00,fil-usdfc,false
38299,2026-04-14 11:00:04+00,base-usdc-usdfc,false
38300,2026-04-14 11:00:05+00,polygon-usdc-usdfc,false
38301,2026-04-14 11:05:01+00,eth-usdfc,false
38303,2026-04-14 11:05:02+00,base-usdc-usdfc,false
38302,2026-04-14 11:05:02+00,fil-usdfc,false
38304,2026-04-14 11:05:03+00,polygon-usdc-usdfc,false
38307,2026-04-14 11:10:02+00,base-usdc-usdfc,false
38306,2026-04-14 11:10:02+00,fil-usdfc,false
38305,2026-04-14 11:10:02+00,eth-usdfc,false
38308,2026-04-14 11:10:03+00,polygon-usdc-usdfc,false
38311,2026-04-14 11:15:02+00,base-usdc-usdfc,false
38310,2026-04-14 11:15:02+00,fil-usdfc,false
38309,2026-04-14 11:15:02+00,eth-usdfc,false
38312,2026-04-14 11:15:03+00,polygon-usdc-usdfc,false
38313,2026-04-14 11:20:02+00,eth-usdfc,false
38314,2026-04-14 11:20:08+00,fil-usdfc,false
38315,2026-04-14 11:20:10+00,base-usdc-usdfc,false
38316,2026-04-14 11:20:12+00,polygon-usdc-usdfc,false
38317,2026-04-14 11:25:02+00,eth-usdfc,false
38318,2026-04-14 11:25:49+00,fil-usdfc,false
38319,2026-04-14 11:25:52+00,base-usdc-usdfc,false
38320,2026-04-14 11:25:55+00,polygon-usdc-usdfc,false
38321,2026-04-14 11:30:02+00,eth-usdfc,false
38322,2026-04-14 11:32:12+00,fil-usdfc,false
38323,2026-04-14 11:32:14+00,base-usdc-usdfc,false
38324,2026-04-14 11:32:17+00,polygon-usdc-usdfc,false
38325,2026-04-14 11:40:02+00,eth-usdfc,false
38326,2026-04-14 11:40:05+00,fil-usdfc,false
38327,2026-04-14 11:40:07+00,base-usdc-usdfc,false
38328,2026-04-14 11:40:11+00,polygon-usdc-usdfc,false
38329,2026-04-14 11:55:01+00,eth-usdfc,false
38330,2026-04-14 11:56:58+00,fil-usdfc,false
38331,2026-04-14 11:57:07+00,base-usdc-usdfc,false
38332,2026-04-14 11:57:18+00,polygon-usdc-usdfc,false
38333,2026-04-14 12:05:01+00,eth-usdfc,false
38334,2026-04-14 12:05:02+00,fil-usdfc,false
38335,2026-04-14 12:05:03+00,base-usdc-usdfc,false
38336,2026-04-14 12:05:06+00,polygon-usdc-usdfc,false
38337,2026-04-14 12:10:01+00,eth-usdfc,false
38338,2026-04-14 12:10:04+00,fil-usdfc,false
38340,2026-04-14 12:10:10+00,polygon-usdc-usdfc,false
38339,2026-04-14 12:10:10+00,base-usdc-usdfc,false
38341,2026-04-14 12:15:02+00,eth-usdfc,false
38342,2026-04-14 12:15:04+00,fil-usdfc,false
38343,2026-04-14 12:15:07+00,base-usdc-usdfc,false
38344,2026-04-14 12:15:08+00,polygon-usdc-usdfc,false
38345,2026-04-14 12:20:02+00,eth-usdfc,false
38347,2026-04-14 12:20:04+00,base-usdc-usdfc,false
38346,2026-04-14 12:20:04+00,fil-usdfc,false
38348,2026-04-14 12:20:06+00,polygon-usdc-usdfc,false
38349,2026-04-14 12:25:02+00,eth-usdfc,false
38350,2026-04-14 12:25:03+00,fil-usdfc,false
38351,2026-04-14 12:25:05+00,base-usdc-usdfc,false
38352,2026-04-14 12:25:09+00,polygon-usdc-usdfc,false
38353,2026-04-14 12:30:01+00,eth-usdfc,false
38354,2026-04-14 12:30:19+00,fil-usdfc,false
38355,2026-04-14 12:30:20+00,base-usdc-usdfc,false
38356,2026-04-14 12:30:21+00,polygon-usdc-usdfc,false
38357,2026-04-14 12:35:01+00,eth-usdfc,false
38358,2026-04-14 12:35:07+00,fil-usdfc,false
38359,2026-04-14 12:35:24+00,base-usdc-usdfc,false
38360,2026-04-14 12:35:28+00,polygon-usdc-usdfc,false
38361,2026-04-14 12:40:01+00,eth-usdfc,false
38362,2026-04-14 12:40:12+00,fil-usdfc,false
38363,2026-04-14 12:40:19+00,base-usdc-usdfc,false
38364,2026-04-14 12:40:27+00,polygon-usdc-usdfc,false
38365,2026-04-14 12:45:02+00,eth-usdfc,false
38368,2026-04-14 12:45:03+00,polygon-usdc-usdfc,false
38367,2026-04-14 12:45:03+00,base-usdc-usdfc,false
38366,2026-04-14 12:45:03+00,fil-usdfc,false
38369,2026-04-14 12:50:02+00,eth-usdfc,false
38370,2026-04-14 12:50:07+00,fil-usdfc,false
38372,2026-04-14 12:50:09+00,polygon-usdc-usdfc,false
38371,2026-04-14 12:50:09+00,base-usdc-usdfc,false
38373,2026-04-14 12:55:01+00,eth-usdfc,false
38374,2026-04-14 12:55:10+00,fil-usdfc,false
38376,2026-04-14 12:55:15+00,polygon-usdc-usdfc,false
38375,2026-04-14 12:55:15+00,base-usdc-usdfc,false
38377,2026-04-14 13:00:01+00,eth-usdfc,false
38378,2026-04-14 13:00:35+00,fil-usdfc,false
38379,2026-04-14 13:00:40+00,base-usdc-usdfc,false
38380,2026-04-14 13:00:44+00,polygon-usdc-usdfc,false
38381,2026-04-14 13:10:01+00,eth-usdfc,false
38382,2026-04-14 13:12:38+00,fil-usdfc,false
38383,2026-04-14 13:12:41+00,base-usdc-usdfc,false
38384,2026-04-14 13:12:44+00,polygon-usdc-usdfc,false
38385,2026-04-14 13:20:01+00,eth-usdfc,false
38386,2026-04-14 13:20:04+00,fil-usdfc,false
38387,2026-04-14 13:26:30+00,base-usdc-usdfc,false
38388,2026-04-14 13:26:33+00,polygon-usdc-usdfc,false
38389,2026-04-14 13:35:01+00,eth-usdfc,false
38390,2026-04-14 13:36:54+00,fil-usdfc,false
38391,2026-04-14 13:38:57+00,base-usdc-usdfc,false
38392,2026-04-14 13:38:58+00,polygon-usdc-usdfc,false
38393,2026-04-14 13:45:03+00,eth-usdfc,false
38394,2026-04-14 13:46:20+00,fil-usdfc,false
38395,2026-04-14 13:46:23+00,base-usdc-usdfc,false
38396,2026-04-14 13:46:33+00,polygon-usdc-usdfc,false
38397,2026-04-14 13:50:01+00,eth-usdfc,false
38398,2026-04-14 13:51:34+00,fil-usdfc,false
38399,2026-04-14 13:51:35+00,base-usdc-usdfc,false
38400,2026-04-14 13:51:40+00,polygon-usdc-usdfc,false
38401,2026-04-14 13:55:02+00,eth-usdfc,false
38402,2026-04-14 13:55:08+00,fil-usdfc,false
38403,2026-04-14 13:55:13+00,base-usdc-usdfc,false
38404,2026-04-14 13:55:17+00,polygon-usdc-usdfc,false
38405,2026-04-14 14:00:02+00,eth-usdfc,false
38406,2026-04-14 14:00:12+00,fil-usdfc,false
38407,2026-04-14 14:00:14+00,base-usdc-usdfc,false
38408,2026-04-14 14:00:15+00,polygon-usdc-usdfc,false
38409,2026-04-14 14:05:01+00,eth-usdfc,false
38410,2026-04-14 14:05:27+00,fil-usdfc,false
38412,2026-04-14 14:05:28+00,polygon-usdc-usdfc,false
38411,2026-04-14 14:05:28+00,base-usdc-usdfc,false
38413,2026-04-14 14:10:01+00,eth-usdfc,false
38414,2026-04-14 14:10:06+00,fil-usdfc,false
38415,2026-04-14 14:10:07+00,base-usdc-usdfc,false
38416,2026-04-14 14:10:09+00,polygon-usdc-usdfc,false
38418,2026-04-14 14:15:02+00,fil-usdfc,false
38417,2026-04-14 14:15:02+00,eth-usdfc,false
38419,2026-04-14 14:15:07+00,base-usdc-usdfc,false
38420,2026-04-14 14:15:11+00,polygon-usdc-usdfc,false
38421,2026-04-14 14:20:01+00,eth-usdfc,false
38422,2026-04-14 14:20:15+00,fil-usdfc,false
38423,2026-04-14 14:20:19+00,base-usdc-usdfc,false
38424,2026-04-14 14:20:22+00,polygon-usdc-usdfc,false
38425,2026-04-14 14:25:02+00,eth-usdfc,false
38426,2026-04-14 14:25:07+00,fil-usdfc,false
38427,2026-04-14 14:25:11+00,base-usdc-usdfc,false
38428,2026-04-14 14:25:15+00,polygon-usdc-usdfc,false
38429,2026-04-14 14:30:02+00,eth-usdfc,false
38431,2026-04-14 14:30:20+00,base-usdc-usdfc,false
38430,2026-04-14 14:30:20+00,fil-usdfc,false
38432,2026-04-14 14:30:21+00,polygon-usdc-usdfc,false
38434,2026-04-14 14:35:02+00,fil-usdfc,false
38433,2026-04-14 14:35:02+00,eth-usdfc,false
38436,2026-04-14 14:35:03+00,polygon-usdc-usdfc,false
38435,2026-04-14 14:35:03+00,base-usdc-usdfc,false
38438,2026-04-14 14:40:02+00,fil-usdfc,false
38437,2026-04-14 14:40:02+00,eth-usdfc,false
38440,2026-04-14 14:40:03+00,polygon-usdc-usdfc,false
38439,2026-04-14 14:40:03+00,base-usdc-usdfc,false
38441,2026-04-14 14:45:02+00,eth-usdfc,false
38443,2026-04-14 14:45:04+00,base-usdc-usdfc,false
38442,2026-04-14 14:45:04+00,fil-usdfc,false
38444,2026-04-14 14:45:05+00,polygon-usdc-usdfc,false
38445,2026-04-14 14:50:01+00,eth-usdfc,false
38446,2026-04-14 14:51:20+00,fil-usdfc,false
38447,2026-04-14 14:51:25+00,base-usdc-usdfc,false
38448,2026-04-14 14:51:27+00,polygon-usdc-usdfc,false
38449,2026-04-14 14:55:02+00,eth-usdfc,false
38450,2026-04-14 14:56:57+00,fil-usdfc,false
38451,2026-04-14 14:57:02+00,base-usdc-usdfc,false
38452,2026-04-14 14:57:08+00,polygon-usdc-usdfc,false
38453,2026-04-14 15:00:02+00,eth-usdfc,false
38454,2026-04-14 15:02:52+00,fil-usdfc,false
38455,2026-04-14 15:02:57+00,base-usdc-usdfc,false
38456,2026-04-14 15:03:01+00,polygon-usdc-usdfc,false
38457,2026-04-14 15:15:02+00,eth-usdfc,false
38458,2026-04-14 15:21:01+00,fil-usdfc,false
38459,2026-04-14 15:23:24+00,base-usdc-usdfc,false
38460,2026-04-14 15:23:30+00,polygon-usdc-usdfc,false
38461,2026-04-14 15:25:02+00,eth-usdfc,false
38462,2026-04-14 15:26:08+00,fil-usdfc,false
38463,2026-04-14 15:26:09+00,base-usdc-usdfc,false
38464,2026-04-14 15:26:11+00,polygon-usdc-usdfc,false
38465,2026-04-14 15:30:02+00,eth-usdfc,false
38466,2026-04-14 15:30:25+00,fil-usdfc,false
38467,2026-04-14 15:30:27+00,base-usdc-usdfc,false
38468,2026-04-14 15:30:28+00,polygon-usdc-usdfc,false
38469,2026-04-14 15:35:02+00,eth-usdfc,false
38470,2026-04-14 15:35:22+00,fil-usdfc,false
38471,2026-04-14 15:35:24+00,base-usdc-usdfc,false
38472,2026-04-14 15:35:25+00,polygon-usdc-usdfc,false
38473,2026-04-14 15:40:02+00,eth-usdfc,false
38474,2026-04-14 15:40:13+00,fil-usdfc,false
38475,2026-04-14 15:40:15+00,base-usdc-usdfc,false
38476,2026-04-14 15:40:16+00,polygon-usdc-usdfc,false
38477,2026-04-14 15:45:02+00,eth-usdfc,false
38478,2026-04-14 15:45:07+00,fil-usdfc,false
38479,2026-04-14 15:45:09+00,base-usdc-usdfc,false
38480,2026-04-14 15:45:11+00,polygon-usdc-usdfc,false
38481,2026-04-14 15:50:02+00,eth-usdfc,false
38482,2026-04-14 15:50:07+00,fil-usdfc,false
38483,2026-04-14 15:50:09+00,base-usdc-usdfc,false
38484,2026-04-14 15:50:11+00,polygon-usdc-usdfc,false
38486,2026-04-14 15:55:02+00,fil-usdfc,false
38485,2026-04-14 15:55:02+00,eth-usdfc,false
38488,2026-04-14 15:55:04+00,polygon-usdc-usdfc,false
38487,2026-04-14 15:55:04+00,base-usdc-usdfc,false
38490,2026-04-14 16:00:02+00,fil-usdfc,false
38489,2026-04-14 16:00:02+00,eth-usdfc,false
38492,2026-04-14 16:00:03+00,polygon-usdc-usdfc,false
38491,2026-04-14 16:00:03+00,base-usdc-usdfc,false
38496,2026-04-14 16:05:02+00,polygon-usdc-usdfc,false
38495,2026-04-14 16:05:02+00,base-usdc-usdfc,false
38494,2026-04-14 16:05:02+00,fil-usdfc,false
38493,2026-04-14 16:05:02+00,eth-usdfc,false
38497,2026-04-14 16:10:02+00,eth-usdfc,false
38498,2026-04-14 16:18:30+00,fil-usdfc,false
38499,2026-04-14 16:24:38+00,base-usdc-usdfc,false
38500,2026-04-14 16:24:40+00,polygon-usdc-usdfc,false
38501,2026-04-14 16:25:01+00,eth-usdfc,false
38502,2026-04-14 16:25:02+00,fil-usdfc,false
38503,2026-04-14 16:25:04+00,base-usdc-usdfc,false
38504,2026-04-14 16:25:05+00,polygon-usdc-usdfc,false
38505,2026-04-14 16:35:02+00,eth-usdfc,false
38506,2026-04-14 16:35:34+00,fil-usdfc,false
38507,2026-04-14 16:35:37+00,base-usdc-usdfc,false
38508,2026-04-14 16:35:39+00,polygon-usdc-usdfc,false
38509,2026-04-14 16:40:02+00,eth-usdfc,false
38510,2026-04-14 16:40:15+00,fil-usdfc,false
38511,2026-04-14 16:40:18+00,base-usdc-usdfc,false
38512,2026-04-14 16:40:20+00,polygon-usdc-usdfc,false
38513,2026-04-14 16:45:02+00,eth-usdfc,false
38514,2026-04-14 16:45:32+00,fil-usdfc,false
38515,2026-04-14 16:45:33+00,base-usdc-usdfc,false
38516,2026-04-14 16:45:34+00,polygon-usdc-usdfc,false
38517,2026-04-14 16:50:01+00,eth-usdfc,false
38518,2026-04-14 16:50:02+00,fil-usdfc,false
38519,2026-04-14 16:50:03+00,base-usdc-usdfc,false
38520,2026-04-14 16:50:04+00,polygon-usdc-usdfc,false
38521,2026-04-14 16:55:02+00,eth-usdfc,false
38522,2026-04-14 16:55:07+00,fil-usdfc,false
38523,2026-04-14 16:55:08+00,base-usdc-usdfc,false
38524,2026-04-14 16:55:09+00,polygon-usdc-usdfc,false
38525,2026-04-14 17:00:02+00,eth-usdfc,false
38527,2026-04-14 17:00:06+00,base-usdc-usdfc,false
38526,2026-04-14 17:00:06+00,fil-usdfc,false
38528,2026-04-14 17:00:08+00,polygon-usdc-usdfc,false
38529,2026-04-14 17:05:01+00,eth-usdfc,false
38530,2026-04-14 17:05:03+00,fil-usdfc,false
38531,2026-04-14 17:05:07+00,base-usdc-usdfc,false
38532,2026-04-14 17:05:15+00,polygon-usdc-usdfc,false
38533,2026-04-14 17:10:02+00,eth-usdfc,false
38534,2026-04-14 17:10:03+00,fil-usdfc,false
38535,2026-04-14 17:10:04+00,base-usdc-usdfc,false
38536,2026-04-14 17:10:05+00,polygon-usdc-usdfc,false
38537,2026-04-14 17:15:03+00,eth-usdfc,false
38538,2026-04-14 17:24:51+00,fil-usdfc,false
38539,2026-04-14 17:24:55+00,base-usdc-usdfc,false
38540,2026-04-14 17:24:56+00,polygon-usdc-usdfc,false
38541,2026-04-14 17:30:01+00,eth-usdfc,false
38543,2026-04-14 17:30:02+00,base-usdc-usdfc,false
38542,2026-04-14 17:30:02+00,fil-usdfc,false
38544,2026-04-14 17:30:03+00,polygon-usdc-usdfc,false
38545,2026-04-14 17:35:02+00,eth-usdfc,false
38546,2026-04-14 17:35:03+00,fil-usdfc,false
38547,2026-04-14 17:35:07+00,base-usdc-usdfc,false
38548,2026-04-14 17:35:09+00,polygon-usdc-usdfc,false
38549,2026-04-14 17:40:02+00,eth-usdfc,false
38550,2026-04-14 17:40:07+00,fil-usdfc,false
38551,2026-04-14 17:40:57+00,base-usdc-usdfc,false
38552,2026-04-14 17:41:02+00,polygon-usdc-usdfc,false
38553,2026-04-14 17:45:02+00,eth-usdfc,false
38554,2026-04-14 17:45:03+00,fil-usdfc,false
38555,2026-04-14 17:45:04+00,base-usdc-usdfc,false
38556,2026-04-14 17:45:06+00,polygon-usdc-usdfc,false
38557,2026-04-14 17:50:02+00,eth-usdfc,false
38558,2026-04-14 17:50:03+00,fil-usdfc,false
38559,2026-04-14 17:50:05+00,base-usdc-usdfc,false
38560,2026-04-14 17:50:06+00,polygon-usdc-usdfc,false
38561,2026-04-14 17:55:02+00,eth-usdfc,false
38562,2026-04-14 17:55:07+00,fil-usdfc,false
38563,2026-04-14 17:55:46+00,base-usdc-usdfc,false
38564,2026-04-14 17:55:52+00,polygon-usdc-usdfc,false
38565,2026-04-14 18:00:01+00,eth-usdfc,false
38566,2026-04-14 18:00:11+00,fil-usdfc,false
38567,2026-04-14 18:00:26+00,base-usdc-usdfc,false
38568,2026-04-14 18:00:33+00,polygon-usdc-usdfc,false
38572,2026-04-14 18:05:02+00,polygon-usdc-usdfc,false
38571,2026-04-14 18:05:02+00,base-usdc-usdfc,false
38570,2026-04-14 18:05:02+00,fil-usdfc,false
38569,2026-04-14 18:05:02+00,eth-usdfc,false
38573,2026-04-14 18:10:02+00,eth-usdfc,false
38574,2026-04-14 18:10:13+00,fil-usdfc,false
38575,2026-04-14 18:10:14+00,base-usdc-usdfc,false
38576,2026-04-14 18:10:15+00,polygon-usdc-usdfc,false
38577,2026-04-14 18:15:01+00,eth-usdfc,false
38579,2026-04-14 18:15:03+00,base-usdc-usdfc,false
38578,2026-04-14 18:15:03+00,fil-usdfc,false
38580,2026-04-14 18:15:04+00,polygon-usdc-usdfc,false
38581,2026-04-14 18:20:01+00,eth-usdfc,false
38583,2026-04-14 18:20:02+00,base-usdc-usdfc,false
38582,2026-04-14 18:20:02+00,fil-usdfc,false
38584,2026-04-14 18:20:03+00,polygon-usdc-usdfc,false
38585,2026-04-14 18:25:02+00,eth-usdfc,false
38588,2026-04-14 18:25:03+00,polygon-usdc-usdfc,false
38587,2026-04-14 18:25:03+00,base-usdc-usdfc,false
38586,2026-04-14 18:25:03+00,fil-usdfc,false
38590,2026-04-14 18:30:02+00,fil-usdfc,false
38589,2026-04-14 18:30:02+00,eth-usdfc,false
38592,2026-04-14 18:30:03+00,polygon-usdc-usdfc,false
38591,2026-04-14 18:30:03+00,base-usdc-usdfc,false
38595,2026-04-14 18:35:02+00,base-usdc-usdfc,false
38594,2026-04-14 18:35:02+00,fil-usdfc,false
38593,2026-04-14 18:35:02+00,eth-usdfc,false
38596,2026-04-14 18:35:06+00,polygon-usdc-usdfc,false
38597,2026-04-14 18:40:02+00,eth-usdfc,false
38598,2026-04-14 18:40:04+00,fil-usdfc,false
38599,2026-04-14 18:40:05+00,base-usdc-usdfc,false
38600,2026-04-14 18:40:07+00,polygon-usdc-usdfc,false
38601,2026-04-14 18:45:02+00,eth-usdfc,false
38602,2026-04-14 18:45:07+00,fil-usdfc,false
38603,2026-04-14 18:45:08+00,base-usdc-usdfc,false
38604,2026-04-14 18:45:09+00,polygon-usdc-usdfc,false
38607,2026-04-14 18:50:02+00,base-usdc-usdfc,false
38606,2026-04-14 18:50:02+00,fil-usdfc,false
38605,2026-04-14 18:50:02+00,eth-usdfc,false
38608,2026-04-14 18:50:03+00,polygon-usdc-usdfc,false
38609,2026-04-14 18:55:02+00,eth-usdfc,false
38610,2026-04-14 18:55:04+00,fil-usdfc,false
38612,2026-04-14 18:55:05+00,polygon-usdc-usdfc,false
38611,2026-04-14 18:55:05+00,base-usdc-usdfc,false
38613,2026-04-14 19:00:01+00,eth-usdfc,false
38615,2026-04-14 19:00:02+00,base-usdc-usdfc,false
38614,2026-04-14 19:00:02+00,fil-usdfc,false
38616,2026-04-14 19:00:03+00,polygon-usdc-usdfc,false
38617,2026-04-14 19:05:01+00,eth-usdfc,false
38620,2026-04-14 19:05:02+00,polygon-usdc-usdfc,false
38619,2026-04-14 19:05:02+00,base-usdc-usdfc,false
38618,2026-04-14 19:05:02+00,fil-usdfc,false
38621,2026-04-14 19:10:02+00,eth-usdfc,false
38622,2026-04-14 19:10:05+00,fil-usdfc,false
38623,2026-04-14 19:10:06+00,base-usdc-usdfc,false
38624,2026-04-14 19:10:08+00,polygon-usdc-usdfc,false
38625,2026-04-14 19:15:01+00,eth-usdfc,false
38628,2026-04-14 19:15:02+00,polygon-usdc-usdfc,false
38627,2026-04-14 19:15:02+00,base-usdc-usdfc,false
38626,2026-04-14 19:15:02+00,fil-usdfc,false
38629,2026-04-14 19:20:02+00,eth-usdfc,false
38630,2026-04-14 19:20:05+00,fil-usdfc,false
38632,2026-04-14 19:20:06+00,polygon-usdc-usdfc,false
38631,2026-04-14 19:20:06+00,base-usdc-usdfc,false
38634,2026-04-14 19:25:02+00,fil-usdfc,false
38633,2026-04-14 19:25:02+00,eth-usdfc,false
38636,2026-04-14 19:25:05+00,polygon-usdc-usdfc,false
38635,2026-04-14 19:25:05+00,base-usdc-usdfc,false
38638,2026-04-14 19:30:02+00,fil-usdfc,false
38637,2026-04-14 19:30:02+00,eth-usdfc,false
38639,2026-04-14 19:30:03+00,base-usdc-usdfc,false
38640,2026-04-14 19:30:04+00,polygon-usdc-usdfc,false
38641,2026-04-14 19:35:02+00,eth-usdfc,false
38642,2026-04-14 19:35:04+00,fil-usdfc,false
38643,2026-04-14 19:35:11+00,base-usdc-usdfc,false
38644,2026-04-14 19:35:12+00,polygon-usdc-usdfc,false
38645,2026-04-14 19:40:02+00,eth-usdfc,false
38646,2026-04-14 19:40:06+00,fil-usdfc,false
38647,2026-04-14 19:40:07+00,base-usdc-usdfc,false
38648,2026-04-14 19:40:08+00,polygon-usdc-usdfc,false
38649,2026-04-14 19:45:02+00,eth-usdfc,false
38650,2026-04-14 19:45:09+00,fil-usdfc,false
38651,2026-04-14 19:45:11+00,base-usdc-usdfc,false
38652,2026-04-14 19:45:13+00,polygon-usdc-usdfc,false
38653,2026-04-14 19:50:01+00,eth-usdfc,false
38654,2026-04-14 19:50:06+00,fil-usdfc,false
38655,2026-04-14 19:50:08+00,base-usdc-usdfc,false
38656,2026-04-14 19:50:10+00,polygon-usdc-usdfc,false
38657,2026-04-14 19:55:01+00,eth-usdfc,false
38658,2026-04-14 19:55:03+00,fil-usdfc,false
38659,2026-04-14 19:55:05+00,base-usdc-usdfc,false
38660,2026-04-14 19:55:06+00,polygon-usdc-usdfc,false
38661,2026-04-14 20:00:02+00,eth-usdfc,false
38662,2026-04-14 20:00:05+00,fil-usdfc,false
38663,2026-04-14 20:00:08+00,base-usdc-usdfc,false
38664,2026-04-14 20:00:18+00,polygon-usdc-usdfc,false
38665,2026-04-14 20:05:02+00,eth-usdfc,false
38666,2026-04-14 20:05:10+00,fil-usdfc,false
38667,2026-04-14 20:05:16+00,base-usdc-usdfc,false
38668,2026-04-14 20:05:22+00,polygon-usdc-usdfc,false
38669,2026-04-14 20:10:02+00,eth-usdfc,false
38670,2026-04-14 20:10:05+00,fil-usdfc,false
38671,2026-04-14 20:10:08+00,base-usdc-usdfc,false
38672,2026-04-14 20:10:09+00,polygon-usdc-usdfc,false
38673,2026-04-14 20:15:02+00,eth-usdfc,false
38674,2026-04-14 20:15:23+00,fil-usdfc,false
38675,2026-04-14 20:15:26+00,base-usdc-usdfc,false
38676,2026-04-14 20:15:29+00,polygon-usdc-usdfc,false
38677,2026-04-14 20:20:02+00,eth-usdfc,false
38678,2026-04-14 20:20:23+00,fil-usdfc,false
38679,2026-04-14 20:20:25+00,base-usdc-usdfc,false
38680,2026-04-14 20:20:27+00,polygon-usdc-usdfc,false
38681,2026-04-14 20:25:02+00,eth-usdfc,true
38682,2026-04-14 20:25:06+00,fil-usdfc,true
38683,2026-04-14 20:25:11+00,base-usdc-usdfc,true
38684,2026-04-14 20:25:38+00,polygon-usdc-usdfc,true
38685,2026-04-14 20:30:02+00,eth-usdfc,true
38686,2026-04-14 20:30:05+00,fil-usdfc,true
38687,2026-04-14 20:30:19+00,base-usdc-usdfc,true
38688,2026-04-14 20:30:20+00,polygon-usdc-usdfc,true
38689,2026-04-14 20:35:01+00,eth-usdfc,true
38690,2026-04-14 20:35:02+00,fil-usdfc,true
38691,2026-04-14 20:35:04+00,base-usdc-usdfc,true
38692,2026-04-14 20:35:05+00,polygon-usdc-usdfc,true
38693,2026-04-14 20:40:02+00,eth-usdfc,true
38694,2026-04-14 20:40:04+00,fil-usdfc,true
38696,2026-04-14 20:40:05+00,polygon-usdc-usdfc,true
38695,2026-04-14 20:40:05+00,base-usdc-usdfc,true
38697,2026-04-14 20:45:02+00,eth-usdfc,true
38698,2026-04-14 20:45:03+00,fil-usdfc,true
38700,2026-04-14 20:45:04+00,polygon-usdc-usdfc,true
38699,2026-04-14 20:45:04+00,base-usdc-usdfc,true
38701,2026-04-14 20:50:02+00,eth-usdfc,true
38702,2026-04-14 20:50:03+00,fil-usdfc,true
38703,2026-04-14 20:50:04+00,base-usdc-usdfc,true
38704,2026-04-14 20:50:05+00,polygon-usdc-usdfc,true
38705,2026-04-14 20:55:01+00,eth-usdfc,true
38706,2026-04-14 20:55:03+00,fil-usdfc,true
38708,2026-04-14 20:55:05+00,polygon-usdc-usdfc,true
38707,2026-04-14 20:55:05+00,base-usdc-usdfc,true
38709,2026-04-14 21:00:02+00,eth-usdfc,true
38710,2026-04-14 21:00:03+00,fil-usdfc,true
38711,2026-04-14 21:00:04+00,base-usdc-usdfc,true
38712,2026-04-14 21:00:05+00,polygon-usdc-usdfc,true
38713,2026-04-14 21:05:02+00,eth-usdfc,true
38714,2026-04-14 21:05:03+00,fil-usdfc,true
38715,2026-04-14 21:05:04+00,base-usdc-usdfc,true
38716,2026-04-14 21:05:06+00,polygon-usdc-usdfc,true
38717,2026-04-14 21:10:02+00,eth-usdfc,true
38718,2026-04-14 21:10:03+00,fil-usdfc,true
38719,2026-04-14 21:10:04+00,base-usdc-usdfc,true
38720,2026-04-14 21:10:05+00,polygon-usdc-usdfc,true
38721,2026-04-14 21:15:02+00,eth-usdfc,true
38722,2026-04-14 21:15:06+00,fil-usdfc,true
38723,2026-04-14 21:15:09+00,base-usdc-usdfc,true
38724,2026-04-14 21:15:10+00,polygon-usdc-usdfc,true
38725,2026-04-14 21:20:01+00,eth-usdfc,true
38726,2026-04-14 21:20:03+00,fil-usdfc,true
38727,2026-04-14 21:20:05+00,base-usdc-usdfc,true
38728,2026-04-14 21:20:08+00,polygon-usdc-usdfc,true
38729,2026-04-14 21:25:02+00,eth-usdfc,true
38730,2026-04-14 21:25:03+00,fil-usdfc,true
38731,2026-04-14 21:25:04+00,base-usdc-usdfc,true
38732,2026-04-14 21:25:06+00,polygon-usdc-usdfc,true
38733,2026-04-14 21:30:02+00,eth-usdfc,true
38734,2026-04-14 21:30:11+00,fil-usdfc,true
38735,2026-04-14 21:30:14+00,base-usdc-usdfc,true
38736,2026-04-14 21:30:16+00,polygon-usdc-usdfc,true
38737,2026-04-14 21:35:01+00,eth-usdfc,true
38738,2026-04-14 21:35:02+00,fil-usdfc,true
38740,2026-04-14 21:35:04+00,polygon-usdc-usdfc,true
38739,2026-04-14 21:35:04+00,base-usdc-usdfc,true
38741,2026-04-14 21:40:02+00,eth-usdfc,true
38742,2026-04-14 21:40:03+00,fil-usdfc,true
38743,2026-04-14 21:40:04+00,base-usdc-usdfc,true
38744,2026-04-14 21:40:06+00,polygon-usdc-usdfc,true
38745,2026-04-14 21:45:02+00,eth-usdfc,true
38746,2026-04-14 21:45:08+00,fil-usdfc,true
38747,2026-04-14 21:45:09+00,base-usdc-usdfc,true
38748,2026-04-14 21:45:10+00,polygon-usdc-usdfc,true
38749,2026-04-14 21:50:01+00,eth-usdfc,true
38750,2026-04-14 21:50:02+00,fil-usdfc,true
38751,2026-04-14 21:50:03+00,base-usdc-usdfc,true
38752,2026-04-14 21:50:04+00,polygon-usdc-usdfc,true
38753,2026-04-14 21:55:02+00,eth-usdfc,true
38754,2026-04-14 21:55:03+00,fil-usdfc,true
38755,2026-04-14 21:55:05+00,base-usdc-usdfc,true
38756,2026-04-14 21:55:06+00,polygon-usdc-usdfc,true
38757,2026-04-14 22:00:01+00,eth-usdfc,true
38758,2026-04-14 22:00:04+00,fil-usdfc,true
38759,2026-04-14 22:00:06+00,base-usdc-usdfc,true
38760,2026-04-14 22:00:08+00,polygon-usdc-usdfc,true
38761,2026-04-14 22:05:02+00,eth-usdfc,true
38762,2026-04-14 22:05:03+00,fil-usdfc,true
38763,2026-04-14 22:05:04+00,base-usdc-usdfc,true
38764,2026-04-14 22:05:07+00,polygon-usdc-usdfc,true
38765,2026-04-14 22:10:02+00,eth-usdfc,true
38766,2026-04-14 22:10:04+00,fil-usdfc,true
38767,2026-04-14 22:10:06+00,base-usdc-usdfc,true
38768,2026-04-14 22:10:12+00,polygon-usdc-usdfc,true
38769,2026-04-14 22:15:02+00,eth-usdfc,true
38770,2026-04-14 22:15:46+00,fil-usdfc,true
38771,2026-04-14 22:15:50+00,base-usdc-usdfc,true
38772,2026-04-14 22:15:54+00,polygon-usdc-usdfc,true
38773,2026-04-14 22:20:01+00,eth-usdfc,true
38774,2026-04-14 22:20:44+00,fil-usdfc,true
38775,2026-04-14 22:20:47+00,base-usdc-usdfc,true
38776,2026-04-14 22:20:51+00,polygon-usdc-usdfc,true
38777,2026-04-14 22:25:02+00,eth-usdfc,true
38778,2026-04-14 22:25:07+00,fil-usdfc,true
38779,2026-04-14 22:25:13+00,base-usdc-usdfc,true
38780,2026-04-14 22:25:16+00,polygon-usdc-usdfc,true
38781,2026-04-14 22:30:02+00,eth-usdfc,true
38782,2026-04-14 22:30:14+00,fil-usdfc,true
38783,2026-04-14 22:30:16+00,base-usdc-usdfc,true
38784,2026-04-14 22:30:19+00,polygon-usdc-usdfc,true
38785,2026-04-14 22:35:02+00,eth-usdfc,true
38786,2026-04-14 22:35:15+00,fil-usdfc,true
38787,2026-04-14 22:35:22+00,base-usdc-usdfc,true
38788,2026-04-14 22:35:25+00,polygon-usdc-usdfc,true
38789,2026-04-14 22:40:02+00,eth-usdfc,true
38790,2026-04-14 22:40:06+00,fil-usdfc,true
38792,2026-04-14 22:40:07+00,polygon-usdc-usdfc,true
38791,2026-04-14 22:40:07+00,base-usdc-usdfc,true
38793,2026-04-14 22:45:02+00,eth-usdfc,true
38794,2026-04-14 22:45:03+00,fil-usdfc,true
38795,2026-04-14 22:45:05+00,base-usdc-usdfc,true
38796,2026-04-14 22:45:06+00,polygon-usdc-usdfc,true
38797,2026-04-14 22:50:02+00,eth-usdfc,true
38798,2026-04-14 22:50:03+00,fil-usdfc,true
38799,2026-04-14 22:50:04+00,base-usdc-usdfc,true
38800,2026-04-14 22:50:05+00,polygon-usdc-usdfc,true
38801,2026-04-14 22:55:02+00,eth-usdfc,true
38802,2026-04-14 22:55:04+00,fil-usdfc,true
38803,2026-04-14 22:55:07+00,base-usdc-usdfc,true
38804,2026-04-14 22:55:08+00,polygon-usdc-usdfc,true
38805,2026-04-14 23:00:02+00,eth-usdfc,true
38806,2026-04-14 23:00:03+00,fil-usdfc,true
38807,2026-04-14 23:00:04+00,base-usdc-usdfc,true
38808,2026-04-14 23:00:05+00,polygon-usdc-usdfc,true
38809,2026-04-14 23:05:01+00,eth-usdfc,true
38810,2026-04-14 23:05:03+00,fil-usdfc,true
38811,2026-04-14 23:05:16+00,base-usdc-usdfc,true
38812,2026-04-14 23:05:17+00,polygon-usdc-usdfc,true
38813,2026-04-14 23:10:02+00,eth-usdfc,true
38814,2026-04-14 23:10:03+00,fil-usdfc,true
38816,2026-04-14 23:10:04+00,polygon-usdc-usdfc,true
38815,2026-04-14 23:10:04+00,base-usdc-usdfc,true
38817,2026-04-14 23:15:02+00,eth-usdfc,true
38819,2026-04-14 23:15:03+00,base-usdc-usdfc,true
38818,2026-04-14 23:15:03+00,fil-usdfc,true
38820,2026-04-14 23:15:04+00,polygon-usdc-usdfc,true
38821,2026-04-14 23:20:02+00,eth-usdfc,true
38822,2026-04-14 23:20:03+00,fil-usdfc,true
38823,2026-04-14 23:20:04+00,base-usdc-usdfc,true
38824,2026-04-14 23:20:06+00,polygon-usdc-usdfc,true
38825,2026-04-14 23:25:02+00,eth-usdfc,true
38827,2026-04-14 23:25:03+00,base-usdc-usdfc,true
38826,2026-04-14 23:25:03+00,fil-usdfc,true
38828,2026-04-14 23:25:04+00,polygon-usdc-usdfc,true
38829,2026-04-14 23:30:02+00,eth-usdfc,true
38830,2026-04-14 23:30:03+00,fil-usdfc,true
38831,2026-04-14 23:30:05+00,base-usdc-usdfc,true
38832,2026-04-14 23:30:06+00,polygon-usdc-usdfc,true
38833,2026-04-14 23:35:01+00,eth-usdfc,true
38834,2026-04-14 23:35:17+00,fil-usdfc,true
38835,2026-04-14 23:35:23+00,base-usdc-usdfc,true
38836,2026-04-14 23:35:24+00,polygon-usdc-usdfc,true
38837,2026-04-14 23:40:02+00,eth-usdfc,true
38838,2026-04-14 23:40:13+00,fil-usdfc,true
38839,2026-04-14 23:40:15+00,base-usdc-usdfc,true
38840,2026-04-14 23:40:18+00,polygon-usdc-usdfc,true
38841,2026-04-14 23:45:02+00,eth-usdfc,true
38842,2026-04-14 23:45:06+00,fil-usdfc,true
38843,2026-04-14 23:45:10+00,base-usdc-usdfc,true
38844,2026-04-14 23:45:11+00,polygon-usdc-usdfc,true
38845,2026-04-14 23:50:01+00,eth-usdfc,true
38846,2026-04-14 23:50:07+00,fil-usdfc,true
38847,2026-04-14 23:50:08+00,base-usdc-usdfc,true
38848,2026-04-14 23:50:09+00,polygon-usdc-usdfc,true
38849,2026-04-14 23:55:01+00,eth-usdfc,true
38850,2026-04-14 23:55:04+00,fil-usdfc,true
38851,2026-04-14 23:55:05+00,base-usdc-usdfc,true
38852,2026-04-14 23:55:07+00,polygon-usdc-usdfc,true
38853,2026-04-15 00:00:04+00,eth-usdfc,true
38854,2026-04-15 00:00:28+00,fil-usdfc,true
38855,2026-04-15 00:00:30+00,base-usdc-usdfc,true
38856,2026-04-15 00:00:32+00,polygon-usdc-usdfc,true
38857,2026-04-15 00:05:02+00,eth-usdfc,true
38858,2026-04-15 00:05:22+00,fil-usdfc,true
38859,2026-04-15 00:05:24+00,base-usdc-usdfc,true
38860,2026-04-15 00:05:27+00,polygon-usdc-usdfc,true
38861,2026-04-15 00:10:02+00,eth-usdfc,true
38862,2026-04-15 00:10:05+00,fil-usdfc,true
38863,2026-04-15 00:10:10+00,base-usdc-usdfc,true
38864,2026-04-15 00:11:08+00,polygon-usdc-usdfc,true
38865,2026-04-15 00:15:02+00,eth-usdfc,true
38866,2026-04-15 00:15:03+00,fil-usdfc,true
38867,2026-04-15 00:15:04+00,base-usdc-usdfc,true
38868,2026-04-15 00:15:07+00,polygon-usdc-usdfc,true
38869,2026-04-15 00:20:02+00,eth-usdfc,true
38870,2026-04-15 00:20:04+00,fil-usdfc,true
38871,2026-04-15 00:20:05+00,base-usdc-usdfc,true
38872,2026-04-15 00:20:06+00,polygon-usdc-usdfc,true
38873,2026-04-15 00:25:01+00,eth-usdfc,true
38874,2026-04-15 00:25:03+00,fil-usdfc,true
38875,2026-04-15 00:25:06+00,base-usdc-usdfc,true
38876,2026-04-15 00:25:07+00,polygon-usdc-usdfc,true
38877,2026-04-15 00:30:02+00,eth-usdfc,true
38878,2026-04-15 00:30:03+00,fil-usdfc,true
38880,2026-04-15 00:30:05+00,polygon-usdc-usdfc,true
38879,2026-04-15 00:30:05+00,base-usdc-usdfc,true
38881,2026-04-15 00:35:01+00,eth-usdfc,true
38882,2026-04-15 00:35:02+00,fil-usdfc,true
38883,2026-04-15 00:35:03+00,base-usdc-usdfc,true
38884,2026-04-15 00:35:05+00,polygon-usdc-usdfc,true
38885,2026-04-15 00:40:02+00,eth-usdfc,true
38886,2026-04-15 00:40:03+00,fil-usdfc,true
38887,2026-04-15 00:40:05+00,base-usdc-usdfc,true
38888,2026-04-15 00:40:06+00,polygon-usdc-usdfc,true
38889,2026-04-15 00:45:02+00,eth-usdfc,true
38890,2026-04-15 00:45:06+00,fil-usdfc,true
38891,2026-04-15 00:45:07+00,base-usdc-usdfc,true
38892,2026-04-15 00:45:08+00,polygon-usdc-usdfc,true
38893,2026-04-15 00:50:02+00,eth-usdfc,true
38894,2026-04-15 00:50:07+00,fil-usdfc,true
38895,2026-04-15 00:50:09+00,base-usdc-usdfc,true
38896,2026-04-15 00:50:10+00,polygon-usdc-usdfc,true
38897,2026-04-15 00:55:01+00,eth-usdfc,true
38898,2026-04-15 00:55:08+00,fil-usdfc,true
38899,2026-04-15 00:55:11+00,base-usdc-usdfc,true
38900,2026-04-15 00:55:13+00,polygon-usdc-usdfc,true
38901,2026-04-15 01:00:02+00,eth-usdfc,true
38902,2026-04-15 01:00:03+00,fil-usdfc,true
38903,2026-04-15 01:00:06+00,base-usdc-usdfc,true
38904,2026-04-15 01:00:21+00,polygon-usdc-usdfc,true
38905,2026-04-15 01:05:02+00,eth-usdfc,true
38906,2026-04-15 01:05:03+00,fil-usdfc,true
38907,2026-04-15 01:05:06+00,base-usdc-usdfc,true
38908,2026-04-15 01:05:19+00,polygon-usdc-usdfc,true
38909,2026-04-15 01:10:02+00,eth-usdfc,true
38910,2026-04-15 01:10:03+00,fil-usdfc,true
38911,2026-04-15 01:10:04+00,base-usdc-usdfc,true
38912,2026-04-15 01:10:06+00,polygon-usdc-usdfc,true
38913,2026-04-15 01:15:01+00,eth-usdfc,true
38914,2026-04-15 01:15:03+00,fil-usdfc,true
38915,2026-04-15 01:15:06+00,base-usdc-usdfc,true
38916,2026-04-15 01:15:08+00,polygon-usdc-usdfc,true
38917,2026-04-15 01:20:01+00,eth-usdfc,true
38918,2026-04-15 01:20:04+00,fil-usdfc,true
38919,2026-04-15 01:20:05+00,base-usdc-usdfc,true
38920,2026-04-15 01:20:09+00,polygon-usdc-usdfc,true
38921,2026-04-15 01:25:02+00,eth-usdfc,true
38923,2026-04-15 01:25:03+00,base-usdc-usdfc,true
38922,2026-04-15 01:25:03+00,fil-usdfc,true
38924,2026-04-15 01:25:04+00,polygon-usdc-usdfc,true
38925,2026-04-15 01:30:02+00,eth-usdfc,true
38926,2026-04-15 01:30:03+00,fil-usdfc,true
38927,2026-04-15 01:30:04+00,base-usdc-usdfc,true
38928,2026-04-15 01:30:13+00,polygon-usdc-usdfc,true
38929,2026-04-15 01:35:02+00,eth-usdfc,true
38930,2026-04-15 01:35:03+00,fil-usdfc,true
38931,2026-04-15 01:35:04+00,base-usdc-usdfc,true
38932,2026-04-15 01:35:05+00,polygon-usdc-usdfc,true
38933,2026-04-15 01:40:02+00,eth-usdfc,true
38934,2026-04-15 01:40:04+00,fil-usdfc,true
38935,2026-04-15 01:40:07+00,base-usdc-usdfc,true
38936,2026-04-15 01:40:11+00,polygon-usdc-usdfc,true
38937,2026-04-15 01:45:02+00,eth-usdfc,true
38938,2026-04-15 01:45:12+00,fil-usdfc,true
38939,2026-04-15 01:45:14+00,base-usdc-usdfc,true
38940,2026-04-15 01:45:15+00,polygon-usdc-usdfc,true
38941,2026-04-15 01:50:02+00,eth-usdfc,true
38942,2026-04-15 01:50:11+00,fil-usdfc,true
38943,2026-04-15 01:50:14+00,base-usdc-usdfc,true
38944,2026-04-15 01:50:19+00,polygon-usdc-usdfc,true
38945,2026-04-15 01:55:01+00,eth-usdfc,true
38946,2026-04-15 01:55:06+00,fil-usdfc,true
38947,2026-04-15 01:55:09+00,base-usdc-usdfc,true
38948,2026-04-15 01:55:13+00,polygon-usdc-usdfc,true
38949,2026-04-15 02:00:02+00,eth-usdfc,true
38950,2026-04-15 02:00:09+00,fil-usdfc,true
38952,2026-04-15 02:00:10+00,polygon-usdc-usdfc,true
38951,2026-04-15 02:00:10+00,base-usdc-usdfc,true
38953,2026-04-15 02:05:02+00,eth-usdfc,true
38954,2026-04-15 02:05:12+00,fil-usdfc,true
38955,2026-04-15 02:05:13+00,base-usdc-usdfc,true
38956,2026-04-15 02:05:14+00,polygon-usdc-usdfc,true
38957,2026-04-15 02:10:02+00,eth-usdfc,true
38958,2026-04-15 02:10:03+00,fil-usdfc,true
38959,2026-04-15 02:10:04+00,base-usdc-usdfc,true
38960,2026-04-15 02:10:05+00,polygon-usdc-usdfc,true
38961,2026-04-15 02:15:01+00,eth-usdfc,true
38962,2026-04-15 02:15:03+00,fil-usdfc,true
38963,2026-04-15 02:15:05+00,base-usdc-usdfc,true
38964,2026-04-15 02:15:07+00,polygon-usdc-usdfc,true
38965,2026-04-15 02:20:02+00,eth-usdfc,true
38966,2026-04-15 02:20:04+00,fil-usdfc,true
38967,2026-04-15 02:20:09+00,base-usdc-usdfc,true
38968,2026-04-15 02:20:10+00,polygon-usdc-usdfc,true
38969,2026-04-15 02:25:02+00,eth-usdfc,true
38970,2026-04-15 02:25:04+00,fil-usdfc,true
38971,2026-04-15 02:25:11+00,base-usdc-usdfc,true
38972,2026-04-15 02:25:14+00,polygon-usdc-usdfc,true
38973,2026-04-15 02:30:02+00,eth-usdfc,true
38974,2026-04-15 02:30:20+00,fil-usdfc,true
38975,2026-04-15 02:30:22+00,base-usdc-usdfc,true
38976,2026-04-15 02:30:24+00,polygon-usdc-usdfc,true
38977,2026-04-15 02:35:02+00,eth-usdfc,true
38978,2026-04-15 02:35:04+00,fil-usdfc,true
38979,2026-04-15 02:35:05+00,base-usdc-usdfc,true
38980,2026-04-15 02:35:08+00,polygon-usdc-usdfc,true
38981,2026-04-15 02:40:01+00,eth-usdfc,true
38982,2026-04-15 02:49:24+00,fil-usdfc,true
38983,2026-04-15 02:49:27+00,base-usdc-usdfc,true
38984,2026-04-15 02:49:29+00,polygon-usdc-usdfc,true
38985,2026-04-15 03:25:02+00,eth-usdfc,true
38986,2026-04-15 03:25:56+00,fil-usdfc,true
38987,2026-04-15 03:26:00+00,base-usdc-usdfc,true
38988,2026-04-15 03:26:04+00,polygon-usdc-usdfc,true
38989,2026-04-15 03:30:01+00,eth-usdfc,true
38990,2026-04-15 03:30:05+00,fil-usdfc,true
38991,2026-04-15 03:30:06+00,base-usdc-usdfc,true
38992,2026-04-15 03:30:10+00,polygon-usdc-usdfc,true
38993,2026-04-15 03:35:02+00,eth-usdfc,true
38994,2026-04-15 03:35:03+00,fil-usdfc,true
38995,2026-04-15 03:35:04+00,base-usdc-usdfc,true
38996,2026-04-15 03:35:05+00,polygon-usdc-usdfc,true
38997,2026-04-15 03:40:02+00,eth-usdfc,true
38998,2026-04-15 03:51:56+00,fil-usdfc,true
38999,2026-04-15 03:52:48+00,base-usdc-usdfc,true
39000,2026-04-15 03:52:53+00,polygon-usdc-usdfc,true
39001,2026-04-15 03:55:02+00,eth-usdfc,true
39002,2026-04-15 03:55:08+00,fil-usdfc,true
39003,2026-04-15 03:55:09+00,base-usdc-usdfc,true
39004,2026-04-15 03:55:11+00,polygon-usdc-usdfc,true
39005,2026-04-15 04:00:02+00,eth-usdfc,true
39006,2026-04-15 04:00:39+00,fil-usdfc,true
39007,2026-04-15 04:00:41+00,base-usdc-usdfc,true
39008,2026-04-15 04:00:42+00,polygon-usdc-usdfc,true
39009,2026-04-15 04:05:01+00,eth-usdfc,true
39010,2026-04-15 04:06:48+00,fil-usdfc,true
39011,2026-04-15 04:06:50+00,base-usdc-usdfc,true
39012,2026-04-15 04:06:52+00,polygon-usdc-usdfc,true
39013,2026-04-15 04:10:02+00,eth-usdfc,true
39014,2026-04-15 04:10:09+00,fil-usdfc,true
39015,2026-04-15 04:10:12+00,base-usdc-usdfc,true
39016,2026-04-15 04:10:17+00,polygon-usdc-usdfc,true
39017,2026-04-15 04:15:01+00,eth-usdfc,true
39018,2026-04-15 04:51:24+00,fil-usdfc,true
39019,2026-04-15 04:54:55+00,base-usdc-usdfc,true
39020,2026-04-15 04:54:57+00,polygon-usdc-usdfc,true
39021,2026-04-15 05:00:02+00,eth-usdfc,true
39022,2026-04-15 05:01:54+00,fil-usdfc,true
39023,2026-04-15 05:01:56+00,base-usdc-usdfc,true
39024,2026-04-15 05:01:57+00,polygon-usdc-usdfc,true
39025,2026-04-15 05:05:02+00,eth-usdfc,true
39026,2026-04-15 05:07:17+00,fil-usdfc,true
39028,2026-04-15 05:07:24+00,polygon-usdc-usdfc,true
39027,2026-04-15 05:07:24+00,base-usdc-usdfc,true
39029,2026-04-15 05:10:02+00,eth-usdfc,true
39030,2026-04-15 05:43:34+00,fil-usdfc,true
39031,2026-04-15 05:53:23+00,base-usdc-usdfc,true
39032,2026-04-15 05:53:31+00,polygon-usdc-usdfc,true
39033,2026-04-15 05:55:02+00,eth-usdfc,true
39034,2026-04-15 06:08:34+00,fil-usdfc,true
39035,2026-04-15 06:08:36+00,base-usdc-usdfc,true
39036,2026-04-15 06:08:38+00,polygon-usdc-usdfc,true
39037,2026-04-15 06:15:02+00,eth-usdfc,true
39038,2026-04-15 06:23:10+00,fil-usdfc,true
39039,2026-04-15 06:23:24+00,base-usdc-usdfc,true
39040,2026-04-15 06:23:27+00,polygon-usdc-usdfc,true
39041,2026-04-15 06:25:02+00,eth-usdfc,true
39042,2026-04-15 06:25:06+00,fil-usdfc,true
39044,2026-04-15 06:25:07+00,polygon-usdc-usdfc,true
39043,2026-04-15 06:25:07+00,base-usdc-usdfc,true
39045,2026-04-15 06:30:02+00,eth-usdfc,true
39046,2026-04-15 06:35:11+00,fil-usdfc,true
39047,2026-04-15 06:35:15+00,base-usdc-usdfc,true
39048,2026-04-15 06:35:18+00,polygon-usdc-usdfc,true
39049,2026-04-15 06:40:02+00,eth-usdfc,true
39050,2026-04-15 06:40:05+00,fil-usdfc,true
39052,2026-04-15 06:40:06+00,polygon-usdc-usdfc,true
39051,2026-04-15 06:40:06+00,base-usdc-usdfc,true
39053,2026-04-15 06:45:02+00,eth-usdfc,true
39054,2026-04-15 07:22:40+00,fil-usdfc,true
39055,2026-04-15 07:36:23+00,base-usdc-usdfc,true
39056,2026-04-15 07:49:38+00,polygon-usdc-usdfc,true
39057,2026-04-15 07:55:02+00,eth-usdfc,true
39058,2026-04-15 07:56:02+00,fil-usdfc,true
39059,2026-04-15 07:56:05+00,base-usdc-usdfc,true
39060,2026-04-15 07:56:07+00,polygon-usdc-usdfc,true
39061,2026-04-15 08:00:02+00,eth-usdfc,true
39062,2026-04-15 08:00:05+00,fil-usdfc,true
39063,2026-04-15 08:00:13+00,base-usdc-usdfc,true
39064,2026-04-15 08:00:14+00,polygon-usdc-usdfc,true
39065,2026-04-15 08:05:02+00,eth-usdfc,true
39066,2026-04-15 08:05:21+00,fil-usdfc,true
39067,2026-04-15 08:05:24+00,base-usdc-usdfc,true
39068,2026-04-15 08:05:27+00,polygon-usdc-usdfc,true
39069,2026-04-15 08:10:11+00,eth-usdfc,true
39070,2026-04-15 08:10:19+00,fil-usdfc,true
39072,2026-04-15 08:10:21+00,polygon-usdc-usdfc,true
39071,2026-04-15 08:10:21+00,base-usdc-usdfc,true
39073,2026-04-15 08:15:02+00,eth-usdfc,true
39074,2026-04-15 08:44:08+00,fil-usdfc,false
39075,2026-04-15 08:45:21+00,base-usdc-usdfc,true
39076,2026-04-15 08:45:24+00,polygon-usdc-usdfc,true
39077,2026-04-15 08:50:02+00,eth-usdfc,true
39078,2026-04-15 08:50:05+00,fil-usdfc,false
39079,2026-04-15 08:50:06+00,base-usdc-usdfc,true
39080,2026-04-15 08:50:09+00,polygon-usdc-usdfc,true
39081,2026-04-15 08:55:02+00,eth-usdfc,true
39082,2026-04-15 08:55:03+00,fil-usdfc,false
39083,2026-04-15 08:55:04+00,base-usdc-usdfc,false
39084,2026-04-15 08:55:06+00,polygon-usdc-usdfc,false
39085,2026-04-15 09:00:02+00,eth-usdfc,true
39086,2026-04-15 09:00:15+00,fil-usdfc,false
39087,2026-04-15 09:00:17+00,base-usdc-usdfc,false
39088,2026-04-15 09:00:18+00,polygon-usdc-usdfc,false
39089,2026-04-15 09:05:02+00,eth-usdfc,true
39090,2026-04-15 09:05:31+00,fil-usdfc,false
39091,2026-04-15 09:05:32+00,base-usdc-usdfc,false
39092,2026-04-15 09:05:34+00,polygon-usdc-usdfc,false
39093,2026-04-15 09:10:02+00,eth-usdfc,true
39094,2026-04-15 09:12:23+00,fil-usdfc,false
39095,2026-04-15 09:14:10+00,base-usdc-usdfc,false
39096,2026-04-15 09:14:11+00,polygon-usdc-usdfc,false
39097,2026-04-15 09:15:01+00,eth-usdfc,true
39098,2026-04-15 09:19:04+00,fil-usdfc,false
39099,2026-04-15 09:19:05+00,base-usdc-usdfc,false
39100,2026-04-15 09:19:06+00,polygon-usdc-usdfc,false
39101,2026-04-15 09:20:02+00,eth-usdfc,true
39102,2026-04-15 09:20:21+00,fil-usdfc,false
39104,2026-04-15 09:20:22+00,polygon-usdc-usdfc,false
39103,2026-04-15 09:20:22+00,base-usdc-usdfc,false
39105,2026-04-15 09:25:02+00,eth-usdfc,true
39106,2026-04-15 09:44:54+00,fil-usdfc,false
39107,2026-04-15 10:14:42+00,base-usdc-usdfc,false
39108,2026-04-15 10:17:41+00,polygon-usdc-usdfc,false
39109,2026-04-15 10:20:02+00,eth-usdfc,true
39112,2026-04-15 10:20:03+00,polygon-usdc-usdfc,false
39111,2026-04-15 10:20:03+00,base-usdc-usdfc,false
39110,2026-04-15 10:20:03+00,fil-usdfc,false
39113,2026-04-15 10:25:02+00,eth-usdfc,true
39114,2026-04-15 10:26:00+00,fil-usdfc,false
39115,2026-04-15 10:26:01+00,base-usdc-usdfc,false
39116,2026-04-15 10:26:02+00,polygon-usdc-usdfc,false
39117,2026-04-15 10:30:02+00,eth-usdfc,true
39119,2026-04-15 10:30:04+00,base-usdc-usdfc,false
39118,2026-04-15 10:30:04+00,fil-usdfc,false
39120,2026-04-15 10:30:05+00,polygon-usdc-usdfc,false
39121,2026-04-15 10:35:02+00,eth-usdfc,true
39123,2026-04-15 10:35:03+00,base-usdc-usdfc,false
39122,2026-04-15 10:35:03+00,fil-usdfc,false
39124,2026-04-15 10:35:04+00,polygon-usdc-usdfc,false
39125,2026-04-15 10:40:02+00,eth-usdfc,true
39126,2026-04-15 11:02:19+00,fil-usdfc,false
39127,2026-04-15 11:02:57+00,base-usdc-usdfc,false
39128,2026-04-15 11:02:59+00,polygon-usdc-usdfc,false
39129,2026-04-15 11:05:02+00,eth-usdfc,true
39130,2026-04-15 11:05:05+00,fil-usdfc,false
39131,2026-04-15 11:05:06+00,base-usdc-usdfc,false
39132,2026-04-15 11:05:07+00,polygon-usdc-usdfc,false
39133,2026-04-15 11:10:02+00,eth-usdfc,true
39134,2026-04-15 11:10:03+00,fil-usdfc,false
39136,2026-04-15 11:10:04+00,polygon-usdc-usdfc,false
39135,2026-04-15 11:10:04+00,base-usdc-usdfc,false
39137,2026-04-15 11:15:02+00,eth-usdfc,true
39139,2026-04-15 11:15:04+00,base-usdc-usdfc,false
39138,2026-04-15 11:15:04+00,fil-usdfc,false
39140,2026-04-15 11:15:05+00,polygon-usdc-usdfc,false
39141,2026-04-15 11:20:02+00,eth-usdfc,true
39142,2026-04-15 11:20:37+00,fil-usdfc,false
39143,2026-04-15 11:20:38+00,base-usdc-usdfc,false
39144,2026-04-15 11:20:39+00,polygon-usdc-usdfc,false
39145,2026-04-15 11:25:02+00,eth-usdfc,true
39147,2026-04-15 11:26:59+00,base-usdc-usdfc,false
39146,2026-04-15 11:26:59+00,fil-usdfc,false
39148,2026-04-15 11:27:01+00,polygon-usdc-usdfc,false
39149,2026-04-15 11:30:02+00,eth-usdfc,true
39150,2026-04-15 11:30:03+00,fil-usdfc,false
39152,2026-04-15 11:30:04+00,polygon-usdc-usdfc,false
39151,2026-04-15 11:30:04+00,base-usdc-usdfc,false
39153,2026-04-15 11:35:02+00,eth-usdfc,true
39154,2026-04-15 11:38:00+00,fil-usdfc,false
39155,2026-04-15 11:38:06+00,base-usdc-usdfc,false
39156,2026-04-15 11:38:09+00,polygon-usdc-usdfc,false
39157,2026-04-15 11:40:02+00,eth-usdfc,true
39159,2026-04-15 11:40:23+00,base-usdc-usdfc,false
39158,2026-04-15 11:40:23+00,fil-usdfc,false
39160,2026-04-15 11:40:24+00,polygon-usdc-usdfc,false
39161,2026-04-15 11:45:02+00,eth-usdfc,true
39163,2026-04-15 11:45:04+00,base-usdc-usdfc,false
39162,2026-04-15 11:45:04+00,fil-usdfc,false
39164,2026-04-15 11:45:05+00,polygon-usdc-usdfc,false
39165,2026-04-15 11:50:01+00,eth-usdfc,true
39166,2026-04-15 11:50:02+00,fil-usdfc,false
39168,2026-04-15 11:50:03+00,polygon-usdc-usdfc,false
39167,2026-04-15 11:50:03+00,base-usdc-usdfc,false
39169,2026-04-15 11:55:03+00,eth-usdfc,true
39171,2026-04-15 11:55:06+00,base-usdc-usdfc,false
39170,2026-04-15 11:55:06+00,fil-usdfc,false
39172,2026-04-15 11:55:07+00,polygon-usdc-usdfc,false
39173,2026-04-15 12:00:06+00,eth-usdfc,true
39174,2026-04-15 12:00:14+00,fil-usdfc,false
39175,2026-04-15 12:00:20+00,base-usdc-usdfc,false
39176,2026-04-15 12:00:22+00,polygon-usdc-usdfc,false
39177,2026-04-15 12:05:02+00,eth-usdfc,true
39178,2026-04-15 12:05:03+00,fil-usdfc,false
39180,2026-04-15 12:05:04+00,polygon-usdc-usdfc,false
39179,2026-04-15 12:05:04+00,base-usdc-usdfc,false
39181,2026-04-15 12:10:02+00,eth-usdfc,true
39182,2026-04-15 12:10:03+00,fil-usdfc,false
39184,2026-04-15 12:10:04+00,polygon-usdc-usdfc,false
39183,2026-04-15 12:10:04+00,base-usdc-usdfc,false
39185,2026-04-15 12:15:02+00,eth-usdfc,true
39187,2026-04-15 12:15:03+00,base-usdc-usdfc,false
39186,2026-04-15 12:15:03+00,fil-usdfc,false
39188,2026-04-15 12:15:04+00,polygon-usdc-usdfc,false
39189,2026-04-15 12:20:02+00,eth-usdfc,true
39190,2026-04-15 12:20:08+00,fil-usdfc,false
39191,2026-04-15 12:20:11+00,base-usdc-usdfc,false
39192,2026-04-15 12:20:13+00,polygon-usdc-usdfc,false
39193,2026-04-15 12:25:02+00,eth-usdfc,true
39194,2026-04-15 12:25:03+00,fil-usdfc,false
39195,2026-04-15 12:25:04+00,base-usdc-usdfc,false
39196,2026-04-15 12:25:05+00,polygon-usdc-usdfc,false
39197,2026-04-15 12:30:02+00,eth-usdfc,true
39200,2026-04-15 12:30:05+00,polygon-usdc-usdfc,false
39199,2026-04-15 12:30:05+00,base-usdc-usdfc,false
39198,2026-04-15 12:30:05+00,fil-usdfc,false
39201,2026-04-15 12:35:02+00,eth-usdfc,true
39202,2026-04-15 12:40:34+00,fil-usdfc,false
39204,2026-04-15 12:40:35+00,polygon-usdc-usdfc,false
39203,2026-04-15 12:40:35+00,base-usdc-usdfc,false
39205,2026-04-15 12:45:02+00,eth-usdfc,true
39206,2026-04-15 12:48:59+00,fil-usdfc,false
39207,2026-04-15 12:49:16+00,base-usdc-usdfc,false
39208,2026-04-15 12:49:17+00,polygon-usdc-usdfc,false
39209,2026-04-15 12:50:03+00,eth-usdfc,true
39210,2026-04-15 12:51:11+00,fil-usdfc,false
39211,2026-04-15 12:51:14+00,base-usdc-usdfc,false
39212,2026-04-15 12:51:17+00,polygon-usdc-usdfc,false
39213,2026-04-15 12:55:02+00,eth-usdfc,true
39214,2026-04-15 12:55:25+00,fil-usdfc,false
39216,2026-04-15 12:55:26+00,polygon-usdc-usdfc,false
39215,2026-04-15 12:55:26+00,base-usdc-usdfc,false
39217,2026-04-15 13:00:02+00,eth-usdfc,true
39218,2026-04-15 13:00:19+00,fil-usdfc,false
39219,2026-04-15 13:00:26+00,base-usdc-usdfc,false
39220,2026-04-15 13:00:50+00,polygon-usdc-usdfc,false
39221,2026-04-15 13:10:02+00,eth-usdfc,true
39222,2026-04-15 13:23:26+00,fil-usdfc,false
39223,2026-04-15 13:24:21+00,base-usdc-usdfc,false
39224,2026-04-15 13:24:22+00,polygon-usdc-usdfc,false
39225,2026-04-15 13:25:02+00,eth-usdfc,true
39226,2026-04-15 13:25:09+00,fil-usdfc,false
39228,2026-04-15 13:25:10+00,polygon-usdc-usdfc,false
39227,2026-04-15 13:25:10+00,base-usdc-usdfc,false
39229,2026-04-15 13:30:02+00,eth-usdfc,true
39230,2026-04-15 13:35:11+00,fil-usdfc,false
39231,2026-04-15 13:35:15+00,base-usdc-usdfc,false
39232,2026-04-15 13:35:16+00,polygon-usdc-usdfc,false
39233,2026-04-15 13:40:02+00,eth-usdfc,true
39234,2026-04-15 13:40:03+00,fil-usdfc,false
39236,2026-04-15 13:40:04+00,polygon-usdc-usdfc,false
39235,2026-04-15 13:40:04+00,base-usdc-usdfc,false
39237,2026-04-15 13:45:02+00,eth-usdfc,true
39238,2026-04-15 13:45:03+00,fil-usdfc,false
39240,2026-04-15 13:45:04+00,polygon-usdc-usdfc,false
39239,2026-04-15 13:45:04+00,base-usdc-usdfc,false
39241,2026-04-15 13:50:02+00,eth-usdfc,true
39242,2026-04-15 13:50:04+00,fil-usdfc,false
39243,2026-04-15 13:50:06+00,base-usdc-usdfc,false
39244,2026-04-15 13:50:07+00,polygon-usdc-usdfc,false
39245,2026-04-15 13:55:02+00,eth-usdfc,true
39246,2026-04-15 13:57:43+00,fil-usdfc,false
39247,2026-04-15 13:57:48+00,base-usdc-usdfc,false
39248,2026-04-15 13:57:53+00,polygon-usdc-usdfc,false
39249,2026-04-15 14:00:02+00,eth-usdfc,false
39250,2026-04-15 14:00:22+00,fil-usdfc,false
39251,2026-04-15 14:00:24+00,base-usdc-usdfc,false
39252,2026-04-15 14:00:25+00,polygon-usdc-usdfc,false
39253,2026-04-15 14:05:02+00,eth-usdfc,false
39254,2026-04-15 14:05:14+00,fil-usdfc,false
39255,2026-04-15 14:05:17+00,base-usdc-usdfc,false
39256,2026-04-15 14:05:18+00,polygon-usdc-usdfc,false
39257,2026-04-15 14:10:01+00,eth-usdfc,false
39258,2026-04-15 14:17:43+00,fil-usdfc,false
39259,2026-04-15 14:18:39+00,base-usdc-usdfc,false
39260,2026-04-15 14:18:40+00,polygon-usdc-usdfc,false
39261,2026-04-15 14:20:03+00,eth-usdfc,false
39263,2026-04-15 14:20:19+00,base-usdc-usdfc,false
39262,2026-04-15 14:20:19+00,fil-usdfc,false
39264,2026-04-15 14:20:20+00,polygon-usdc-usdfc,false
39265,2026-04-15 14:25:02+00,eth-usdfc,false
39266,2026-04-15 14:25:05+00,fil-usdfc,false
39268,2026-04-15 14:25:06+00,polygon-usdc-usdfc,false
39267,2026-04-15 14:25:06+00,base-usdc-usdfc,false
39269,2026-04-15 14:30:02+00,eth-usdfc,false
39272,2026-04-15 14:30:05+00,polygon-usdc-usdfc,false
39271,2026-04-15 14:30:05+00,base-usdc-usdfc,false
39270,2026-04-15 14:30:05+00,fil-usdfc,false
39273,2026-04-15 14:35:02+00,eth-usdfc,false
39274,2026-04-15 14:35:22+00,fil-usdfc,false
39276,2026-04-15 14:35:23+00,polygon-usdc-usdfc,false
39275,2026-04-15 14:35:23+00,base-usdc-usdfc,false
39277,2026-04-15 14:40:02+00,eth-usdfc,false
39278,2026-04-15 14:40:18+00,fil-usdfc,false
39279,2026-04-15 14:40:19+00,base-usdc-usdfc,false
39280,2026-04-15 14:40:24+00,polygon-usdc-usdfc,false
39281,2026-04-15 14:45:01+00,eth-usdfc,false
39282,2026-04-15 14:46:29+00,fil-usdfc,false
39283,2026-04-15 14:46:31+00,base-usdc-usdfc,false
39284,2026-04-15 14:46:33+00,polygon-usdc-usdfc,false
39285,2026-04-15 14:50:02+00,eth-usdfc,false
39286,2026-04-15 15:51:00+00,fil-usdfc,false
39287,2026-04-15 15:59:14+00,base-usdc-usdfc,false
39288,2026-04-15 15:59:16+00,polygon-usdc-usdfc,false
39289,2026-04-15 16:00:01+00,eth-usdfc,false
39291,2026-04-15 16:01:38+00,base-usdc-usdfc,false
39290,2026-04-15 16:01:38+00,fil-usdfc,false
39292,2026-04-15 16:01:39+00,polygon-usdc-usdfc,false
39293,2026-04-15 16:05:02+00,eth-usdfc,false
39294,2026-04-15 16:05:09+00,fil-usdfc,false
39295,2026-04-15 16:05:13+00,base-usdc-usdfc,false
39296,2026-04-15 16:05:14+00,polygon-usdc-usdfc,false
39297,2026-04-15 16:10:01+00,eth-usdfc,false
39299,2026-04-15 16:10:03+00,base-usdc-usdfc,false
39298,2026-04-15 16:10:03+00,fil-usdfc,false
39300,2026-04-15 16:10:04+00,polygon-usdc-usdfc,false
39301,2026-04-15 16:15:02+00,eth-usdfc,false
39302,2026-04-15 16:15:39+00,fil-usdfc,false
39303,2026-04-15 16:15:49+00,base-usdc-usdfc,false
39304,2026-04-15 16:16:08+00,polygon-usdc-usdfc,false
39305,2026-04-15 16:25:02+00,eth-usdfc,false
39306,2026-04-15 16:37:13+00,fil-usdfc,false
39307,2026-04-15 16:37:41+00,base-usdc-usdfc,false
39308,2026-04-15 16:37:59+00,polygon-usdc-usdfc,false
39309,2026-04-15 17:35:03+00,eth-usdfc,false
39310,2026-04-15 17:42:21+00,fil-usdfc,false
39311,2026-04-15 17:42:22+00,base-usdc-usdfc,false
39312,2026-04-15 17:42:23+00,polygon-usdc-usdfc,false
39313,2026-04-15 17:45:04+00,eth-usdfc,false
39315,2026-04-15 17:45:10+00,base-usdc-usdfc,false
39314,2026-04-15 17:45:10+00,fil-usdfc,false
39316,2026-04-15 17:45:11+00,polygon-usdc-usdfc,false
39317,2026-04-15 17:50:04+00,eth-usdfc,false
39319,2026-04-15 17:50:33+00,base-usdc-usdfc,false
39318,2026-04-15 17:50:33+00,fil-usdfc,false
39320,2026-04-15 17:50:34+00,polygon-usdc-usdfc,false
39321,2026-04-15 17:55:04+00,eth-usdfc,false
39323,2026-04-15 17:55:05+00,base-usdc-usdfc,false
39322,2026-04-15 17:55:05+00,fil-usdfc,false
39324,2026-04-15 17:55:06+00,polygon-usdc-usdfc,false
39325,2026-04-15 18:00:03+00,eth-usdfc,false
39326,2026-04-15 18:00:07+00,fil-usdfc,false
39328,2026-04-15 18:00:08+00,polygon-usdc-usdfc,false
39327,2026-04-15 18:00:08+00,base-usdc-usdfc,false
39329,2026-04-15 18:05:02+00,eth-usdfc,false
39330,2026-04-15 18:05:04+00,fil-usdfc,false
39331,2026-04-15 18:05:11+00,base-usdc-usdfc,false
39332,2026-04-15 18:05:12+00,polygon-usdc-usdfc,false
39333,2026-04-15 18:10:02+00,eth-usdfc,false
39335,2026-04-15 18:10:03+00,base-usdc-usdfc,false
39334,2026-04-15 18:10:03+00,fil-usdfc,false
39336,2026-04-15 18:10:04+00,polygon-usdc-usdfc,false
39337,2026-04-15 18:15:03+00,eth-usdfc,false
39338,2026-04-15 18:15:21+00,fil-usdfc,false
39339,2026-04-15 18:15:23+00,base-usdc-usdfc,false
39340,2026-04-15 18:15:24+00,polygon-usdc-usdfc,false
39341,2026-04-15 18:20:02+00,eth-usdfc,false
39344,2026-04-15 18:20:03+00,polygon-usdc-usdfc,false
39343,2026-04-15 18:20:03+00,base-usdc-usdfc,false
39342,2026-04-15 18:20:03+00,fil-usdfc,false
39345,2026-04-15 18:25:09+00,eth-usdfc,false
39346,2026-04-15 18:25:11+00,fil-usdfc,false
39347,2026-04-15 18:25:13+00,base-usdc-usdfc,false
39348,2026-04-15 18:25:14+00,polygon-usdc-usdfc,false
39351,2026-04-15 18:30:05+00,base-usdc-usdfc,false
39350,2026-04-15 18:30:05+00,fil-usdfc,false
39349,2026-04-15 18:30:05+00,eth-usdfc,false
39352,2026-04-15 18:30:06+00,polygon-usdc-usdfc,false
39353,2026-04-15 18:35:06+00,eth-usdfc,false
39354,2026-04-15 18:35:10+00,fil-usdfc,false
39355,2026-04-15 18:35:14+00,base-usdc-usdfc,false
39356,2026-04-15 18:35:39+00,polygon-usdc-usdfc,false
39358,2026-04-15 18:45:32+00,fil-usdfc,false
39357,2026-04-15 18:45:32+00,eth-usdfc,false
39360,2026-04-15 18:45:33+00,polygon-usdc-usdfc,false
39359,2026-04-15 18:45:33+00,base-usdc-usdfc,false
39361,2026-04-15 18:50:05+00,eth-usdfc,false
39363,2026-04-15 18:50:06+00,base-usdc-usdfc,false
39362,2026-04-15 18:50:06+00,fil-usdfc,false
39364,2026-04-15 18:50:07+00,polygon-usdc-usdfc,false
39366,2026-04-15 18:55:02+00,fil-usdfc,false
39365,2026-04-15 18:55:02+00,eth-usdfc,false
39368,2026-04-15 18:55:03+00,polygon-usdc-usdfc,false
39367,2026-04-15 18:55:03+00,base-usdc-usdfc,false
39371,2026-04-15 19:00:02+00,base-usdc-usdfc,false
39370,2026-04-15 19:00:02+00,fil-usdfc,false
39369,2026-04-15 19:00:02+00,eth-usdfc,false
39372,2026-04-15 19:00:03+00,polygon-usdc-usdfc,false
39375,2026-04-15 19:05:02+00,base-usdc-usdfc,false
39374,2026-04-15 19:05:02+00,fil-usdfc,false
39373,2026-04-15 19:05:02+00,eth-usdfc,false
39376,2026-04-15 19:05:03+00,polygon-usdc-usdfc,false
39378,2026-04-15 19:10:02+00,fil-usdfc,false
39377,2026-04-15 19:10:02+00,eth-usdfc,false
39380,2026-04-15 19:10:03+00,polygon-usdc-usdfc,false
39379,2026-04-15 19:10:03+00,base-usdc-usdfc,false
39382,2026-04-15 19:15:02+00,fil-usdfc,false
39381,2026-04-15 19:15:02+00,eth-usdfc,false
39384,2026-04-15 19:15:03+00,polygon-usdc-usdfc,false
39383,2026-04-15 19:15:03+00,base-usdc-usdfc,false
39385,2026-04-15 19:20:02+00,eth-usdfc,false
39387,2026-04-15 19:20:03+00,base-usdc-usdfc,false
39386,2026-04-15 19:20:03+00,fil-usdfc,false
39388,2026-04-15 19:20:04+00,polygon-usdc-usdfc,false
39389,2026-04-15 19:25:02+00,eth-usdfc,false
39392,2026-04-15 19:25:05+00,polygon-usdc-usdfc,false
39391,2026-04-15 19:25:05+00,base-usdc-usdfc,false
39390,2026-04-15 19:25:05+00,fil-usdfc,false
39394,2026-04-15 19:30:02+00,fil-usdfc,false
39393,2026-04-15 19:30:02+00,eth-usdfc,false
39396,2026-04-15 19:30:03+00,polygon-usdc-usdfc,false
39395,2026-04-15 19:30:03+00,base-usdc-usdfc,false
39399,2026-04-15 19:35:02+00,base-usdc-usdfc,false
39398,2026-04-15 19:35:02+00,fil-usdfc,false
39397,2026-04-15 19:35:02+00,eth-usdfc,false
39400,2026-04-15 19:35:03+00,polygon-usdc-usdfc,false
39403,2026-04-15 19:40:02+00,base-usdc-usdfc,false
39402,2026-04-15 19:40:02+00,fil-usdfc,false
39401,2026-04-15 19:40:02+00,eth-usdfc,false
39404,2026-04-15 19:40:03+00,polygon-usdc-usdfc,false
39407,2026-04-15 19:45:02+00,base-usdc-usdfc,false
39406,2026-04-15 19:45:02+00,fil-usdfc,false
39405,2026-04-15 19:45:02+00,eth-usdfc,false
39408,2026-04-15 19:45:03+00,polygon-usdc-usdfc,false
39409,2026-04-15 19:50:01+00,eth-usdfc,false
39412,2026-04-15 19:50:02+00,polygon-usdc-usdfc,false
39411,2026-04-15 19:50:02+00,base-usdc-usdfc,false
39410,2026-04-15 19:50:02+00,fil-usdfc,false
39413,2026-04-15 19:55:01+00,eth-usdfc,false
39415,2026-04-15 19:55:02+00,base-usdc-usdfc,false
39414,2026-04-15 19:55:02+00,fil-usdfc,false
39416,2026-04-15 19:55:03+00,polygon-usdc-usdfc,false
39417,2026-04-15 20:00:01+00,eth-usdfc,false
39420,2026-04-15 20:00:02+00,polygon-usdc-usdfc,false
39419,2026-04-15 20:00:02+00,base-usdc-usdfc,false
39418,2026-04-15 20:00:02+00,fil-usdfc,false
39423,2026-04-15 20:05:02+00,base-usdc-usdfc,false
39422,2026-04-15 20:05:02+00,fil-usdfc,false
39421,2026-04-15 20:05:02+00,eth-usdfc,false
39424,2026-04-15 20:05:03+00,polygon-usdc-usdfc,false
39427,2026-04-15 20:10:02+00,base-usdc-usdfc,false
39426,2026-04-15 20:10:02+00,fil-usdfc,false
39425,2026-04-15 20:10:02+00,eth-usdfc,false
39428,2026-04-15 20:10:03+00,polygon-usdc-usdfc,false
39429,2026-04-15 20:15:02+00,eth-usdfc,false
39432,2026-04-15 20:15:03+00,polygon-usdc-usdfc,false
39431,2026-04-15 20:15:03+00,base-usdc-usdfc,false
39430,2026-04-15 20:15:03+00,fil-usdfc,false
39434,2026-04-15 20:20:02+00,fil-usdfc,false
39433,2026-04-15 20:20:02+00,eth-usdfc,false
39436,2026-04-15 20:20:03+00,polygon-usdc-usdfc,false
39435,2026-04-15 20:20:03+00,base-usdc-usdfc,false
39440,2026-04-15 20:25:02+00,polygon-usdc-usdfc,false
39439,2026-04-15 20:25:02+00,base-usdc-usdfc,false
39438,2026-04-15 20:25:02+00,fil-usdfc,false
39437,2026-04-15 20:25:02+00,eth-usdfc,false
39441,2026-04-15 20:30:02+00,eth-usdfc,false
39443,2026-04-15 20:30:03+00,base-usdc-usdfc,false
39442,2026-04-15 20:30:03+00,fil-usdfc,false
39444,2026-04-15 20:30:04+00,polygon-usdc-usdfc,false
39446,2026-04-15 20:35:02+00,fil-usdfc,false
39445,2026-04-15 20:35:02+00,eth-usdfc,false
39448,2026-04-15 20:35:03+00,polygon-usdc-usdfc,false
39447,2026-04-15 20:35:03+00,base-usdc-usdfc,false
39451,2026-04-15 20:40:02+00,base-usdc-usdfc,false
39450,2026-04-15 20:40:02+00,fil-usdfc,false
39449,2026-04-15 20:40:02+00,eth-usdfc,false
39452,2026-04-15 20:40:03+00,polygon-usdc-usdfc,false
39453,2026-04-15 20:45:01+00,eth-usdfc,false
39455,2026-04-15 20:45:02+00,base-usdc-usdfc,false
39454,2026-04-15 20:45:02+00,fil-usdfc,false
39456,2026-04-15 20:45:03+00,polygon-usdc-usdfc,false
39457,2026-04-15 20:50:01+00,eth-usdfc,false
39460,2026-04-15 20:50:02+00,polygon-usdc-usdfc,false
39459,2026-04-15 20:50:02+00,base-usdc-usdfc,false
39458,2026-04-15 20:50:02+00,fil-usdfc,false
39463,2026-04-15 20:55:02+00,base-usdc-usdfc,false
39462,2026-04-15 20:55:02+00,fil-usdfc,false
39461,2026-04-15 20:55:02+00,eth-usdfc,false
39464,2026-04-15 20:55:03+00,polygon-usdc-usdfc,false
39468,2026-04-15 21:00:02+00,polygon-usdc-usdfc,false
39467,2026-04-15 21:00:02+00,base-usdc-usdfc,false
39466,2026-04-15 21:00:02+00,fil-usdfc,false
39465,2026-04-15 21:00:02+00,eth-usdfc,false
39469,2026-04-15 21:05:01+00,eth-usdfc,false
39472,2026-04-15 21:05:02+00,polygon-usdc-usdfc,false
39471,2026-04-15 21:05:02+00,base-usdc-usdfc,false
39470,2026-04-15 21:05:02+00,fil-usdfc,false
39475,2026-04-15 21:10:02+00,base-usdc-usdfc,false
39474,2026-04-15 21:10:02+00,fil-usdfc,false
39473,2026-04-15 21:10:02+00,eth-usdfc,false
39476,2026-04-15 21:10:03+00,polygon-usdc-usdfc,false
39479,2026-04-15 21:15:02+00,base-usdc-usdfc,false
39478,2026-04-15 21:15:02+00,fil-usdfc,false
39477,2026-04-15 21:15:02+00,eth-usdfc,false
39480,2026-04-15 21:15:03+00,polygon-usdc-usdfc,false
39484,2026-04-15 21:20:02+00,polygon-usdc-usdfc,false
39483,2026-04-15 21:20:02+00,base-usdc-usdfc,false
39482,2026-04-15 21:20:02+00,fil-usdfc,false
39481,2026-04-15 21:20:02+00,eth-usdfc,false
39487,2026-04-15 21:25:02+00,base-usdc-usdfc,false
39486,2026-04-15 21:25:02+00,fil-usdfc,false
39485,2026-04-15 21:25:02+00,eth-usdfc,false
39488,2026-04-15 21:25:04+00,polygon-usdc-usdfc,false
39491,2026-04-15 21:30:02+00,base-usdc-usdfc,false
39490,2026-04-15 21:30:02+00,fil-usdfc,false
39489,2026-04-15 21:30:02+00,eth-usdfc,false
39492,2026-04-15 21:30:03+00,polygon-usdc-usdfc,false
39494,2026-04-15 21:35:02+00,fil-usdfc,false
39493,2026-04-15 21:35:02+00,eth-usdfc,false
39496,2026-04-15 21:35:03+00,polygon-usdc-usdfc,false
39495,2026-04-15 21:35:03+00,base-usdc-usdfc,false
39499,2026-04-15 21:40:02+00,base-usdc-usdfc,false
39498,2026-04-15 21:40:02+00,fil-usdfc,false
39497,2026-04-15 21:40:02+00,eth-usdfc,false
39500,2026-04-15 21:40:03+00,polygon-usdc-usdfc,false
39502,2026-04-15 21:45:02+00,fil-usdfc,false
39501,2026-04-15 21:45:02+00,eth-usdfc,false
39504,2026-04-15 21:45:03+00,polygon-usdc-usdfc,false
39503,2026-04-15 21:45:03+00,base-usdc-usdfc,false
39505,2026-04-15 21:50:02+00,eth-usdfc,false
39506,2026-04-15 21:50:03+00,fil-usdfc,false
39508,2026-04-15 21:50:04+00,polygon-usdc-usdfc,false
39507,2026-04-15 21:50:04+00,base-usdc-usdfc,false
39509,2026-04-15 21:55:01+00,eth-usdfc,false
39511,2026-04-15 21:55:02+00,base-usdc-usdfc,false
39510,2026-04-15 21:55:02+00,fil-usdfc,false
39512,2026-04-15 21:55:03+00,polygon-usdc-usdfc,false
39513,2026-04-15 22:00:02+00,eth-usdfc,false
39514,2026-04-15 22:00:03+00,fil-usdfc,false
39516,2026-04-15 22:00:04+00,polygon-usdc-usdfc,false
39515,2026-04-15 22:00:04+00,base-usdc-usdfc,false
39518,2026-04-15 22:05:02+00,fil-usdfc,false
39517,2026-04-15 22:05:02+00,eth-usdfc,false
39520,2026-04-15 22:05:03+00,polygon-usdc-usdfc,false
39519,2026-04-15 22:05:03+00,base-usdc-usdfc,false
39522,2026-04-15 22:10:02+00,fil-usdfc,false
39521,2026-04-15 22:10:02+00,eth-usdfc,false
39524,2026-04-15 22:10:03+00,polygon-usdc-usdfc,false
39523,2026-04-15 22:10:03+00,base-usdc-usdfc,false
39526,2026-04-15 22:15:02+00,fil-usdfc,false
39525,2026-04-15 22:15:02+00,eth-usdfc,false
39528,2026-04-15 22:15:03+00,polygon-usdc-usdfc,false
39527,2026-04-15 22:15:03+00,base-usdc-usdfc,false
39530,2026-04-15 22:20:01+00,fil-usdfc,false
39529,2026-04-15 22:20:01+00,eth-usdfc,false
39532,2026-04-15 22:20:02+00,polygon-usdc-usdfc,false
39531,2026-04-15 22:20:02+00,base-usdc-usdfc,false
39534,2026-04-15 22:25:01+00,fil-usdfc,false
39533,2026-04-15 22:25:01+00,eth-usdfc,false
39536,2026-04-15 22:25:02+00,polygon-usdc-usdfc,false
39535,2026-04-15 22:25:02+00,base-usdc-usdfc,false
39537,2026-04-15 22:30:02+00,eth-usdfc,false
39540,2026-04-15 22:30:03+00,polygon-usdc-usdfc,false
39539,2026-04-15 22:30:03+00,base-usdc-usdfc,false
39538,2026-04-15 22:30:03+00,fil-usdfc,false
39544,2026-04-15 22:35:02+00,polygon-usdc-usdfc,false
39543,2026-04-15 22:35:02+00,base-usdc-usdfc,false
39542,2026-04-15 22:35:02+00,fil-usdfc,false
39541,2026-04-15 22:35:02+00,eth-usdfc,false
39546,2026-04-15 22:40:02+00,fil-usdfc,false
39545,2026-04-15 22:40:02+00,eth-usdfc,false
39548,2026-04-15 22:40:03+00,polygon-usdc-usdfc,false
39547,2026-04-15 22:40:03+00,base-usdc-usdfc,false
39550,2026-04-15 22:45:02+00,fil-usdfc,false
39549,2026-04-15 22:45:02+00,eth-usdfc,false
39551,2026-04-15 22:45:03+00,base-usdc-usdfc,false
39552,2026-04-15 22:45:04+00,polygon-usdc-usdfc,false
39554,2026-04-15 22:50:02+00,fil-usdfc,false
39553,2026-04-15 22:50:02+00,eth-usdfc,false
39555,2026-04-15 22:50:03+00,base-usdc-usdfc,false
39556,2026-04-15 22:50:04+00,polygon-usdc-usdfc,false
39559,2026-04-15 22:55:02+00,base-usdc-usdfc,false
39558,2026-04-15 22:55:02+00,fil-usdfc,false
39557,2026-04-15 22:55:02+00,eth-usdfc,false
39560,2026-04-15 22:55:03+00,polygon-usdc-usdfc,false
39561,2026-04-15 23:00:01+00,eth-usdfc,false
39564,2026-04-15 23:00:02+00,polygon-usdc-usdfc,false
39563,2026-04-15 23:00:02+00,base-usdc-usdfc,false
39562,2026-04-15 23:00:02+00,fil-usdfc,false
39567,2026-04-15 23:05:02+00,base-usdc-usdfc,false
39566,2026-04-15 23:05:02+00,fil-usdfc,false
39565,2026-04-15 23:05:02+00,eth-usdfc,false
39568,2026-04-15 23:05:03+00,polygon-usdc-usdfc,false
39569,2026-04-15 23:10:02+00,eth-usdfc,false
39572,2026-04-15 23:10:03+00,polygon-usdc-usdfc,false
39571,2026-04-15 23:10:03+00,base-usdc-usdfc,false
39570,2026-04-15 23:10:03+00,fil-usdfc,false
39573,2026-04-15 23:15:02+00,eth-usdfc,false
39576,2026-04-15 23:15:03+00,polygon-usdc-usdfc,false
39575,2026-04-15 23:15:03+00,base-usdc-usdfc,false
39574,2026-04-15 23:15:03+00,fil-usdfc,false
39577,2026-04-15 23:20:02+00,eth-usdfc,false
39580,2026-04-15 23:20:05+00,polygon-usdc-usdfc,false
39579,2026-04-15 23:20:05+00,base-usdc-usdfc,false
39578,2026-04-15 23:20:05+00,fil-usdfc,false
39581,2026-04-15 23:25:01+00,eth-usdfc,false
39583,2026-04-15 23:25:02+00,base-usdc-usdfc,false
39582,2026-04-15 23:25:02+00,fil-usdfc,false
39584,2026-04-15 23:25:03+00,polygon-usdc-usdfc,false
39586,2026-04-15 23:30:02+00,fil-usdfc,false
39585,2026-04-15 23:30:02+00,eth-usdfc,false
39588,2026-04-15 23:30:03+00,polygon-usdc-usdfc,false
39587,2026-04-15 23:30:03+00,base-usdc-usdfc,false
39589,2026-04-15 23:35:02+00,eth-usdfc,false
39592,2026-04-15 23:35:03+00,polygon-usdc-usdfc,false
39591,2026-04-15 23:35:03+00,base-usdc-usdfc,false
39590,2026-04-15 23:35:03+00,fil-usdfc,false
39595,2026-04-15 23:40:02+00,base-usdc-usdfc,false
39594,2026-04-15 23:40:02+00,fil-usdfc,false
39593,2026-04-15 23:40:02+00,eth-usdfc,false
39596,2026-04-15 23:40:03+00,polygon-usdc-usdfc,false
39598,2026-04-15 23:45:02+00,fil-usdfc,false
39597,2026-04-15 23:45:02+00,eth-usdfc,false
39600,2026-04-15 23:45:03+00,polygon-usdc-usdfc,false
39599,2026-04-15 23:45:03+00,base-usdc-usdfc,false
39601,2026-04-15 23:50:01+00,eth-usdfc,false
39604,2026-04-15 23:50:02+00,polygon-usdc-usdfc,false
39603,2026-04-15 23:50:02+00,base-usdc-usdfc,false
39602,2026-04-15 23:50:02+00,fil-usdfc,false
39607,2026-04-15 23:55:02+00,base-usdc-usdfc,false
39606,2026-04-15 23:55:02+00,fil-usdfc,false
39605,2026-04-15 23:55:02+00,eth-usdfc,false
39608,2026-04-15 23:55:03+00,polygon-usdc-usdfc,false
39611,2026-04-16 00:00:02+00,base-usdc-usdfc,false
39610,2026-04-16 00:00:02+00,fil-usdfc,false
39609,2026-04-16 00:00:02+00,eth-usdfc,false
39612,2026-04-16 00:00:03+00,polygon-usdc-usdfc,false
39613,2026-04-16 00:05:02+00,eth-usdfc,false
39616,2026-04-16 00:05:03+00,polygon-usdc-usdfc,false
39615,2026-04-16 00:05:03+00,base-usdc-usdfc,false
39614,2026-04-16 00:05:03+00,fil-usdfc,false
39617,2026-04-16 00:10:02+00,eth-usdfc,false
39619,2026-04-16 00:10:03+00,base-usdc-usdfc,false
39618,2026-04-16 00:10:03+00,fil-usdfc,false
39620,2026-04-16 00:10:04+00,polygon-usdc-usdfc,false
39621,2026-04-16 00:15:02+00,eth-usdfc,false
39622,2026-04-16 00:15:03+00,fil-usdfc,false
39624,2026-04-16 00:15:04+00,polygon-usdc-usdfc,false
39623,2026-04-16 00:15:04+00,base-usdc-usdfc,false
39625,2026-04-16 00:20:02+00,eth-usdfc,false
39626,2026-04-16 00:20:08+00,fil-usdfc,false
39628,2026-04-16 00:20:09+00,polygon-usdc-usdfc,false
39627,2026-04-16 00:20:09+00,base-usdc-usdfc,false
39629,2026-04-16 00:25:02+00,eth-usdfc,false
39630,2026-04-16 00:25:05+00,fil-usdfc,false
39632,2026-04-16 00:25:06+00,polygon-usdc-usdfc,false
39631,2026-04-16 00:25:06+00,base-usdc-usdfc,false
39633,2026-04-16 00:30:01+00,eth-usdfc,false
39636,2026-04-16 00:30:02+00,polygon-usdc-usdfc,false
39635,2026-04-16 00:30:02+00,base-usdc-usdfc,false
39634,2026-04-16 00:30:02+00,fil-usdfc,false
39639,2026-04-16 00:35:02+00,base-usdc-usdfc,false
39638,2026-04-16 00:35:02+00,fil-usdfc,false
39637,2026-04-16 00:35:02+00,eth-usdfc,false
39640,2026-04-16 00:35:03+00,polygon-usdc-usdfc,false
39641,2026-04-16 00:40:02+00,eth-usdfc,false
39643,2026-04-16 00:40:03+00,base-usdc-usdfc,false
39642,2026-04-16 00:40:03+00,fil-usdfc,false
39644,2026-04-16 00:40:04+00,polygon-usdc-usdfc,false
39645,2026-04-16 00:45:02+00,eth-usdfc,false
39648,2026-04-16 00:45:03+00,polygon-usdc-usdfc,false
39647,2026-04-16 00:45:03+00,base-usdc-usdfc,false
39646,2026-04-16 00:45:03+00,fil-usdfc,false
39649,2026-04-16 00:50:02+00,eth-usdfc,false
39650,2026-04-16 00:50:19+00,fil-usdfc,false
39652,2026-04-16 00:50:20+00,polygon-usdc-usdfc,false
39651,2026-04-16 00:50:20+00,base-usdc-usdfc,false
39654,2026-04-16 00:55:02+00,fil-usdfc,false
39653,2026-04-16 00:55:02+00,eth-usdfc,false
39656,2026-04-16 00:55:03+00,polygon-usdc-usdfc,false
39655,2026-04-16 00:55:03+00,base-usdc-usdfc,false
39659,2026-04-16 01:00:02+00,base-usdc-usdfc,false
39658,2026-04-16 01:00:02+00,fil-usdfc,false
39657,2026-04-16 01:00:02+00,eth-usdfc,false
39660,2026-04-16 01:00:03+00,polygon-usdc-usdfc,false
39663,2026-04-16 01:05:02+00,base-usdc-usdfc,false
39662,2026-04-16 01:05:02+00,fil-usdfc,false
39661,2026-04-16 01:05:02+00,eth-usdfc,false
39664,2026-04-16 01:05:03+00,polygon-usdc-usdfc,false
39668,2026-04-16 01:10:02+00,polygon-usdc-usdfc,false
39667,2026-04-16 01:10:02+00,base-usdc-usdfc,false
39666,2026-04-16 01:10:02+00,fil-usdfc,false
39665,2026-04-16 01:10:02+00,eth-usdfc,false
39670,2026-04-16 01:15:02+00,fil-usdfc,false
39669,2026-04-16 01:15:02+00,eth-usdfc,false
39672,2026-04-16 01:15:03+00,polygon-usdc-usdfc,false
39671,2026-04-16 01:15:03+00,base-usdc-usdfc,false
39673,2026-04-16 01:20:01+00,eth-usdfc,false
39676,2026-04-16 01:20:02+00,polygon-usdc-usdfc,false
39675,2026-04-16 01:20:02+00,base-usdc-usdfc,false
39674,2026-04-16 01:20:02+00,fil-usdfc,false
39677,2026-04-16 01:25:01+00,eth-usdfc,false
39680,2026-04-16 01:25:02+00,polygon-usdc-usdfc,false
39679,2026-04-16 01:25:02+00,base-usdc-usdfc,false
39678,2026-04-16 01:25:02+00,fil-usdfc,false
39684,2026-04-16 01:30:02+00,polygon-usdc-usdfc,false
39683,2026-04-16 01:30:02+00,base-usdc-usdfc,false
39682,2026-04-16 01:30:02+00,fil-usdfc,false
39681,2026-04-16 01:30:02+00,eth-usdfc,false
39685,2026-04-16 01:35:02+00,eth-usdfc,false
39686,2026-04-16 01:35:03+00,fil-usdfc,false
39688,2026-04-16 01:35:04+00,polygon-usdc-usdfc,false
39687,2026-04-16 01:35:04+00,base-usdc-usdfc,false
39692,2026-04-16 01:40:02+00,polygon-usdc-usdfc,false
39691,2026-04-16 01:40:02+00,base-usdc-usdfc,false
39690,2026-04-16 01:40:02+00,fil-usdfc,false
39689,2026-04-16 01:40:02+00,eth-usdfc,false
39693,2026-04-16 01:45:01+00,eth-usdfc,false
39695,2026-04-16 01:45:02+00,base-usdc-usdfc,false
39694,2026-04-16 01:45:02+00,fil-usdfc,false
39696,2026-04-16 01:45:03+00,polygon-usdc-usdfc,false
39697,2026-04-16 01:50:02+00,eth-usdfc,false
39700,2026-04-16 01:50:04+00,polygon-usdc-usdfc,false
39699,2026-04-16 01:50:04+00,base-usdc-usdfc,false
39698,2026-04-16 01:50:04+00,fil-usdfc,false
39702,2026-04-16 01:55:02+00,fil-usdfc,false
39701,2026-04-16 01:55:02+00,eth-usdfc,false
39704,2026-04-16 01:55:03+00,polygon-usdc-usdfc,false
39703,2026-04-16 01:55:03+00,base-usdc-usdfc,false
39706,2026-04-16 02:00:02+00,fil-usdfc,false
39705,2026-04-16 02:00:02+00,eth-usdfc,false
39708,2026-04-16 02:00:03+00,polygon-usdc-usdfc,false
39707,2026-04-16 02:00:03+00,base-usdc-usdfc,false
39711,2026-04-16 02:05:02+00,base-usdc-usdfc,false
39710,2026-04-16 02:05:02+00,fil-usdfc,false
39709,2026-04-16 02:05:02+00,eth-usdfc,false
39712,2026-04-16 02:05:03+00,polygon-usdc-usdfc,false
39713,2026-04-16 02:10:01+00,eth-usdfc,false
39715,2026-04-16 02:10:02+00,base-usdc-usdfc,false
39714,2026-04-16 02:10:02+00,fil-usdfc,false
39716,2026-04-16 02:10:03+00,polygon-usdc-usdfc,false
39720,2026-04-16 02:15:02+00,polygon-usdc-usdfc,false
39719,2026-04-16 02:15:02+00,base-usdc-usdfc,false
39718,2026-04-16 02:15:02+00,fil-usdfc,false
39717,2026-04-16 02:15:02+00,eth-usdfc,false
39722,2026-04-16 02:20:02+00,fil-usdfc,false
39721,2026-04-16 02:20:02+00,eth-usdfc,false
39724,2026-04-16 02:20:03+00,polygon-usdc-usdfc,false
39723,2026-04-16 02:20:03+00,base-usdc-usdfc,false
39725,2026-04-16 02:25:01+00,eth-usdfc,false
39727,2026-04-16 02:25:02+00,base-usdc-usdfc,false
39726,2026-04-16 02:25:02+00,fil-usdfc,false
39728,2026-04-16 02:25:03+00,polygon-usdc-usdfc,false
39731,2026-04-16 02:30:02+00,base-usdc-usdfc,false
39730,2026-04-16 02:30:02+00,fil-usdfc,false
39729,2026-04-16 02:30:02+00,eth-usdfc,false
39732,2026-04-16 02:30:03+00,polygon-usdc-usdfc,false
39736,2026-04-16 02:35:02+00,polygon-usdc-usdfc,false
39735,2026-04-16 02:35:02+00,base-usdc-usdfc,false
39734,2026-04-16 02:35:02+00,fil-usdfc,false
39733,2026-04-16 02:35:02+00,eth-usdfc,false
39738,2026-04-16 02:40:02+00,fil-usdfc,false
39737,2026-04-16 02:40:02+00,eth-usdfc,false
39740,2026-04-16 02:40:03+00,polygon-usdc-usdfc,false
39739,2026-04-16 02:40:03+00,base-usdc-usdfc,false
39742,2026-04-16 02:45:02+00,fil-usdfc,false
39741,2026-04-16 02:45:02+00,eth-usdfc,false
39744,2026-04-16 02:45:03+00,polygon-usdc-usdfc,false
39743,2026-04-16 02:45:03+00,base-usdc-usdfc,false
39745,2026-04-16 02:50:01+00,eth-usdfc,false
39747,2026-04-16 02:50:10+00,base-usdc-usdfc,false
39746,2026-04-16 02:50:10+00,fil-usdfc,false
39748,2026-04-16 02:50:11+00,polygon-usdc-usdfc,false
39752,2026-04-16 02:55:02+00,polygon-usdc-usdfc,false
39751,2026-04-16 02:55:02+00,base-usdc-usdfc,false
39750,2026-04-16 02:55:02+00,fil-usdfc,false
39749,2026-04-16 02:55:02+00,eth-usdfc,false
39754,2026-04-16 03:00:02+00,fil-usdfc,false
39753,2026-04-16 03:00:02+00,eth-usdfc,false
39756,2026-04-16 03:00:03+00,polygon-usdc-usdfc,false
39755,2026-04-16 03:00:03+00,base-usdc-usdfc,false
39760,2026-04-16 03:05:02+00,polygon-usdc-usdfc,false
39759,2026-04-16 03:05:02+00,base-usdc-usdfc,false
39758,2026-04-16 03:05:02+00,fil-usdfc,false
39757,2026-04-16 03:05:02+00,eth-usdfc,false
39762,2026-04-16 03:10:02+00,fil-usdfc,false
39761,2026-04-16 03:10:02+00,eth-usdfc,false
39764,2026-04-16 03:10:03+00,polygon-usdc-usdfc,false
39763,2026-04-16 03:10:03+00,base-usdc-usdfc,false
39767,2026-04-16 03:15:02+00,base-usdc-usdfc,false
39766,2026-04-16 03:15:02+00,fil-usdfc,false
39765,2026-04-16 03:15:02+00,eth-usdfc,false
39768,2026-04-16 03:15:03+00,polygon-usdc-usdfc,false
39771,2026-04-16 03:20:02+00,base-usdc-usdfc,false
39770,2026-04-16 03:20:02+00,fil-usdfc,false
39769,2026-04-16 03:20:02+00,eth-usdfc,false
39772,2026-04-16 03:20:03+00,polygon-usdc-usdfc,false
39774,2026-04-16 03:25:02+00,fil-usdfc,false
39773,2026-04-16 03:25:02+00,eth-usdfc,false
39776,2026-04-16 03:25:03+00,polygon-usdc-usdfc,false
39775,2026-04-16 03:25:03+00,base-usdc-usdfc,false
39779,2026-04-16 03:30:02+00,base-usdc-usdfc,false
39778,2026-04-16 03:30:02+00,fil-usdfc,false
39777,2026-04-16 03:30:02+00,eth-usdfc,false
39780,2026-04-16 03:30:03+00,polygon-usdc-usdfc,false
39781,2026-04-16 03:35:02+00,eth-usdfc,false
39784,2026-04-16 03:35:03+00,polygon-usdc-usdfc,false
39783,2026-04-16 03:35:03+00,base-usdc-usdfc,false
39782,2026-04-16 03:35:03+00,fil-usdfc,false
39785,2026-04-16 03:40:02+00,eth-usdfc,false
39788,2026-04-16 03:40:04+00,polygon-usdc-usdfc,false
39787,2026-04-16 03:40:04+00,base-usdc-usdfc,false
39786,2026-04-16 03:40:04+00,fil-usdfc,false
39790,2026-04-16 03:45:02+00,fil-usdfc,false
39789,2026-04-16 03:45:02+00,eth-usdfc,false
39792,2026-04-16 03:45:03+00,polygon-usdc-usdfc,false
39791,2026-04-16 03:45:03+00,base-usdc-usdfc,false
39793,2026-04-16 03:50:01+00,eth-usdfc,false
39796,2026-04-16 03:50:02+00,polygon-usdc-usdfc,false
39795,2026-04-16 03:50:02+00,base-usdc-usdfc,false
39794,2026-04-16 03:50:02+00,fil-usdfc,false
39800,2026-04-16 03:55:02+00,polygon-usdc-usdfc,false
39799,2026-04-16 03:55:02+00,base-usdc-usdfc,false
39798,2026-04-16 03:55:02+00,fil-usdfc,false
39797,2026-04-16 03:55:02+00,eth-usdfc,false
39804,2026-04-16 04:00:02+00,polygon-usdc-usdfc,false
39803,2026-04-16 04:00:02+00,base-usdc-usdfc,false
39802,2026-04-16 04:00:02+00,fil-usdfc,false
39801,2026-04-16 04:00:02+00,eth-usdfc,false
39805,2026-04-16 04:05:02+00,eth-usdfc,false
39808,2026-04-16 04:05:04+00,polygon-usdc-usdfc,false
39807,2026-04-16 04:05:04+00,base-usdc-usdfc,false
39806,2026-04-16 04:05:04+00,fil-usdfc,false
39812,2026-04-16 04:10:02+00,polygon-usdc-usdfc,false
39811,2026-04-16 04:10:02+00,base-usdc-usdfc,false
39810,2026-04-16 04:10:02+00,fil-usdfc,false
39809,2026-04-16 04:10:02+00,eth-usdfc,false
39816,2026-04-16 04:15:02+00,polygon-usdc-usdfc,false
39815,2026-04-16 04:15:02+00,base-usdc-usdfc,false
39814,2026-04-16 04:15:02+00,fil-usdfc,false
39813,2026-04-16 04:15:02+00,eth-usdfc,false
39819,2026-04-16 04:20:02+00,base-usdc-usdfc,false
39818,2026-04-16 04:20:02+00,fil-usdfc,false
39817,2026-04-16 04:20:02+00,eth-usdfc,false
39820,2026-04-16 04:20:03+00,polygon-usdc-usdfc,false
39823,2026-04-16 04:25:02+00,base-usdc-usdfc,false
39822,2026-04-16 04:25:02+00,fil-usdfc,false
39821,2026-04-16 04:25:02+00,eth-usdfc,false
39824,2026-04-16 04:25:03+00,polygon-usdc-usdfc,false
39825,2026-04-16 04:30:01+00,eth-usdfc,false
39826,2026-04-16 04:30:02+00,fil-usdfc,false
39828,2026-04-16 04:30:03+00,polygon-usdc-usdfc,false
39827,2026-04-16 04:30:03+00,base-usdc-usdfc,false
39829,2026-04-16 04:35:01+00,eth-usdfc,false
39831,2026-04-16 04:35:02+00,base-usdc-usdfc,false
39830,2026-04-16 04:35:02+00,fil-usdfc,false
39832,2026-04-16 04:35:03+00,polygon-usdc-usdfc,false
39835,2026-04-16 04:40:02+00,base-usdc-usdfc,false
39834,2026-04-16 04:40:02+00,fil-usdfc,false
39833,2026-04-16 04:40:02+00,eth-usdfc,false
39836,2026-04-16 04:40:03+00,polygon-usdc-usdfc,false
39838,2026-04-16 04:45:02+00,fil-usdfc,false
39837,2026-04-16 04:45:02+00,eth-usdfc,false
39840,2026-04-16 04:45:03+00,polygon-usdc-usdfc,false
39839,2026-04-16 04:45:03+00,base-usdc-usdfc,false
39842,2026-04-16 04:50:01+00,fil-usdfc,false
39841,2026-04-16 04:50:01+00,eth-usdfc,false
39844,2026-04-16 04:50:02+00,polygon-usdc-usdfc,false
39843,2026-04-16 04:50:02+00,base-usdc-usdfc,false
39846,2026-04-16 04:55:01+00,fil-usdfc,false
39845,2026-04-16 04:55:01+00,eth-usdfc,false
39848,2026-04-16 04:55:02+00,polygon-usdc-usdfc,false
39847,2026-04-16 04:55:02+00,base-usdc-usdfc,false
39850,2026-04-16 05:00:02+00,fil-usdfc,false
39849,2026-04-16 05:00:02+00,eth-usdfc,false
39852,2026-04-16 05:00:03+00,polygon-usdc-usdfc,false
39851,2026-04-16 05:00:03+00,base-usdc-usdfc,false
39855,2026-04-16 05:05:02+00,base-usdc-usdfc,false
39854,2026-04-16 05:05:02+00,fil-usdfc,false
39853,2026-04-16 05:05:02+00,eth-usdfc,false
39856,2026-04-16 05:05:03+00,polygon-usdc-usdfc,false
39857,2026-04-16 05:10:02+00,eth-usdfc,false
39860,2026-04-16 05:10:03+00,polygon-usdc-usdfc,false
39859,2026-04-16 05:10:03+00,base-usdc-usdfc,false
39858,2026-04-16 05:10:03+00,fil-usdfc,false
39861,2026-04-16 05:15:01+00,eth-usdfc,false
39864,2026-04-16 05:15:02+00,polygon-usdc-usdfc,false
39863,2026-04-16 05:15:02+00,base-usdc-usdfc,false
39862,2026-04-16 05:15:02+00,fil-usdfc,false
39868,2026-04-16 05:20:02+00,polygon-usdc-usdfc,false
39867,2026-04-16 05:20:02+00,base-usdc-usdfc,false
39866,2026-04-16 05:20:02+00,fil-usdfc,false
39865,2026-04-16 05:20:02+00,eth-usdfc,false
39869,2026-04-16 05:25:02+00,eth-usdfc,false
39872,2026-04-16 05:25:03+00,polygon-usdc-usdfc,false
39871,2026-04-16 05:25:03+00,base-usdc-usdfc,false
39870,2026-04-16 05:25:03+00,fil-usdfc,false
39876,2026-04-16 05:30:02+00,polygon-usdc-usdfc,false
39875,2026-04-16 05:30:02+00,base-usdc-usdfc,false
39874,2026-04-16 05:30:02+00,fil-usdfc,false
39873,2026-04-16 05:30:02+00,eth-usdfc,false
39880,2026-04-16 05:35:02+00,polygon-usdc-usdfc,false
39879,2026-04-16 05:35:02+00,base-usdc-usdfc,false
39878,2026-04-16 05:35:02+00,fil-usdfc,false
39877,2026-04-16 05:35:02+00,eth-usdfc,false
39883,2026-04-16 05:40:02+00,base-usdc-usdfc,false
39882,2026-04-16 05:40:02+00,fil-usdfc,false
39881,2026-04-16 05:40:02+00,eth-usdfc,false
39884,2026-04-16 05:40:03+00,polygon-usdc-usdfc,false
39885,2026-04-16 05:45:02+00,eth-usdfc,false
39888,2026-04-16 05:45:03+00,polygon-usdc-usdfc,false
39887,2026-04-16 05:45:03+00,base-usdc-usdfc,false
39886,2026-04-16 05:45:03+00,fil-usdfc,false
39892,2026-04-16 05:50:03+00,polygon-usdc-usdfc,false
39891,2026-04-16 05:50:03+00,base-usdc-usdfc,false
39890,2026-04-16 05:50:03+00,fil-usdfc,false
39889,2026-04-16 05:50:03+00,eth-usdfc,false
39893,2026-04-16 05:55:01+00,eth-usdfc,false
39896,2026-04-16 05:55:02+00,polygon-usdc-usdfc,false
39895,2026-04-16 05:55:02+00,base-usdc-usdfc,false
39894,2026-04-16 05:55:02+00,fil-usdfc,false
39897,2026-04-16 06:00:01+00,eth-usdfc,false
39900,2026-04-16 06:00:03+00,polygon-usdc-usdfc,false
39899,2026-04-16 06:00:03+00,base-usdc-usdfc,false
39898,2026-04-16 06:00:03+00,fil-usdfc,false
39903,2026-04-16 06:05:02+00,base-usdc-usdfc,false
39902,2026-04-16 06:05:02+00,fil-usdfc,false
39901,2026-04-16 06:05:02+00,eth-usdfc,false
39904,2026-04-16 06:05:03+00,polygon-usdc-usdfc,false
39905,2026-04-16 06:10:07+00,eth-usdfc,false
39908,2026-04-16 06:10:08+00,polygon-usdc-usdfc,false
39907,2026-04-16 06:10:08+00,base-usdc-usdfc,false
39906,2026-04-16 06:10:08+00,fil-usdfc,false
39912,2026-04-16 06:15:02+00,polygon-usdc-usdfc,false
39911,2026-04-16 06:15:02+00,base-usdc-usdfc,false
39910,2026-04-16 06:15:02+00,fil-usdfc,false
39909,2026-04-16 06:15:02+00,eth-usdfc,false
39913,2026-04-16 06:20:05+00,eth-usdfc,false
39916,2026-04-16 06:20:06+00,polygon-usdc-usdfc,false
39915,2026-04-16 06:20:06+00,base-usdc-usdfc,false
39914,2026-04-16 06:20:06+00,fil-usdfc,false
39918,2026-04-16 06:25:02+00,fil-usdfc,false
39917,2026-04-16 06:25:02+00,eth-usdfc,false
39920,2026-04-16 06:25:03+00,polygon-usdc-usdfc,false
39919,2026-04-16 06:25:03+00,base-usdc-usdfc,false
39923,2026-04-16 06:30:02+00,base-usdc-usdfc,false
39922,2026-04-16 06:30:02+00,fil-usdfc,false
39921,2026-04-16 06:30:02+00,eth-usdfc,false
39924,2026-04-16 06:30:03+00,polygon-usdc-usdfc,false
39925,2026-04-16 06:35:02+00,eth-usdfc,false
39928,2026-04-16 06:35:03+00,polygon-usdc-usdfc,false
39927,2026-04-16 06:35:03+00,base-usdc-usdfc,false
39926,2026-04-16 06:35:03+00,fil-usdfc,false
39929,2026-04-16 06:40:01+00,eth-usdfc,false
39932,2026-04-16 06:40:02+00,polygon-usdc-usdfc,false
39931,2026-04-16 06:40:02+00,base-usdc-usdfc,false
39930,2026-04-16 06:40:02+00,fil-usdfc,false
39933,2026-04-16 06:45:01+00,eth-usdfc,false
39936,2026-04-16 06:45:02+00,polygon-usdc-usdfc,false
39935,2026-04-16 06:45:02+00,base-usdc-usdfc,false
39934,2026-04-16 06:45:02+00,fil-usdfc,false
39937,2026-04-16 06:50:01+00,eth-usdfc,false
39940,2026-04-16 06:50:02+00,polygon-usdc-usdfc,false
39939,2026-04-16 06:50:02+00,base-usdc-usdfc,false
39938,2026-04-16 06:50:02+00,fil-usdfc,false
39941,2026-04-16 06:55:01+00,eth-usdfc,false
39944,2026-04-16 06:55:02+00,polygon-usdc-usdfc,false
39943,2026-04-16 06:55:02+00,base-usdc-usdfc,false
39942,2026-04-16 06:55:02+00,fil-usdfc,false
39945,2026-04-16 07:00:01+00,eth-usdfc,false
39948,2026-04-16 07:00:02+00,polygon-usdc-usdfc,false
39947,2026-04-16 07:00:02+00,base-usdc-usdfc,false
39946,2026-04-16 07:00:02+00,fil-usdfc,false
39949,2026-04-16 07:05:01+00,eth-usdfc,false
39952,2026-04-16 07:05:02+00,polygon-usdc-usdfc,false
39951,2026-04-16 07:05:02+00,base-usdc-usdfc,false
39950,2026-04-16 07:05:02+00,fil-usdfc,false
39956,2026-04-16 07:10:02+00,polygon-usdc-usdfc,false
39955,2026-04-16 07:10:02+00,base-usdc-usdfc,false
39954,2026-04-16 07:10:02+00,fil-usdfc,false
39953,2026-04-16 07:10:02+00,eth-usdfc,false
39960,2026-04-16 07:15:03+00,polygon-usdc-usdfc,false
39959,2026-04-16 07:15:03+00,base-usdc-usdfc,false
39958,2026-04-16 07:15:03+00,fil-usdfc,false
39957,2026-04-16 07:15:03+00,eth-usdfc,false
39962,2026-04-16 07:20:03+00,fil-usdfc,false
39961,2026-04-16 07:20:03+00,eth-usdfc,false
39964,2026-04-16 07:20:04+00,polygon-usdc-usdfc,false
39963,2026-04-16 07:20:04+00,base-usdc-usdfc,false
39965,2026-04-16 07:25:02+00,eth-usdfc,false
39966,2026-04-16 07:25:03+00,fil-usdfc,false
39968,2026-04-16 07:25:04+00,polygon-usdc-usdfc,false
39967,2026-04-16 07:25:04+00,base-usdc-usdfc,false
39972,2026-04-16 07:30:02+00,polygon-usdc-usdfc,false
39971,2026-04-16 07:30:02+00,base-usdc-usdfc,false
39970,2026-04-16 07:30:02+00,fil-usdfc,false
39969,2026-04-16 07:30:02+00,eth-usdfc,false
39975,2026-04-16 07:35:02+00,base-usdc-usdfc,false
39974,2026-04-16 07:35:02+00,fil-usdfc,false
39973,2026-04-16 07:35:02+00,eth-usdfc,false
39976,2026-04-16 07:35:03+00,polygon-usdc-usdfc,false
39979,2026-04-16 07:40:02+00,base-usdc-usdfc,false
39978,2026-04-16 07:40:02+00,fil-usdfc,false
39977,2026-04-16 07:40:02+00,eth-usdfc,false
39980,2026-04-16 07:40:03+00,polygon-usdc-usdfc,false
39983,2026-04-16 07:45:02+00,base-usdc-usdfc,false
39982,2026-04-16 07:45:02+00,fil-usdfc,false
39981,2026-04-16 07:45:02+00,eth-usdfc,false
39984,2026-04-16 07:45:03+00,polygon-usdc-usdfc,false
39986,2026-04-16 07:50:02+00,fil-usdfc,false
39985,2026-04-16 07:50:02+00,eth-usdfc,false
39988,2026-04-16 07:50:03+00,polygon-usdc-usdfc,false
39987,2026-04-16 07:50:03+00,base-usdc-usdfc,false
39989,2026-04-16 07:55:02+00,eth-usdfc,false
39992,2026-04-16 07:55:03+00,polygon-usdc-usdfc,false
39991,2026-04-16 07:55:03+00,base-usdc-usdfc,false
39990,2026-04-16 07:55:03+00,fil-usdfc,false
39995,2026-04-16 08:00:02+00,base-usdc-usdfc,false
39994,2026-04-16 08:00:02+00,fil-usdfc,false
39993,2026-04-16 08:00:02+00,eth-usdfc,false
39996,2026-04-16 08:00:03+00,polygon-usdc-usdfc,false
39999,2026-04-16 08:05:02+00,base-usdc-usdfc,false
39998,2026-04-16 08:05:02+00,fil-usdfc,false
39997,2026-04-16 08:05:02+00,eth-usdfc,false
40000,2026-04-16 08:05:03+00,polygon-usdc-usdfc,false
40002,2026-04-16 08:10:02+00,fil-usdfc,false
40001,2026-04-16 08:10:02+00,eth-usdfc,false
40004,2026-04-16 08:10:03+00,polygon-usdc-usdfc,false
40003,2026-04-16 08:10:03+00,base-usdc-usdfc,false
40007,2026-04-16 08:15:02+00,base-usdc-usdfc,false
40006,2026-04-16 08:15:02+00,fil-usdfc,false
40005,2026-04-16 08:15:02+00,eth-usdfc,false
40008,2026-04-16 08:15:03+00,polygon-usdc-usdfc,false
40009,2026-04-16 08:20:02+00,eth-usdfc,false
40012,2026-04-16 08:20:03+00,polygon-usdc-usdfc,false
40011,2026-04-16 08:20:03+00,base-usdc-usdfc,false
40010,2026-04-16 08:20:03+00,fil-usdfc,false
40013,2026-04-16 08:25:01+00,eth-usdfc,false
40016,2026-04-16 08:25:02+00,polygon-usdc-usdfc,false
40015,2026-04-16 08:25:02+00,base-usdc-usdfc,false
40014,2026-04-16 08:25:02+00,fil-usdfc,false
40017,2026-04-16 08:30:02+00,eth-usdfc,false
40020,2026-04-16 08:30:03+00,polygon-usdc-usdfc,false
40019,2026-04-16 08:30:03+00,base-usdc-usdfc,false
40018,2026-04-16 08:30:03+00,fil-usdfc,false
40021,2026-04-16 08:35:01+00,eth-usdfc,false
40023,2026-04-16 08:35:02+00,base-usdc-usdfc,false
40022,2026-04-16 08:35:02+00,fil-usdfc,false
40024,2026-04-16 08:35:03+00,polygon-usdc-usdfc,false
40025,2026-04-16 08:40:02+00,eth-usdfc,false
40028,2026-04-16 08:40:03+00,polygon-usdc-usdfc,false
40027,2026-04-16 08:40:03+00,base-usdc-usdfc,false
40026,2026-04-16 08:40:03+00,fil-usdfc,false
40029,2026-04-16 08:45:01+00,eth-usdfc,false
40032,2026-04-16 08:45:02+00,polygon-usdc-usdfc,false
40031,2026-04-16 08:45:02+00,base-usdc-usdfc,false
40030,2026-04-16 08:45:02+00,fil-usdfc,false
40033,2026-04-16 08:50:02+00,eth-usdfc,false
40035,2026-04-16 08:50:03+00,base-usdc-usdfc,false
40034,2026-04-16 08:50:03+00,fil-usdfc,false
40036,2026-04-16 08:50:04+00,polygon-usdc-usdfc,false
40040,2026-04-16 08:55:03+00,polygon-usdc-usdfc,false
40039,2026-04-16 08:55:03+00,base-usdc-usdfc,false
40038,2026-04-16 08:55:03+00,fil-usdfc,false
40037,2026-04-16 08:55:03+00,eth-usdfc,false
40044,2026-04-16 09:00:02+00,polygon-usdc-usdfc,false
40043,2026-04-16 09:00:02+00,base-usdc-usdfc,false
40042,2026-04-16 09:00:02+00,fil-usdfc,false
40041,2026-04-16 09:00:02+00,eth-usdfc,false
40047,2026-04-16 09:05:02+00,base-usdc-usdfc,false
40046,2026-04-16 09:05:02+00,fil-usdfc,false
40045,2026-04-16 09:05:02+00,eth-usdfc,false
40048,2026-04-16 09:05:03+00,polygon-usdc-usdfc,false
40049,2026-04-16 09:10:02+00,eth-usdfc,false
40052,2026-04-16 09:10:03+00,polygon-usdc-usdfc,false
40051,2026-04-16 09:10:03+00,base-usdc-usdfc,false
40050,2026-04-16 09:10:03+00,fil-usdfc,false
40053,2026-04-16 09:15:01+00,eth-usdfc,false
40056,2026-04-16 09:15:02+00,polygon-usdc-usdfc,false
40055,2026-04-16 09:15:02+00,base-usdc-usdfc,false
40054,2026-04-16 09:15:02+00,fil-usdfc,false
40057,2026-04-16 09:20:02+00,eth-usdfc,false
40059,2026-04-16 09:20:04+00,base-usdc-usdfc,false
40058,2026-04-16 09:20:04+00,fil-usdfc,false
40060,2026-04-16 09:20:05+00,polygon-usdc-usdfc,false
40062,2026-04-16 09:25:02+00,fil-usdfc,false
40061,2026-04-16 09:25:02+00,eth-usdfc,false
40064,2026-04-16 09:25:03+00,polygon-usdc-usdfc,false
40063,2026-04-16 09:25:03+00,base-usdc-usdfc,false
40066,2026-04-16 09:30:02+00,fil-usdfc,false
40065,2026-04-16 09:30:02+00,eth-usdfc,false
40068,2026-04-16 09:30:03+00,polygon-usdc-usdfc,false
40067,2026-04-16 09:30:03+00,base-usdc-usdfc,false
40069,2026-04-16 09:35:01+00,eth-usdfc,false
40072,2026-04-16 09:35:02+00,polygon-usdc-usdfc,false
40071,2026-04-16 09:35:02+00,base-usdc-usdfc,false
40070,2026-04-16 09:35:02+00,fil-usdfc,false
40073,2026-04-16 09:40:01+00,eth-usdfc,false
40076,2026-04-16 09:40:02+00,polygon-usdc-usdfc,false
40075,2026-04-16 09:40:02+00,base-usdc-usdfc,false
40074,2026-04-16 09:40:02+00,fil-usdfc,false
40078,2026-04-16 09:45:02+00,fil-usdfc,false
40077,2026-04-16 09:45:02+00,eth-usdfc,false
40080,2026-04-16 09:45:03+00,polygon-usdc-usdfc,false
40079,2026-04-16 09:45:03+00,base-usdc-usdfc,false
40081,2026-04-16 09:50:02+00,eth-usdfc,false
40084,2026-04-16 09:50:03+00,polygon-usdc-usdfc,false
40083,2026-04-16 09:50:03+00,base-usdc-usdfc,false
40082,2026-04-16 09:50:03+00,fil-usdfc,false
40085,2026-04-16 09:55:01+00,eth-usdfc,false
40088,2026-04-16 09:55:02+00,polygon-usdc-usdfc,false
40087,2026-04-16 09:55:02+00,base-usdc-usdfc,false
40086,2026-04-16 09:55:02+00,fil-usdfc,false
40091,2026-04-16 10:00:02+00,base-usdc-usdfc,false
40090,2026-04-16 10:00:02+00,fil-usdfc,false
40089,2026-04-16 10:00:02+00,eth-usdfc,false
40092,2026-04-16 10:00:03+00,polygon-usdc-usdfc,false
40095,2026-04-16 10:05:02+00,base-usdc-usdfc,false
40094,2026-04-16 10:05:02+00,fil-usdfc,false
40093,2026-04-16 10:05:02+00,eth-usdfc,false
40096,2026-04-16 10:05:03+00,polygon-usdc-usdfc,false
40100,2026-04-16 10:10:02+00,polygon-usdc-usdfc,false
40099,2026-04-16 10:10:02+00,base-usdc-usdfc,false
40098,2026-04-16 10:10:02+00,fil-usdfc,false
40097,2026-04-16 10:10:02+00,eth-usdfc,false
40103,2026-04-16 10:15:02+00,base-usdc-usdfc,false
40102,2026-04-16 10:15:02+00,fil-usdfc,false
40101,2026-04-16 10:15:02+00,eth-usdfc,false
40104,2026-04-16 10:15:03+00,polygon-usdc-usdfc,false
40107,2026-04-16 10:20:02+00,base-usdc-usdfc,false
40106,2026-04-16 10:20:02+00,fil-usdfc,false
40105,2026-04-16 10:20:02+00,eth-usdfc,false
40108,2026-04-16 10:20:03+00,polygon-usdc-usdfc,false
40111,2026-04-16 10:25:02+00,base-usdc-usdfc,false
40110,2026-04-16 10:25:02+00,fil-usdfc,false
40109,2026-04-16 10:25:02+00,eth-usdfc,false
40112,2026-04-16 10:25:03+00,polygon-usdc-usdfc,false
40115,2026-04-16 10:30:02+00,base-usdc-usdfc,false
40114,2026-04-16 10:30:02+00,fil-usdfc,false
40113,2026-04-16 10:30:02+00,eth-usdfc,false
40116,2026-04-16 10:30:03+00,polygon-usdc-usdfc,false
40117,2026-04-16 10:35:02+00,eth-usdfc,false
40120,2026-04-16 10:35:03+00,polygon-usdc-usdfc,false
40119,2026-04-16 10:35:03+00,base-usdc-usdfc,false
40118,2026-04-16 10:35:03+00,fil-usdfc,false
40121,2026-04-16 10:40:02+00,eth-usdfc,false
40122,2026-04-16 10:40:03+00,fil-usdfc,false
40123,2026-04-16 10:40:04+00,base-usdc-usdfc,false
40124,2026-04-16 10:40:05+00,polygon-usdc-usdfc,false
40125,2026-04-16 10:45:02+00,eth-usdfc,false
40127,2026-04-16 10:45:03+00,base-usdc-usdfc,false
40126,2026-04-16 10:45:03+00,fil-usdfc,false
40128,2026-04-16 10:45:04+00,polygon-usdc-usdfc,false
40130,2026-04-16 10:50:02+00,fil-usdfc,false
40129,2026-04-16 10:50:02+00,eth-usdfc,false
40132,2026-04-16 10:50:03+00,polygon-usdc-usdfc,false
40131,2026-04-16 10:50:03+00,base-usdc-usdfc,false
40133,2026-04-16 10:55:02+00,eth-usdfc,false
40134,2026-04-16 10:55:03+00,fil-usdfc,false
40136,2026-04-16 10:55:04+00,polygon-usdc-usdfc,false
40135,2026-04-16 10:55:04+00,base-usdc-usdfc,false
40138,2026-04-16 11:00:02+00,fil-usdfc,false
40137,2026-04-16 11:00:02+00,eth-usdfc,false
40140,2026-04-16 11:00:03+00,polygon-usdc-usdfc,false
40139,2026-04-16 11:00:03+00,base-usdc-usdfc,false
40141,2026-04-16 11:05:02+00,eth-usdfc,false
40143,2026-04-16 11:05:03+00,base-usdc-usdfc,false
40142,2026-04-16 11:05:03+00,fil-usdfc,false
40144,2026-04-16 11:05:04+00,polygon-usdc-usdfc,false
40146,2026-04-16 11:10:02+00,fil-usdfc,false
40145,2026-04-16 11:10:02+00,eth-usdfc,false
40148,2026-04-16 11:10:03+00,polygon-usdc-usdfc,false
40147,2026-04-16 11:10:03+00,base-usdc-usdfc,false
40151,2026-04-16 11:15:02+00,base-usdc-usdfc,false
40150,2026-04-16 11:15:02+00,fil-usdfc,false
40149,2026-04-16 11:15:02+00,eth-usdfc,false
40152,2026-04-16 11:15:03+00,polygon-usdc-usdfc,false
40154,2026-04-16 11:20:02+00,fil-usdfc,false
40153,2026-04-16 11:20:02+00,eth-usdfc,false
40156,2026-04-16 11:20:03+00,polygon-usdc-usdfc,false
40155,2026-04-16 11:20:03+00,base-usdc-usdfc,false
40157,2026-04-16 11:25:01+00,eth-usdfc,false
40160,2026-04-16 11:25:02+00,polygon-usdc-usdfc,false
40159,2026-04-16 11:25:02+00,base-usdc-usdfc,false
40158,2026-04-16 11:25:02+00,fil-usdfc,false
40162,2026-04-16 11:30:02+00,fil-usdfc,false
40161,2026-04-16 11:30:02+00,eth-usdfc,false
40164,2026-04-16 11:30:03+00,polygon-usdc-usdfc,false
40163,2026-04-16 11:30:03+00,base-usdc-usdfc,false
40167,2026-04-16 11:35:02+00,base-usdc-usdfc,false
40166,2026-04-16 11:35:02+00,fil-usdfc,false
40165,2026-04-16 11:35:02+00,eth-usdfc,false
40168,2026-04-16 11:35:03+00,polygon-usdc-usdfc,false
40169,2026-04-16 11:40:02+00,eth-usdfc,false
40171,2026-04-16 11:40:06+00,base-usdc-usdfc,false
40170,2026-04-16 11:40:06+00,fil-usdfc,false
40172,2026-04-16 11:40:07+00,polygon-usdc-usdfc,false
40175,2026-04-16 11:45:02+00,base-usdc-usdfc,false
40174,2026-04-16 11:45:02+00,fil-usdfc,false
40173,2026-04-16 11:45:02+00,eth-usdfc,false
40176,2026-04-16 11:45:03+00,polygon-usdc-usdfc,false
40179,2026-04-16 11:50:02+00,base-usdc-usdfc,false
40178,2026-04-16 11:50:02+00,fil-usdfc,false
40177,2026-04-16 11:50:02+00,eth-usdfc,false
40180,2026-04-16 11:50:03+00,polygon-usdc-usdfc,false
40183,2026-04-16 11:55:02+00,base-usdc-usdfc,false
40182,2026-04-16 11:55:02+00,fil-usdfc,false
40181,2026-04-16 11:55:02+00,eth-usdfc,false
40184,2026-04-16 11:55:03+00,polygon-usdc-usdfc,false
40187,2026-04-16 12:00:02+00,base-usdc-usdfc,false
40186,2026-04-16 12:00:02+00,fil-usdfc,false
40185,2026-04-16 12:00:02+00,eth-usdfc,false
40188,2026-04-16 12:00:03+00,polygon-usdc-usdfc,false
40190,2026-04-16 12:05:02+00,fil-usdfc,false
40189,2026-04-16 12:05:02+00,eth-usdfc,false
40192,2026-04-16 12:05:03+00,polygon-usdc-usdfc,false
40191,2026-04-16 12:05:03+00,base-usdc-usdfc,false
40193,2026-04-16 12:10:02+00,eth-usdfc,false
40196,2026-04-16 12:10:03+00,polygon-usdc-usdfc,false
40195,2026-04-16 12:10:03+00,base-usdc-usdfc,false
40194,2026-04-16 12:10:03+00,fil-usdfc,false
40200,2026-04-16 12:15:02+00,polygon-usdc-usdfc,false
40199,2026-04-16 12:15:02+00,base-usdc-usdfc,false
40198,2026-04-16 12:15:02+00,fil-usdfc,false
40197,2026-04-16 12:15:02+00,eth-usdfc,false
40201,2026-04-16 12:20:01+00,eth-usdfc,false
40203,2026-04-16 12:20:02+00,base-usdc-usdfc,false
40202,2026-04-16 12:20:02+00,fil-usdfc,false
40204,2026-04-16 12:20:03+00,polygon-usdc-usdfc,false
40205,2026-04-16 12:25:02+00,eth-usdfc,false
40208,2026-04-16 12:25:03+00,polygon-usdc-usdfc,false
40207,2026-04-16 12:25:03+00,base-usdc-usdfc,false
40206,2026-04-16 12:25:03+00,fil-usdfc,false
40211,2026-04-16 12:30:02+00,base-usdc-usdfc,false
40210,2026-04-16 12:30:02+00,fil-usdfc,false
40209,2026-04-16 12:30:02+00,eth-usdfc,false
40212,2026-04-16 12:30:03+00,polygon-usdc-usdfc,false
40213,2026-04-16 12:35:01+00,eth-usdfc,false
40214,2026-04-16 12:35:02+00,fil-usdfc,false
40215,2026-04-16 12:35:03+00,base-usdc-usdfc,false
40216,2026-04-16 12:35:04+00,polygon-usdc-usdfc,false
40217,2026-04-16 12:40:01+00,eth-usdfc,false
40220,2026-04-16 12:40:02+00,polygon-usdc-usdfc,false
40219,2026-04-16 12:40:02+00,base-usdc-usdfc,false
40218,2026-04-16 12:40:02+00,fil-usdfc,false
40221,2026-04-16 12:45:02+00,eth-usdfc,false
40223,2026-04-16 12:45:05+00,base-usdc-usdfc,false
40222,2026-04-16 12:45:05+00,fil-usdfc,false
40224,2026-04-16 12:45:06+00,polygon-usdc-usdfc,false
40225,2026-04-16 12:50:02+00,eth-usdfc,false
40226,2026-04-16 12:50:07+00,fil-usdfc,false
40228,2026-04-16 12:50:08+00,polygon-usdc-usdfc,false
40227,2026-04-16 12:50:08+00,base-usdc-usdfc,false
40229,2026-04-16 12:55:02+00,eth-usdfc,false
40231,2026-04-16 12:55:03+00,base-usdc-usdfc,false
40230,2026-04-16 12:55:03+00,fil-usdfc,false
40232,2026-04-16 12:55:04+00,polygon-usdc-usdfc,false
40233,2026-04-16 13:00:02+00,eth-usdfc,false
40234,2026-04-16 13:00:04+00,fil-usdfc,false
40236,2026-04-16 13:00:05+00,polygon-usdc-usdfc,false
40235,2026-04-16 13:00:05+00,base-usdc-usdfc,false
40237,2026-04-16 13:05:01+00,eth-usdfc,false
40240,2026-04-16 13:05:02+00,polygon-usdc-usdfc,false
40239,2026-04-16 13:05:02+00,base-usdc-usdfc,false
40238,2026-04-16 13:05:02+00,fil-usdfc,false
40241,2026-04-16 13:10:01+00,eth-usdfc,false
40242,2026-04-16 13:10:03+00,fil-usdfc,false
40244,2026-04-16 13:10:04+00,polygon-usdc-usdfc,false
40243,2026-04-16 13:10:04+00,base-usdc-usdfc,false
40245,2026-04-16 13:15:02+00,eth-usdfc,false
40247,2026-04-16 13:15:07+00,base-usdc-usdfc,false
40246,2026-04-16 13:15:07+00,fil-usdfc,false
40248,2026-04-16 13:15:08+00,polygon-usdc-usdfc,false
40249,2026-04-16 13:20:02+00,eth-usdfc,false
40251,2026-04-16 13:20:03+00,base-usdc-usdfc,false
40250,2026-04-16 13:20:03+00,fil-usdfc,false
40252,2026-04-16 13:20:04+00,polygon-usdc-usdfc,false
40256,2026-04-16 13:25:02+00,polygon-usdc-usdfc,false
40255,2026-04-16 13:25:02+00,base-usdc-usdfc,false
40254,2026-04-16 13:25:02+00,fil-usdfc,false
40253,2026-04-16 13:25:02+00,eth-usdfc,false
40257,2026-04-16 13:30:02+00,eth-usdfc,false
40258,2026-04-16 13:30:06+00,fil-usdfc,false
40259,2026-04-16 13:30:08+00,base-usdc-usdfc,false
40260,2026-04-16 13:30:10+00,polygon-usdc-usdfc,false
40262,2026-04-16 13:35:02+00,fil-usdfc,false
40261,2026-04-16 13:35:02+00,eth-usdfc,false
40264,2026-04-16 13:35:03+00,polygon-usdc-usdfc,false
40263,2026-04-16 13:35:03+00,base-usdc-usdfc,false
40265,2026-04-16 13:40:01+00,eth-usdfc,false
40267,2026-04-16 13:40:07+00,base-usdc-usdfc,false
40266,2026-04-16 13:40:07+00,fil-usdfc,false
40268,2026-04-16 13:40:09+00,polygon-usdc-usdfc,false
40272,2026-04-16 13:45:02+00,polygon-usdc-usdfc,false
40271,2026-04-16 13:45:02+00,base-usdc-usdfc,false
40270,2026-04-16 13:45:02+00,fil-usdfc,false
40269,2026-04-16 13:45:02+00,eth-usdfc,false
40275,2026-04-16 13:50:02+00,base-usdc-usdfc,false
40274,2026-04-16 13:50:02+00,fil-usdfc,false
40273,2026-04-16 13:50:02+00,eth-usdfc,false
40276,2026-04-16 13:50:03+00,polygon-usdc-usdfc,false
40277,2026-04-16 13:55:01+00,eth-usdfc,false
40280,2026-04-16 13:55:02+00,polygon-usdc-usdfc,false
40279,2026-04-16 13:55:02+00,base-usdc-usdfc,false
40278,2026-04-16 13:55:02+00,fil-usdfc,false
40281,2026-04-16 14:00:02+00,eth-usdfc,false
40283,2026-04-16 14:00:03+00,base-usdc-usdfc,false
40282,2026-04-16 14:00:03+00,fil-usdfc,false
40284,2026-04-16 14:00:04+00,polygon-usdc-usdfc,false
40287,2026-04-16 14:05:02+00,base-usdc-usdfc,false
40286,2026-04-16 14:05:02+00,fil-usdfc,false
40285,2026-04-16 14:05:02+00,eth-usdfc,false
40288,2026-04-16 14:05:03+00,polygon-usdc-usdfc,false
40289,2026-04-16 14:10:01+00,eth-usdfc,false
40291,2026-04-16 14:10:02+00,base-usdc-usdfc,false
40290,2026-04-16 14:10:02+00,fil-usdfc,false
40292,2026-04-16 14:10:03+00,polygon-usdc-usdfc,false
40295,2026-04-16 14:15:02+00,base-usdc-usdfc,false
40294,2026-04-16 14:15:02+00,fil-usdfc,false
40293,2026-04-16 14:15:02+00,eth-usdfc,false
40296,2026-04-16 14:15:03+00,polygon-usdc-usdfc,false
40298,2026-04-16 14:20:02+00,fil-usdfc,false
40297,2026-04-16 14:20:02+00,eth-usdfc,false
40300,2026-04-16 14:20:03+00,polygon-usdc-usdfc,false
40299,2026-04-16 14:20:03+00,base-usdc-usdfc,false
40302,2026-04-16 14:25:02+00,fil-usdfc,false
40301,2026-04-16 14:25:02+00,eth-usdfc,false
40304,2026-04-16 14:25:03+00,polygon-usdc-usdfc,false
40303,2026-04-16 14:25:03+00,base-usdc-usdfc,false
40305,2026-04-16 14:30:01+00,eth-usdfc,false
40308,2026-04-16 14:30:02+00,polygon-usdc-usdfc,false
40307,2026-04-16 14:30:02+00,base-usdc-usdfc,false
40306,2026-04-16 14:30:02+00,fil-usdfc,false
40311,2026-04-16 14:35:02+00,base-usdc-usdfc,false
40310,2026-04-16 14:35:02+00,fil-usdfc,false
40309,2026-04-16 14:35:02+00,eth-usdfc,false
40312,2026-04-16 14:35:03+00,polygon-usdc-usdfc,false
40314,2026-04-16 14:40:02+00,fil-usdfc,false
40313,2026-04-16 14:40:02+00,eth-usdfc,false
40315,2026-04-16 14:40:03+00,base-usdc-usdfc,false
40316,2026-04-16 14:40:04+00,polygon-usdc-usdfc,false
40319,2026-04-16 14:45:02+00,base-usdc-usdfc,false
40318,2026-04-16 14:45:02+00,fil-usdfc,false
40317,2026-04-16 14:45:02+00,eth-usdfc,false
40320,2026-04-16 14:45:03+00,polygon-usdc-usdfc,false
40322,2026-04-16 14:50:02+00,fil-usdfc,false
40321,2026-04-16 14:50:02+00,eth-usdfc,false
40324,2026-04-16 14:50:03+00,polygon-usdc-usdfc,false
40323,2026-04-16 14:50:03+00,base-usdc-usdfc,false
40327,2026-04-16 14:55:02+00,base-usdc-usdfc,false
40326,2026-04-16 14:55:02+00,fil-usdfc,false
40325,2026-04-16 14:55:02+00,eth-usdfc,false
40328,2026-04-16 14:55:03+00,polygon-usdc-usdfc,false
40330,2026-04-16 15:00:02+00,fil-usdfc,false
40329,2026-04-16 15:00:02+00,eth-usdfc,false
40331,2026-04-16 15:00:03+00,base-usdc-usdfc,false
40332,2026-04-16 15:00:07+00,polygon-usdc-usdfc,false
40333,2026-04-16 15:05:02+00,eth-usdfc,false
40336,2026-04-16 15:05:03+00,polygon-usdc-usdfc,false
40335,2026-04-16 15:05:03+00,base-usdc-usdfc,false
40334,2026-04-16 15:05:03+00,fil-usdfc,false
40339,2026-04-16 15:10:02+00,base-usdc-usdfc,false
40338,2026-04-16 15:10:02+00,fil-usdfc,false
40337,2026-04-16 15:10:02+00,eth-usdfc,false
40340,2026-04-16 15:10:03+00,polygon-usdc-usdfc,false
40343,2026-04-16 15:15:02+00,base-usdc-usdfc,false
40342,2026-04-16 15:15:02+00,fil-usdfc,false
40341,2026-04-16 15:15:02+00,eth-usdfc,false
40344,2026-04-16 15:15:03+00,polygon-usdc-usdfc,false
40345,2026-04-16 15:20:01+00,eth-usdfc,false
40348,2026-04-16 15:20:02+00,polygon-usdc-usdfc,false
40347,2026-04-16 15:20:02+00,base-usdc-usdfc,false
40346,2026-04-16 15:20:02+00,fil-usdfc,false
40350,2026-04-16 15:25:02+00,fil-usdfc,false
40349,2026-04-16 15:25:02+00,eth-usdfc,false
40352,2026-04-16 15:25:03+00,polygon-usdc-usdfc,false
40351,2026-04-16 15:25:03+00,base-usdc-usdfc,false
40354,2026-04-16 15:30:02+00,fil-usdfc,false
40353,2026-04-16 15:30:02+00,eth-usdfc,false
40356,2026-04-16 15:30:03+00,polygon-usdc-usdfc,false
40355,2026-04-16 15:30:03+00,base-usdc-usdfc,false
40357,2026-04-16 15:35:01+00,eth-usdfc,false
40360,2026-04-16 15:35:02+00,polygon-usdc-usdfc,false
40359,2026-04-16 15:35:02+00,base-usdc-usdfc,false
40358,2026-04-16 15:35:02+00,fil-usdfc,false
40361,2026-04-16 15:40:02+00,eth-usdfc,false
40364,2026-04-16 15:40:03+00,polygon-usdc-usdfc,false
40363,2026-04-16 15:40:03+00,base-usdc-usdfc,false
40362,2026-04-16 15:40:03+00,fil-usdfc,false
40368,2026-04-16 15:45:02+00,polygon-usdc-usdfc,false
40367,2026-04-16 15:45:02+00,base-usdc-usdfc,false
40366,2026-04-16 15:45:02+00,fil-usdfc,false
40365,2026-04-16 15:45:02+00,eth-usdfc,false
40369,2026-04-16 15:50:02+00,eth-usdfc,false
40371,2026-04-16 15:50:25+00,base-usdc-usdfc,false
40370,2026-04-16 15:50:25+00,fil-usdfc,false
40372,2026-04-16 15:50:26+00,polygon-usdc-usdfc,false
40373,2026-04-16 15:55:02+00,eth-usdfc,false
40375,2026-04-16 15:55:05+00,base-usdc-usdfc,false
40374,2026-04-16 15:55:05+00,fil-usdfc,false
40376,2026-04-16 15:55:06+00,polygon-usdc-usdfc,false
40378,2026-04-16 16:00:02+00,fil-usdfc,false
40377,2026-04-16 16:00:02+00,eth-usdfc,false
40380,2026-04-16 16:00:03+00,polygon-usdc-usdfc,false
40379,2026-04-16 16:00:03+00,base-usdc-usdfc,false
40381,2026-04-16 16:05:02+00,eth-usdfc,false
40383,2026-04-16 16:05:03+00,base-usdc-usdfc,false
40382,2026-04-16 16:05:03+00,fil-usdfc,false
40384,2026-04-16 16:05:04+00,polygon-usdc-usdfc,false
40386,2026-04-16 16:10:02+00,fil-usdfc,false
40385,2026-04-16 16:10:02+00,eth-usdfc,false
40388,2026-04-16 16:10:03+00,polygon-usdc-usdfc,false
40387,2026-04-16 16:10:03+00,base-usdc-usdfc,false
40389,2026-04-16 16:15:01+00,eth-usdfc,false
40392,2026-04-16 16:15:02+00,polygon-usdc-usdfc,false
40391,2026-04-16 16:15:02+00,base-usdc-usdfc,false
40390,2026-04-16 16:15:02+00,fil-usdfc,false
40395,2026-04-16 16:20:02+00,base-usdc-usdfc,false
40394,2026-04-16 16:20:02+00,fil-usdfc,false
40393,2026-04-16 16:20:02+00,eth-usdfc,false
40396,2026-04-16 16:20:03+00,polygon-usdc-usdfc,false
40397,2026-04-16 16:25:02+00,eth-usdfc,false
40400,2026-04-16 16:25:03+00,polygon-usdc-usdfc,false
40399,2026-04-16 16:25:03+00,base-usdc-usdfc,false
40398,2026-04-16 16:25:03+00,fil-usdfc,false
40402,2026-04-16 16:30:02+00,fil-usdfc,false
40401,2026-04-16 16:30:02+00,eth-usdfc,false
40403,2026-04-16 16:30:03+00,base-usdc-usdfc,false
40404,2026-04-16 16:30:04+00,polygon-usdc-usdfc,false
40405,2026-04-16 16:35:01+00,eth-usdfc,false
40406,2026-04-16 16:35:02+00,fil-usdfc,false
40408,2026-04-16 16:35:03+00,polygon-usdc-usdfc,false
40407,2026-04-16 16:35:03+00,base-usdc-usdfc,false
40409,2026-04-16 16:40:02+00,eth-usdfc,false
40410,2026-04-16 16:40:07+00,fil-usdfc,false
40412,2026-04-16 16:40:08+00,polygon-usdc-usdfc,false
40411,2026-04-16 16:40:08+00,base-usdc-usdfc,false
40414,2026-04-16 16:45:02+00,fil-usdfc,false
40413,2026-04-16 16:45:02+00,eth-usdfc,false
40416,2026-04-16 16:45:04+00,polygon-usdc-usdfc,false
40415,2026-04-16 16:45:04+00,base-usdc-usdfc,false
40417,2026-04-16 16:50:02+00,eth-usdfc,false
40419,2026-04-16 16:50:03+00,base-usdc-usdfc,false
40418,2026-04-16 16:50:03+00,fil-usdfc,false
40420,2026-04-16 16:50:14+00,polygon-usdc-usdfc,false
40421,2026-04-16 16:55:02+00,eth-usdfc,false
40423,2026-04-16 16:55:27+00,base-usdc-usdfc,false
40422,2026-04-16 16:55:27+00,fil-usdfc,false
40424,2026-04-16 16:55:28+00,polygon-usdc-usdfc,false
40425,2026-04-16 17:00:02+00,eth-usdfc,false
40426,2026-04-16 17:00:06+00,fil-usdfc,false
40428,2026-04-16 17:00:07+00,polygon-usdc-usdfc,false
40427,2026-04-16 17:00:07+00,base-usdc-usdfc,false
40429,2026-04-16 17:05:02+00,eth-usdfc,false
40431,2026-04-16 17:05:03+00,base-usdc-usdfc,false
40430,2026-04-16 17:05:03+00,fil-usdfc,false
40432,2026-04-16 17:05:05+00,polygon-usdc-usdfc,false
40433,2026-04-16 17:10:02+00,eth-usdfc,false
40434,2026-04-16 17:10:12+00,fil-usdfc,false
40436,2026-04-16 17:10:20+00,polygon-usdc-usdfc,false
40435,2026-04-16 17:10:20+00,base-usdc-usdfc,false
40437,2026-04-16 17:15:02+00,eth-usdfc,false
40439,2026-04-16 17:15:04+00,base-usdc-usdfc,false
40438,2026-04-16 17:15:04+00,fil-usdfc,false
40440,2026-04-16 17:15:05+00,polygon-usdc-usdfc,false
40442,2026-04-16 17:20:02+00,fil-usdfc,false
40441,2026-04-16 17:20:02+00,eth-usdfc,false
40443,2026-04-16 17:20:03+00,base-usdc-usdfc,false
40444,2026-04-16 17:20:06+00,polygon-usdc-usdfc,false
40446,2026-04-16 17:25:02+00,fil-usdfc,false
40445,2026-04-16 17:25:02+00,eth-usdfc,false
40448,2026-04-16 17:25:05+00,polygon-usdc-usdfc,false
40447,2026-04-16 17:25:05+00,base-usdc-usdfc,false
40450,2026-04-16 17:30:02+00,fil-usdfc,false
40449,2026-04-16 17:30:02+00,eth-usdfc,false
40452,2026-04-16 17:30:03+00,polygon-usdc-usdfc,false
40451,2026-04-16 17:30:03+00,base-usdc-usdfc,false
40456,2026-04-16 17:35:02+00,polygon-usdc-usdfc,false
40455,2026-04-16 17:35:02+00,base-usdc-usdfc,false
40454,2026-04-16 17:35:02+00,fil-usdfc,false
40453,2026-04-16 17:35:02+00,eth-usdfc,false
40457,2026-04-16 17:40:02+00,eth-usdfc,false
40460,2026-04-16 17:40:07+00,polygon-usdc-usdfc,false
40459,2026-04-16 17:40:07+00,base-usdc-usdfc,false
40458,2026-04-16 17:40:07+00,fil-usdfc,false
40461,2026-04-16 17:45:01+00,eth-usdfc,false
40463,2026-04-16 17:45:07+00,base-usdc-usdfc,false
40462,2026-04-16 17:45:07+00,fil-usdfc,false
40464,2026-04-16 17:45:08+00,polygon-usdc-usdfc,false
40465,2026-04-16 17:50:01+00,eth-usdfc,false
40466,2026-04-16 17:50:02+00,fil-usdfc,false
40468,2026-04-16 17:50:06+00,polygon-usdc-usdfc,false
40467,2026-04-16 17:50:06+00,base-usdc-usdfc,false
40469,2026-04-16 17:55:02+00,eth-usdfc,false
40471,2026-04-16 17:55:05+00,base-usdc-usdfc,false
40470,2026-04-16 17:55:05+00,fil-usdfc,false
40472,2026-04-16 17:55:06+00,polygon-usdc-usdfc,false
40475,2026-04-16 18:00:02+00,base-usdc-usdfc,false
40474,2026-04-16 18:00:02+00,fil-usdfc,false
40473,2026-04-16 18:00:02+00,eth-usdfc,false
40476,2026-04-16 18:00:03+00,polygon-usdc-usdfc,false
40477,2026-04-16 18:05:02+00,eth-usdfc,false
40479,2026-04-16 18:05:03+00,base-usdc-usdfc,false
40478,2026-04-16 18:05:03+00,fil-usdfc,false
40480,2026-04-16 18:05:04+00,polygon-usdc-usdfc,false
40481,2026-04-16 18:10:01+00,eth-usdfc,false
40482,2026-04-16 18:10:04+00,fil-usdfc,false
40484,2026-04-16 18:10:05+00,polygon-usdc-usdfc,false
40483,2026-04-16 18:10:05+00,base-usdc-usdfc,false
40485,2026-04-16 18:15:02+00,eth-usdfc,false
40486,2026-04-16 18:15:08+00,fil-usdfc,false
40487,2026-04-16 18:15:09+00,base-usdc-usdfc,false
40488,2026-04-16 18:15:10+00,polygon-usdc-usdfc,false
40489,2026-04-16 18:20:02+00,eth-usdfc,false
40491,2026-04-16 18:20:23+00,base-usdc-usdfc,false
40490,2026-04-16 18:20:23+00,fil-usdfc,false
40492,2026-04-16 18:20:24+00,polygon-usdc-usdfc,false
40493,2026-04-16 18:25:02+00,eth-usdfc,false
40494,2026-04-16 18:25:04+00,fil-usdfc,false
40495,2026-04-16 18:25:06+00,base-usdc-usdfc,false
40496,2026-04-16 18:25:09+00,polygon-usdc-usdfc,false
40497,2026-04-16 18:30:01+00,eth-usdfc,false
40499,2026-04-16 18:30:12+00,base-usdc-usdfc,false
40498,2026-04-16 18:30:12+00,fil-usdfc,false
40500,2026-04-16 18:30:13+00,polygon-usdc-usdfc,false
40501,2026-04-16 18:35:02+00,eth-usdfc,false
40502,2026-04-16 18:35:03+00,fil-usdfc,false
40503,2026-04-16 18:35:04+00,base-usdc-usdfc,false
40504,2026-04-16 18:35:06+00,polygon-usdc-usdfc,false
40505,2026-04-16 18:40:02+00,eth-usdfc,false
40508,2026-04-16 18:40:03+00,polygon-usdc-usdfc,false
40507,2026-04-16 18:40:03+00,base-usdc-usdfc,false
40506,2026-04-16 18:40:03+00,fil-usdfc,false
40509,2026-04-16 18:45:01+00,eth-usdfc,false
40510,2026-04-16 18:45:02+00,fil-usdfc,false
40512,2026-04-16 18:45:04+00,polygon-usdc-usdfc,false
40511,2026-04-16 18:45:04+00,base-usdc-usdfc,false
40514,2026-04-16 18:50:02+00,fil-usdfc,false
40513,2026-04-16 18:50:02+00,eth-usdfc,false
40515,2026-04-16 18:50:03+00,base-usdc-usdfc,false
40516,2026-04-16 18:50:04+00,polygon-usdc-usdfc,false
40520,2026-04-16 18:55:02+00,polygon-usdc-usdfc,false
40519,2026-04-16 18:55:02+00,base-usdc-usdfc,false
40518,2026-04-16 18:55:02+00,fil-usdfc,false
40517,2026-04-16 18:55:02+00,eth-usdfc,false
40521,2026-04-16 19:00:02+00,eth-usdfc,false
40524,2026-04-16 19:00:03+00,polygon-usdc-usdfc,false
40523,2026-04-16 19:00:03+00,base-usdc-usdfc,false
40522,2026-04-16 19:00:03+00,fil-usdfc,false
40527,2026-04-16 19:05:02+00,base-usdc-usdfc,false
40526,2026-04-16 19:05:02+00,fil-usdfc,false
40525,2026-04-16 19:05:02+00,eth-usdfc,false
40528,2026-04-16 19:05:09+00,polygon-usdc-usdfc,false
40529,2026-04-16 19:10:01+00,eth-usdfc,false
40531,2026-04-16 19:10:03+00,base-usdc-usdfc,false
40530,2026-04-16 19:10:03+00,fil-usdfc,false
40532,2026-04-16 19:10:05+00,polygon-usdc-usdfc,false
40535,2026-04-16 19:15:02+00,base-usdc-usdfc,false
40534,2026-04-16 19:15:02+00,fil-usdfc,false
40533,2026-04-16 19:15:02+00,eth-usdfc,false
40536,2026-04-16 19:15:03+00,polygon-usdc-usdfc,false
40539,2026-04-16 19:20:02+00,base-usdc-usdfc,false
40538,2026-04-16 19:20:02+00,fil-usdfc,false
40537,2026-04-16 19:20:02+00,eth-usdfc,false
40540,2026-04-16 19:20:03+00,polygon-usdc-usdfc,false
40541,2026-04-16 19:25:02+00,eth-usdfc,false
40542,2026-04-16 19:25:10+00,fil-usdfc,false
40543,2026-04-16 19:25:11+00,base-usdc-usdfc,false
40544,2026-04-16 19:25:12+00,polygon-usdc-usdfc,false
40545,2026-04-16 19:30:02+00,eth-usdfc,false
40547,2026-04-16 19:30:10+00,base-usdc-usdfc,false
40546,2026-04-16 19:30:10+00,fil-usdfc,false
40548,2026-04-16 19:30:11+00,polygon-usdc-usdfc,false
40551,2026-04-16 19:35:02+00,base-usdc-usdfc,false
40550,2026-04-16 19:35:02+00,fil-usdfc,false
40549,2026-04-16 19:35:02+00,eth-usdfc,false
40552,2026-04-16 19:35:03+00,polygon-usdc-usdfc,false
40553,2026-04-16 19:40:01+00,eth-usdfc,false
40555,2026-04-16 19:40:07+00,base-usdc-usdfc,false
40554,2026-04-16 19:40:07+00,fil-usdfc,false
40556,2026-04-16 19:40:08+00,polygon-usdc-usdfc,false
40559,2026-04-16 19:45:02+00,base-usdc-usdfc,false
40558,2026-04-16 19:45:02+00,fil-usdfc,false
40557,2026-04-16 19:45:02+00,eth-usdfc,false
40560,2026-04-16 19:45:03+00,polygon-usdc-usdfc,false
40561,2026-04-16 19:50:02+00,eth-usdfc,false
40563,2026-04-16 19:50:03+00,base-usdc-usdfc,false
40562,2026-04-16 19:50:03+00,fil-usdfc,false
40564,2026-04-16 19:50:04+00,polygon-usdc-usdfc,false
40565,2026-04-16 19:55:01+00,eth-usdfc,false
40568,2026-04-16 19:55:02+00,polygon-usdc-usdfc,false
40567,2026-04-16 19:55:02+00,base-usdc-usdfc,false
40566,2026-04-16 19:55:02+00,fil-usdfc,false
40571,2026-04-16 20:00:02+00,base-usdc-usdfc,false
40570,2026-04-16 20:00:02+00,fil-usdfc,false
40569,2026-04-16 20:00:02+00,eth-usdfc,false
40572,2026-04-16 20:00:03+00,polygon-usdc-usdfc,false
40575,2026-04-16 20:05:02+00,base-usdc-usdfc,false
40574,2026-04-16 20:05:02+00,fil-usdfc,false
40573,2026-04-16 20:05:02+00,eth-usdfc,false
40576,2026-04-16 20:05:03+00,polygon-usdc-usdfc,false
40577,2026-04-16 20:10:02+00,eth-usdfc,false
40579,2026-04-16 20:10:04+00,base-usdc-usdfc,false
40578,2026-04-16 20:10:04+00,fil-usdfc,false
40580,2026-04-16 20:10:05+00,polygon-usdc-usdfc,false
40583,2026-04-16 20:15:02+00,base-usdc-usdfc,false
40582,2026-04-16 20:15:02+00,fil-usdfc,false
40581,2026-04-16 20:15:02+00,eth-usdfc,false
40584,2026-04-16 20:15:03+00,polygon-usdc-usdfc,false
40586,2026-04-16 20:20:02+00,fil-usdfc,false
40585,2026-04-16 20:20:02+00,eth-usdfc,false
40587,2026-04-16 20:20:03+00,base-usdc-usdfc,false
40588,2026-04-16 20:20:04+00,polygon-usdc-usdfc,false
40589,2026-04-16 20:25:02+00,eth-usdfc,false
40590,2026-04-16 20:25:03+00,fil-usdfc,false
40591,2026-04-16 20:25:05+00,base-usdc-usdfc,false
40592,2026-04-16 20:25:06+00,polygon-usdc-usdfc,false
40593,2026-04-16 20:30:02+00,eth-usdfc,false
40594,2026-04-16 20:30:07+00,fil-usdfc,false
40595,2026-04-16 20:30:09+00,base-usdc-usdfc,false
40596,2026-04-16 20:30:10+00,polygon-usdc-usdfc,false
40599,2026-04-16 20:35:02+00,base-usdc-usdfc,false
40598,2026-04-16 20:35:02+00,fil-usdfc,false
40597,2026-04-16 20:35:02+00,eth-usdfc,false
40600,2026-04-16 20:35:03+00,polygon-usdc-usdfc,false
40601,2026-04-16 20:40:02+00,eth-usdfc,false
40602,2026-04-16 20:40:03+00,fil-usdfc,false
40603,2026-04-16 20:40:04+00,base-usdc-usdfc,false
40604,2026-04-16 20:40:06+00,polygon-usdc-usdfc,false
40605,2026-04-16 20:45:02+00,eth-usdfc,false
40608,2026-04-16 20:45:03+00,polygon-usdc-usdfc,false
40607,2026-04-16 20:45:03+00,base-usdc-usdfc,false
40606,2026-04-16 20:45:03+00,fil-usdfc,false
40611,2026-04-16 20:50:02+00,base-usdc-usdfc,false
40610,2026-04-16 20:50:02+00,fil-usdfc,false
40609,2026-04-16 20:50:02+00,eth-usdfc,false
40612,2026-04-16 20:50:03+00,polygon-usdc-usdfc,false
40614,2026-04-16 20:55:02+00,fil-usdfc,false
40613,2026-04-16 20:55:02+00,eth-usdfc,false
40616,2026-04-16 20:55:03+00,polygon-usdc-usdfc,false
40615,2026-04-16 20:55:03+00,base-usdc-usdfc,false
40617,2026-04-16 21:00:02+00,eth-usdfc,false
40620,2026-04-16 21:00:03+00,polygon-usdc-usdfc,false
40619,2026-04-16 21:00:03+00,base-usdc-usdfc,false
40618,2026-04-16 21:00:03+00,fil-usdfc,false
40623,2026-04-16 21:05:02+00,base-usdc-usdfc,false
40622,2026-04-16 21:05:02+00,fil-usdfc,false
40621,2026-04-16 21:05:02+00,eth-usdfc,false
40624,2026-04-16 21:05:03+00,polygon-usdc-usdfc,false
40628,2026-04-16 21:10:02+00,polygon-usdc-usdfc,false
40627,2026-04-16 21:10:02+00,base-usdc-usdfc,false
40626,2026-04-16 21:10:02+00,fil-usdfc,false
40625,2026-04-16 21:10:02+00,eth-usdfc,false
40631,2026-04-16 21:15:02+00,base-usdc-usdfc,false
40630,2026-04-16 21:15:02+00,fil-usdfc,false
40629,2026-04-16 21:15:02+00,eth-usdfc,false
40632,2026-04-16 21:15:03+00,polygon-usdc-usdfc,false
40635,2026-04-16 21:20:02+00,base-usdc-usdfc,false
40634,2026-04-16 21:20:02+00,fil-usdfc,false
40633,2026-04-16 21:20:02+00,eth-usdfc,false
40636,2026-04-16 21:20:03+00,polygon-usdc-usdfc,false
40640,2026-04-16 21:25:02+00,polygon-usdc-usdfc,false
40639,2026-04-16 21:25:02+00,base-usdc-usdfc,false
40638,2026-04-16 21:25:02+00,fil-usdfc,false
40637,2026-04-16 21:25:02+00,eth-usdfc,false
40644,2026-04-16 21:30:02+00,polygon-usdc-usdfc,false
40643,2026-04-16 21:30:02+00,base-usdc-usdfc,false
40642,2026-04-16 21:30:02+00,fil-usdfc,false
40641,2026-04-16 21:30:02+00,eth-usdfc,false
40645,2026-04-16 21:35:01+00,eth-usdfc,false
40648,2026-04-16 21:35:02+00,polygon-usdc-usdfc,false
40647,2026-04-16 21:35:02+00,base-usdc-usdfc,false
40646,2026-04-16 21:35:02+00,fil-usdfc,false
40650,2026-04-16 21:40:02+00,fil-usdfc,false
40649,2026-04-16 21:40:02+00,eth-usdfc,false
40652,2026-04-16 21:40:03+00,polygon-usdc-usdfc,false
40651,2026-04-16 21:40:03+00,base-usdc-usdfc,false
40655,2026-04-16 21:45:02+00,base-usdc-usdfc,false
40654,2026-04-16 21:45:02+00,fil-usdfc,false
40653,2026-04-16 21:45:02+00,eth-usdfc,false
40656,2026-04-16 21:45:03+00,polygon-usdc-usdfc,false
40659,2026-04-16 21:50:02+00,base-usdc-usdfc,false
40658,2026-04-16 21:50:02+00,fil-usdfc,false
40657,2026-04-16 21:50:02+00,eth-usdfc,false
40660,2026-04-16 21:50:03+00,polygon-usdc-usdfc,false
40661,2026-04-16 21:55:02+00,eth-usdfc,false
40664,2026-04-16 21:55:03+00,polygon-usdc-usdfc,false
40663,2026-04-16 21:55:03+00,base-usdc-usdfc,false
40662,2026-04-16 21:55:03+00,fil-usdfc,false
40665,2026-04-16 22:00:01+00,eth-usdfc,false
40668,2026-04-16 22:00:02+00,polygon-usdc-usdfc,false
40667,2026-04-16 22:00:02+00,base-usdc-usdfc,false
40666,2026-04-16 22:00:02+00,fil-usdfc,false
40671,2026-04-16 22:05:02+00,base-usdc-usdfc,false
40670,2026-04-16 22:05:02+00,fil-usdfc,false
40669,2026-04-16 22:05:02+00,eth-usdfc,false
40672,2026-04-16 22:05:03+00,polygon-usdc-usdfc,false
40675,2026-04-16 22:10:02+00,base-usdc-usdfc,false
40674,2026-04-16 22:10:02+00,fil-usdfc,false
40673,2026-04-16 22:10:02+00,eth-usdfc,false
40676,2026-04-16 22:10:03+00,polygon-usdc-usdfc,false
40678,2026-04-16 22:15:02+00,fil-usdfc,false
40677,2026-04-16 22:15:02+00,eth-usdfc,false
40680,2026-04-16 22:15:03+00,polygon-usdc-usdfc,false
40679,2026-04-16 22:15:03+00,base-usdc-usdfc,false
40681,2026-04-16 22:20:02+00,eth-usdfc,false
40684,2026-04-16 22:20:03+00,polygon-usdc-usdfc,false
40683,2026-04-16 22:20:03+00,base-usdc-usdfc,false
40682,2026-04-16 22:20:03+00,fil-usdfc,false
40688,2026-04-16 22:25:02+00,polygon-usdc-usdfc,false
40687,2026-04-16 22:25:02+00,base-usdc-usdfc,false
40686,2026-04-16 22:25:02+00,fil-usdfc,false
40685,2026-04-16 22:25:02+00,eth-usdfc,false
40690,2026-04-16 22:30:02+00,fil-usdfc,false
40689,2026-04-16 22:30:02+00,eth-usdfc,false
40692,2026-04-16 22:30:03+00,polygon-usdc-usdfc,false
40691,2026-04-16 22:30:03+00,base-usdc-usdfc,false
40693,2026-04-16 22:35:01+00,eth-usdfc,false
40696,2026-04-16 22:35:02+00,polygon-usdc-usdfc,false
40695,2026-04-16 22:35:02+00,base-usdc-usdfc,false
40694,2026-04-16 22:35:02+00,fil-usdfc,false
40698,2026-04-16 22:40:02+00,fil-usdfc,false
40697,2026-04-16 22:40:02+00,eth-usdfc,false
40700,2026-04-16 22:40:03+00,polygon-usdc-usdfc,false
40699,2026-04-16 22:40:03+00,base-usdc-usdfc,false
40701,2026-04-16 22:45:01+00,eth-usdfc,false
40703,2026-04-16 22:45:02+00,base-usdc-usdfc,false
40702,2026-04-16 22:45:02+00,fil-usdfc,false
40704,2026-04-16 22:45:03+00,polygon-usdc-usdfc,false
40707,2026-04-16 22:50:02+00,base-usdc-usdfc,false
40706,2026-04-16 22:50:02+00,fil-usdfc,false
40705,2026-04-16 22:50:02+00,eth-usdfc,false
40708,2026-04-16 22:50:03+00,polygon-usdc-usdfc,false
40709,2026-04-16 22:55:02+00,eth-usdfc,false
40712,2026-04-16 22:55:03+00,polygon-usdc-usdfc,false
40711,2026-04-16 22:55:03+00,base-usdc-usdfc,false
40710,2026-04-16 22:55:03+00,fil-usdfc,false
40713,2026-04-16 23:00:02+00,eth-usdfc,false
40715,2026-04-16 23:00:16+00,base-usdc-usdfc,false
40714,2026-04-16 23:00:16+00,fil-usdfc,false
40716,2026-04-16 23:00:17+00,polygon-usdc-usdfc,false
40717,2026-04-16 23:05:02+00,eth-usdfc,false
40719,2026-04-16 23:05:20+00,base-usdc-usdfc,false
40718,2026-04-16 23:05:20+00,fil-usdfc,false
40720,2026-04-16 23:05:21+00,polygon-usdc-usdfc,false
40724,2026-04-16 23:10:02+00,polygon-usdc-usdfc,false
40723,2026-04-16 23:10:02+00,base-usdc-usdfc,false
40722,2026-04-16 23:10:02+00,fil-usdfc,false
40721,2026-04-16 23:10:02+00,eth-usdfc,false
40728,2026-04-16 23:15:02+00,polygon-usdc-usdfc,false
40727,2026-04-16 23:15:02+00,base-usdc-usdfc,false
40726,2026-04-16 23:15:02+00,fil-usdfc,false
40725,2026-04-16 23:15:02+00,eth-usdfc,false
40732,2026-04-16 23:20:02+00,polygon-usdc-usdfc,false
40731,2026-04-16 23:20:02+00,base-usdc-usdfc,false
40730,2026-04-16 23:20:02+00,fil-usdfc,false
40729,2026-04-16 23:20:02+00,eth-usdfc,false
40734,2026-04-16 23:25:02+00,fil-usdfc,false
40733,2026-04-16 23:25:02+00,eth-usdfc,false
40736,2026-04-16 23:25:03+00,polygon-usdc-usdfc,false
40735,2026-04-16 23:25:03+00,base-usdc-usdfc,false
40739,2026-04-16 23:30:02+00,base-usdc-usdfc,false
40738,2026-04-16 23:30:02+00,fil-usdfc,false
40737,2026-04-16 23:30:02+00,eth-usdfc,false
40740,2026-04-16 23:30:03+00,polygon-usdc-usdfc,false
40743,2026-04-16 23:35:02+00,base-usdc-usdfc,false
40742,2026-04-16 23:35:02+00,fil-usdfc,false
40741,2026-04-16 23:35:02+00,eth-usdfc,false
40744,2026-04-16 23:35:03+00,polygon-usdc-usdfc,false
40746,2026-04-16 23:40:02+00,fil-usdfc,false
40745,2026-04-16 23:40:02+00,eth-usdfc,false
40748,2026-04-16 23:40:03+00,polygon-usdc-usdfc,false
40747,2026-04-16 23:40:03+00,base-usdc-usdfc,false
40751,2026-04-16 23:45:02+00,base-usdc-usdfc,false
40750,2026-04-16 23:45:02+00,fil-usdfc,false
40749,2026-04-16 23:45:02+00,eth-usdfc,false
40752,2026-04-16 23:45:03+00,polygon-usdc-usdfc,false
40753,2026-04-16 23:50:02+00,eth-usdfc,false
40756,2026-04-16 23:50:03+00,polygon-usdc-usdfc,false
40755,2026-04-16 23:50:03+00,base-usdc-usdfc,false
40754,2026-04-16 23:50:03+00,fil-usdfc,false
40758,2026-04-16 23:55:02+00,fil-usdfc,false
40757,2026-04-16 23:55:02+00,eth-usdfc,false
40760,2026-04-16 23:55:03+00,polygon-usdc-usdfc,false
40759,2026-04-16 23:55:03+00,base-usdc-usdfc,false
40761,2026-04-17 00:00:02+00,eth-usdfc,false
40764,2026-04-17 00:00:03+00,polygon-usdc-usdfc,false
40763,2026-04-17 00:00:03+00,base-usdc-usdfc,false
40762,2026-04-17 00:00:03+00,fil-usdfc,false
40765,2026-04-17 00:05:02+00,eth-usdfc,false
40768,2026-04-17 00:05:03+00,polygon-usdc-usdfc,false
40767,2026-04-17 00:05:03+00,base-usdc-usdfc,false
40766,2026-04-17 00:05:03+00,fil-usdfc,false
40770,2026-04-17 00:10:02+00,fil-usdfc,false
40769,2026-04-17 00:10:02+00,eth-usdfc,false
40772,2026-04-17 00:10:03+00,polygon-usdc-usdfc,false
40771,2026-04-17 00:10:03+00,base-usdc-usdfc,false
40773,2026-04-17 00:15:01+00,eth-usdfc,false
40775,2026-04-17 00:15:02+00,base-usdc-usdfc,false
40774,2026-04-17 00:15:02+00,fil-usdfc,false
40776,2026-04-17 00:15:03+00,polygon-usdc-usdfc,false
40777,2026-04-17 00:20:01+00,eth-usdfc,false
40779,2026-04-17 00:20:02+00,base-usdc-usdfc,false
40778,2026-04-17 00:20:02+00,fil-usdfc,false
40780,2026-04-17 00:20:03+00,polygon-usdc-usdfc,false
40781,2026-04-17 00:25:01+00,eth-usdfc,false
40783,2026-04-17 00:25:03+00,base-usdc-usdfc,false
40782,2026-04-17 00:25:03+00,fil-usdfc,false
40784,2026-04-17 00:25:04+00,polygon-usdc-usdfc,false
40786,2026-04-17 00:30:02+00,fil-usdfc,false
40785,2026-04-17 00:30:02+00,eth-usdfc,false
40788,2026-04-17 00:30:03+00,polygon-usdc-usdfc,false
40787,2026-04-17 00:30:03+00,base-usdc-usdfc,false
40791,2026-04-17 00:35:02+00,base-usdc-usdfc,false
40790,2026-04-17 00:35:02+00,fil-usdfc,false
40789,2026-04-17 00:35:02+00,eth-usdfc,false
40792,2026-04-17 00:35:03+00,polygon-usdc-usdfc,false
40795,2026-04-17 00:40:02+00,base-usdc-usdfc,false
40794,2026-04-17 00:40:02+00,fil-usdfc,false
40793,2026-04-17 00:40:02+00,eth-usdfc,false
40796,2026-04-17 00:40:03+00,polygon-usdc-usdfc,false
40797,2026-04-17 00:45:02+00,eth-usdfc,false
40799,2026-04-17 00:45:10+00,base-usdc-usdfc,false
40798,2026-04-17 00:45:10+00,fil-usdfc,false
40800,2026-04-17 00:45:11+00,polygon-usdc-usdfc,false
40802,2026-04-17 00:50:02+00,fil-usdfc,false
40801,2026-04-17 00:50:02+00,eth-usdfc,false
40803,2026-04-17 00:50:03+00,base-usdc-usdfc,false
40804,2026-04-17 00:50:04+00,polygon-usdc-usdfc,false
40805,2026-04-17 00:55:01+00,eth-usdfc,false
40808,2026-04-17 00:55:02+00,polygon-usdc-usdfc,false
40807,2026-04-17 00:55:02+00,base-usdc-usdfc,false
40806,2026-04-17 00:55:02+00,fil-usdfc,false
40810,2026-04-17 01:00:02+00,fil-usdfc,false
40809,2026-04-17 01:00:02+00,eth-usdfc,false
40812,2026-04-17 01:00:03+00,polygon-usdc-usdfc,false
40811,2026-04-17 01:00:03+00,base-usdc-usdfc,false
40813,2026-04-17 01:05:02+00,eth-usdfc,false
40815,2026-04-17 01:05:05+00,base-usdc-usdfc,false
40814,2026-04-17 01:05:05+00,fil-usdfc,false
40816,2026-04-17 01:05:06+00,polygon-usdc-usdfc,false
40819,2026-04-17 01:10:02+00,base-usdc-usdfc,false
40818,2026-04-17 01:10:02+00,fil-usdfc,false
40817,2026-04-17 01:10:02+00,eth-usdfc,false
40820,2026-04-17 01:10:03+00,polygon-usdc-usdfc,false
40823,2026-04-17 01:15:02+00,base-usdc-usdfc,false
40822,2026-04-17 01:15:02+00,fil-usdfc,false
40821,2026-04-17 01:15:02+00,eth-usdfc,false
40824,2026-04-17 01:15:03+00,polygon-usdc-usdfc,false
40827,2026-04-17 01:20:02+00,base-usdc-usdfc,false
40826,2026-04-17 01:20:02+00,fil-usdfc,false
40825,2026-04-17 01:20:02+00,eth-usdfc,false
40828,2026-04-17 01:20:03+00,polygon-usdc-usdfc,false
40829,2026-04-17 01:25:02+00,eth-usdfc,false
40831,2026-04-17 01:25:03+00,base-usdc-usdfc,false
40830,2026-04-17 01:25:03+00,fil-usdfc,false
40832,2026-04-17 01:25:04+00,polygon-usdc-usdfc,false
40835,2026-04-17 01:30:02+00,base-usdc-usdfc,false
40834,2026-04-17 01:30:02+00,fil-usdfc,false
40833,2026-04-17 01:30:02+00,eth-usdfc,false
40836,2026-04-17 01:30:03+00,polygon-usdc-usdfc,false
40839,2026-04-17 01:35:02+00,base-usdc-usdfc,false
40838,2026-04-17 01:35:02+00,fil-usdfc,false
40837,2026-04-17 01:35:02+00,eth-usdfc,false
40840,2026-04-17 01:35:03+00,polygon-usdc-usdfc,false
40843,2026-04-17 01:40:02+00,base-usdc-usdfc,false
40842,2026-04-17 01:40:02+00,fil-usdfc,false
40841,2026-04-17 01:40:02+00,eth-usdfc,false
40844,2026-04-17 01:40:03+00,polygon-usdc-usdfc,false
40845,2026-04-17 01:45:01+00,eth-usdfc,false
40848,2026-04-17 01:45:02+00,polygon-usdc-usdfc,false
40847,2026-04-17 01:45:02+00,base-usdc-usdfc,false
40846,2026-04-17 01:45:02+00,fil-usdfc,false
40851,2026-04-17 01:50:02+00,base-usdc-usdfc,false
40850,2026-04-17 01:50:02+00,fil-usdfc,false
40849,2026-04-17 01:50:02+00,eth-usdfc,false
40852,2026-04-17 01:50:03+00,polygon-usdc-usdfc,false
40855,2026-04-17 01:55:02+00,base-usdc-usdfc,false
40854,2026-04-17 01:55:02+00,fil-usdfc,false
40853,2026-04-17 01:55:02+00,eth-usdfc,false
40856,2026-04-17 01:55:03+00,polygon-usdc-usdfc,false
40859,2026-04-17 02:00:02+00,base-usdc-usdfc,false
40858,2026-04-17 02:00:02+00,fil-usdfc,false
40857,2026-04-17 02:00:02+00,eth-usdfc,false
40860,2026-04-17 02:00:03+00,polygon-usdc-usdfc,false
40862,2026-04-17 02:05:02+00,fil-usdfc,false
40861,2026-04-17 02:05:02+00,eth-usdfc,false
40864,2026-04-17 02:05:03+00,polygon-usdc-usdfc,false
40863,2026-04-17 02:05:03+00,base-usdc-usdfc,false
40866,2026-04-17 02:10:02+00,fil-usdfc,false
40865,2026-04-17 02:10:02+00,eth-usdfc,false
40868,2026-04-17 02:10:03+00,polygon-usdc-usdfc,false
40867,2026-04-17 02:10:03+00,base-usdc-usdfc,false
40872,2026-04-17 02:15:02+00,polygon-usdc-usdfc,false
40871,2026-04-17 02:15:02+00,base-usdc-usdfc,false
40870,2026-04-17 02:15:02+00,fil-usdfc,false
40869,2026-04-17 02:15:02+00,eth-usdfc,false
40873,2026-04-17 02:20:01+00,eth-usdfc,false
40876,2026-04-17 02:20:02+00,polygon-usdc-usdfc,false
40875,2026-04-17 02:20:02+00,base-usdc-usdfc,false
40874,2026-04-17 02:20:02+00,fil-usdfc,false
40877,2026-04-17 02:25:01+00,eth-usdfc,false
40879,2026-04-17 02:25:02+00,base-usdc-usdfc,false
40878,2026-04-17 02:25:02+00,fil-usdfc,false
40880,2026-04-17 02:25:03+00,polygon-usdc-usdfc,false
40884,2026-04-17 02:30:02+00,polygon-usdc-usdfc,false
40883,2026-04-17 02:30:02+00,base-usdc-usdfc,false
40882,2026-04-17 02:30:02+00,fil-usdfc,false
40881,2026-04-17 02:30:02+00,eth-usdfc,false
40888,2026-04-17 02:35:02+00,polygon-usdc-usdfc,false
40887,2026-04-17 02:35:02+00,base-usdc-usdfc,false
40886,2026-04-17 02:35:02+00,fil-usdfc,false
40885,2026-04-17 02:35:02+00,eth-usdfc,false
40891,2026-04-17 02:40:02+00,base-usdc-usdfc,false
40890,2026-04-17 02:40:02+00,fil-usdfc,false
40889,2026-04-17 02:40:02+00,eth-usdfc,false
40892,2026-04-17 02:40:03+00,polygon-usdc-usdfc,false
40895,2026-04-17 02:45:02+00,base-usdc-usdfc,false
40894,2026-04-17 02:45:02+00,fil-usdfc,false
40893,2026-04-17 02:45:02+00,eth-usdfc,false
40896,2026-04-17 02:45:03+00,polygon-usdc-usdfc,false
40897,2026-04-17 02:50:02+00,eth-usdfc,false
40900,2026-04-17 02:50:04+00,polygon-usdc-usdfc,false
40899,2026-04-17 02:50:04+00,base-usdc-usdfc,false
40898,2026-04-17 02:50:04+00,fil-usdfc,false
40903,2026-04-17 02:55:02+00,base-usdc-usdfc,false
40902,2026-04-17 02:55:02+00,fil-usdfc,false
40901,2026-04-17 02:55:02+00,eth-usdfc,false
40904,2026-04-17 02:55:03+00,polygon-usdc-usdfc,false
40905,2026-04-17 03:00:02+00,eth-usdfc,false
40908,2026-04-17 03:00:03+00,polygon-usdc-usdfc,false
40907,2026-04-17 03:00:03+00,base-usdc-usdfc,false
40906,2026-04-17 03:00:03+00,fil-usdfc,false
40909,2026-04-17 03:05:01+00,eth-usdfc,false
40912,2026-04-17 03:05:02+00,polygon-usdc-usdfc,false
40911,2026-04-17 03:05:02+00,base-usdc-usdfc,false
40910,2026-04-17 03:05:02+00,fil-usdfc,false
40914,2026-04-17 03:10:02+00,fil-usdfc,false
40913,2026-04-17 03:10:02+00,eth-usdfc,false
40916,2026-04-17 03:10:03+00,polygon-usdc-usdfc,false
40915,2026-04-17 03:10:03+00,base-usdc-usdfc,false
40918,2026-04-17 03:15:02+00,fil-usdfc,false
40917,2026-04-17 03:15:02+00,eth-usdfc,false
40919,2026-04-17 03:15:03+00,base-usdc-usdfc,false
40920,2026-04-17 03:15:05+00,polygon-usdc-usdfc,false
40924,2026-04-17 03:20:02+00,polygon-usdc-usdfc,false
40923,2026-04-17 03:20:02+00,base-usdc-usdfc,false
40922,2026-04-17 03:20:02+00,fil-usdfc,false
40921,2026-04-17 03:20:02+00,eth-usdfc,false
40926,2026-04-17 03:25:02+00,fil-usdfc,false
40925,2026-04-17 03:25:02+00,eth-usdfc,false
40928,2026-04-17 03:25:03+00,polygon-usdc-usdfc,false
40927,2026-04-17 03:25:03+00,base-usdc-usdfc,false
40930,2026-04-17 03:30:02+00,fil-usdfc,false
40929,2026-04-17 03:30:02+00,eth-usdfc,false
40932,2026-04-17 03:30:03+00,polygon-usdc-usdfc,false
40931,2026-04-17 03:30:03+00,base-usdc-usdfc,false
40935,2026-04-17 03:35:02+00,base-usdc-usdfc,false
40934,2026-04-17 03:35:02+00,fil-usdfc,false
40933,2026-04-17 03:35:02+00,eth-usdfc,false
40936,2026-04-17 03:35:03+00,polygon-usdc-usdfc,false
40938,2026-04-17 03:40:02+00,fil-usdfc,false
40937,2026-04-17 03:40:02+00,eth-usdfc,false
40940,2026-04-17 03:40:03+00,polygon-usdc-usdfc,false
40939,2026-04-17 03:40:03+00,base-usdc-usdfc,false
40941,2026-04-17 03:45:01+00,eth-usdfc,false
40944,2026-04-17 03:45:02+00,polygon-usdc-usdfc,false
40943,2026-04-17 03:45:02+00,base-usdc-usdfc,false
40942,2026-04-17 03:45:02+00,fil-usdfc,false
40946,2026-04-17 03:50:02+00,fil-usdfc,false
40945,2026-04-17 03:50:02+00,eth-usdfc,false
40948,2026-04-17 03:50:03+00,polygon-usdc-usdfc,false
40947,2026-04-17 03:50:03+00,base-usdc-usdfc,false
40952,2026-04-17 03:55:02+00,polygon-usdc-usdfc,false
40951,2026-04-17 03:55:02+00,base-usdc-usdfc,false
40950,2026-04-17 03:55:02+00,fil-usdfc,false
40949,2026-04-17 03:55:02+00,eth-usdfc,false
40953,2026-04-17 04:00:02+00,eth-usdfc,false
40954,2026-04-17 04:00:03+00,fil-usdfc,false
40956,2026-04-17 04:00:04+00,polygon-usdc-usdfc,false
40955,2026-04-17 04:00:04+00,base-usdc-usdfc,false
40957,2026-04-17 04:05:02+00,eth-usdfc,false
40960,2026-04-17 04:05:03+00,polygon-usdc-usdfc,false
40959,2026-04-17 04:05:03+00,base-usdc-usdfc,false
40958,2026-04-17 04:05:03+00,fil-usdfc,false
40961,2026-04-17 04:10:01+00,eth-usdfc,false
40962,2026-04-17 04:10:02+00,fil-usdfc,false
40963,2026-04-17 04:10:03+00,base-usdc-usdfc,false
40964,2026-04-17 04:10:04+00,polygon-usdc-usdfc,false
40967,2026-04-17 04:15:02+00,base-usdc-usdfc,false
40966,2026-04-17 04:15:02+00,fil-usdfc,false
40965,2026-04-17 04:15:02+00,eth-usdfc,false
40968,2026-04-17 04:15:03+00,polygon-usdc-usdfc,false
40969,2026-04-17 04:20:02+00,eth-usdfc,false
40972,2026-04-17 04:20:03+00,polygon-usdc-usdfc,false
40971,2026-04-17 04:20:03+00,base-usdc-usdfc,false
40970,2026-04-17 04:20:03+00,fil-usdfc,false
40973,2026-04-17 04:25:01+00,eth-usdfc,false
40976,2026-04-17 04:25:03+00,polygon-usdc-usdfc,false
40975,2026-04-17 04:25:03+00,base-usdc-usdfc,false
40974,2026-04-17 04:25:03+00,fil-usdfc,false
40978,2026-04-17 04:30:02+00,fil-usdfc,false
40977,2026-04-17 04:30:02+00,eth-usdfc,false
40980,2026-04-17 04:30:03+00,polygon-usdc-usdfc,false
40979,2026-04-17 04:30:03+00,base-usdc-usdfc,false
40982,2026-04-17 04:35:02+00,fil-usdfc,false
40981,2026-04-17 04:35:02+00,eth-usdfc,false
40984,2026-04-17 04:35:03+00,polygon-usdc-usdfc,false
40983,2026-04-17 04:35:03+00,base-usdc-usdfc,false
40985,2026-04-17 04:40:01+00,eth-usdfc,false
40988,2026-04-17 04:40:02+00,polygon-usdc-usdfc,false
40987,2026-04-17 04:40:02+00,base-usdc-usdfc,false
40986,2026-04-17 04:40:02+00,fil-usdfc,false
40989,2026-04-17 04:45:02+00,eth-usdfc,false
40992,2026-04-17 04:45:03+00,polygon-usdc-usdfc,false
40991,2026-04-17 04:45:03+00,base-usdc-usdfc,false
40990,2026-04-17 04:45:03+00,fil-usdfc,false
40995,2026-04-17 04:50:02+00,base-usdc-usdfc,false
40994,2026-04-17 04:50:02+00,fil-usdfc,false
40993,2026-04-17 04:50:02+00,eth-usdfc,false
40996,2026-04-17 04:50:03+00,polygon-usdc-usdfc,false
40999,2026-04-17 04:55:02+00,base-usdc-usdfc,false
40998,2026-04-17 04:55:02+00,fil-usdfc,false
40997,2026-04-17 04:55:02+00,eth-usdfc,false
41000,2026-04-17 04:55:03+00,polygon-usdc-usdfc,false
41001,2026-04-17 05:00:02+00,eth-usdfc,false
41004,2026-04-17 05:00:03+00,polygon-usdc-usdfc,false
41003,2026-04-17 05:00:03+00,base-usdc-usdfc,false
41002,2026-04-17 05:00:03+00,fil-usdfc,false
41005,2026-04-17 05:05:02+00,eth-usdfc,false
41007,2026-04-17 05:05:03+00,base-usdc-usdfc,false
41006,2026-04-17 05:05:03+00,fil-usdfc,false
41008,2026-04-17 05:05:04+00,polygon-usdc-usdfc,false
41011,2026-04-17 05:10:02+00,base-usdc-usdfc,false
41010,2026-04-17 05:10:02+00,fil-usdfc,false
41009,2026-04-17 05:10:02+00,eth-usdfc,false
41012,2026-04-17 05:10:03+00,polygon-usdc-usdfc,false
41014,2026-04-17 05:15:02+00,fil-usdfc,false
41013,2026-04-17 05:15:02+00,eth-usdfc,false
41016,2026-04-17 05:15:03+00,polygon-usdc-usdfc,false
41015,2026-04-17 05:15:03+00,base-usdc-usdfc,false
41019,2026-04-17 05:20:02+00,base-usdc-usdfc,false
41018,2026-04-17 05:20:02+00,fil-usdfc,false
41017,2026-04-17 05:20:02+00,eth-usdfc,false
41020,2026-04-17 05:20:03+00,polygon-usdc-usdfc,false
41022,2026-04-17 05:25:02+00,fil-usdfc,false
41021,2026-04-17 05:25:02+00,eth-usdfc,false
41024,2026-04-17 05:25:03+00,polygon-usdc-usdfc,false
41023,2026-04-17 05:25:03+00,base-usdc-usdfc,false
41028,2026-04-17 05:30:02+00,polygon-usdc-usdfc,false
41027,2026-04-17 05:30:02+00,base-usdc-usdfc,false
41026,2026-04-17 05:30:02+00,fil-usdfc,false
41025,2026-04-17 05:30:02+00,eth-usdfc,false
41031,2026-04-17 05:35:02+00,base-usdc-usdfc,false
41030,2026-04-17 05:35:02+00,fil-usdfc,false
41029,2026-04-17 05:35:02+00,eth-usdfc,false
41032,2026-04-17 05:35:03+00,polygon-usdc-usdfc,false
41033,2026-04-17 05:40:02+00,eth-usdfc,false
41036,2026-04-17 05:40:03+00,polygon-usdc-usdfc,false
41035,2026-04-17 05:40:03+00,base-usdc-usdfc,false
41034,2026-04-17 05:40:03+00,fil-usdfc,false
41038,2026-04-17 05:45:02+00,fil-usdfc,false
41037,2026-04-17 05:45:02+00,eth-usdfc,false
41040,2026-04-17 05:45:03+00,polygon-usdc-usdfc,false
41039,2026-04-17 05:45:03+00,base-usdc-usdfc,false
41043,2026-04-17 05:50:02+00,base-usdc-usdfc,false
41042,2026-04-17 05:50:02+00,fil-usdfc,false
41041,2026-04-17 05:50:02+00,eth-usdfc,false
41044,2026-04-17 05:50:03+00,polygon-usdc-usdfc,false
41047,2026-04-17 05:55:02+00,base-usdc-usdfc,false
41046,2026-04-17 05:55:02+00,fil-usdfc,false
41045,2026-04-17 05:55:02+00,eth-usdfc,false
41048,2026-04-17 05:55:03+00,polygon-usdc-usdfc,false
41049,2026-04-17 06:00:01+00,eth-usdfc,false
41051,2026-04-17 06:00:02+00,base-usdc-usdfc,false
41050,2026-04-17 06:00:02+00,fil-usdfc,false
41052,2026-04-17 06:00:03+00,polygon-usdc-usdfc,false
41056,2026-04-17 06:05:02+00,polygon-usdc-usdfc,false
41055,2026-04-17 06:05:02+00,base-usdc-usdfc,false
41054,2026-04-17 06:05:02+00,fil-usdfc,false
41053,2026-04-17 06:05:02+00,eth-usdfc,false
41058,2026-04-17 06:10:02+00,fil-usdfc,false
41057,2026-04-17 06:10:02+00,eth-usdfc,false
41060,2026-04-17 06:10:03+00,polygon-usdc-usdfc,false
41059,2026-04-17 06:10:03+00,base-usdc-usdfc,false
41064,2026-04-17 06:15:02+00,polygon-usdc-usdfc,false
41063,2026-04-17 06:15:02+00,base-usdc-usdfc,false
41062,2026-04-17 06:15:02+00,fil-usdfc,false
41061,2026-04-17 06:15:02+00,eth-usdfc,false
41067,2026-04-17 06:20:02+00,base-usdc-usdfc,false
41066,2026-04-17 06:20:02+00,fil-usdfc,false
41065,2026-04-17 06:20:02+00,eth-usdfc,false
41068,2026-04-17 06:20:03+00,polygon-usdc-usdfc,false
41069,2026-04-17 06:25:01+00,eth-usdfc,false
41072,2026-04-17 06:25:02+00,polygon-usdc-usdfc,false
41071,2026-04-17 06:25:02+00,base-usdc-usdfc,false
41070,2026-04-17 06:25:02+00,fil-usdfc,false
41075,2026-04-17 06:30:02+00,base-usdc-usdfc,false
41074,2026-04-17 06:30:02+00,fil-usdfc,false
41073,2026-04-17 06:30:02+00,eth-usdfc,false
41076,2026-04-17 06:30:03+00,polygon-usdc-usdfc,false
41079,2026-04-17 06:35:02+00,base-usdc-usdfc,false
41078,2026-04-17 06:35:02+00,fil-usdfc,false
41077,2026-04-17 06:35:02+00,eth-usdfc,false
41080,2026-04-17 06:35:03+00,polygon-usdc-usdfc,false
41083,2026-04-17 06:40:02+00,base-usdc-usdfc,false
41082,2026-04-17 06:40:02+00,fil-usdfc,false
41081,2026-04-17 06:40:02+00,eth-usdfc,false
41084,2026-04-17 06:40:03+00,polygon-usdc-usdfc,false
41085,2026-04-17 06:45:02+00,eth-usdfc,false
41088,2026-04-17 06:45:03+00,polygon-usdc-usdfc,false
41087,2026-04-17 06:45:03+00,base-usdc-usdfc,false
41086,2026-04-17 06:45:03+00,fil-usdfc,false
41090,2026-04-17 06:50:02+00,fil-usdfc,false
41089,2026-04-17 06:50:02+00,eth-usdfc,false
41092,2026-04-17 06:50:03+00,polygon-usdc-usdfc,false
41091,2026-04-17 06:50:03+00,base-usdc-usdfc,false
41095,2026-04-17 06:55:02+00,base-usdc-usdfc,false
41094,2026-04-17 06:55:02+00,fil-usdfc,false
41093,2026-04-17 06:55:02+00,eth-usdfc,false
41096,2026-04-17 06:55:03+00,polygon-usdc-usdfc,false
41097,2026-04-17 07:00:02+00,eth-usdfc,false
41100,2026-04-17 07:00:03+00,polygon-usdc-usdfc,false
41099,2026-04-17 07:00:03+00,base-usdc-usdfc,false
41098,2026-04-17 07:00:03+00,fil-usdfc,false
41101,2026-04-17 07:05:01+00,eth-usdfc,false
41104,2026-04-17 07:05:02+00,polygon-usdc-usdfc,false
41103,2026-04-17 07:05:02+00,base-usdc-usdfc,false
41102,2026-04-17 07:05:02+00,fil-usdfc,false
41108,2026-04-17 07:10:02+00,polygon-usdc-usdfc,false
41107,2026-04-17 07:10:02+00,base-usdc-usdfc,false
41106,2026-04-17 07:10:02+00,fil-usdfc,false
41105,2026-04-17 07:10:02+00,eth-usdfc,false
41109,2026-04-17 07:15:02+00,eth-usdfc,false
41112,2026-04-17 07:15:03+00,polygon-usdc-usdfc,false
41111,2026-04-17 07:15:03+00,base-usdc-usdfc,false
41110,2026-04-17 07:15:03+00,fil-usdfc,false
41116,2026-04-17 07:20:02+00,polygon-usdc-usdfc,false
41115,2026-04-17 07:20:02+00,base-usdc-usdfc,false
41114,2026-04-17 07:20:02+00,fil-usdfc,false
41113,2026-04-17 07:20:02+00,eth-usdfc,false
41119,2026-04-17 07:25:02+00,base-usdc-usdfc,false
41118,2026-04-17 07:25:02+00,fil-usdfc,false
41117,2026-04-17 07:25:02+00,eth-usdfc,false
41120,2026-04-17 07:25:03+00,polygon-usdc-usdfc,false
41122,2026-04-17 07:30:02+00,fil-usdfc,false
41121,2026-04-17 07:30:02+00,eth-usdfc,false
41124,2026-04-17 07:30:03+00,polygon-usdc-usdfc,false
41123,2026-04-17 07:30:03+00,base-usdc-usdfc,false
41127,2026-04-17 07:35:02+00,base-usdc-usdfc,false
41126,2026-04-17 07:35:02+00,fil-usdfc,false
41125,2026-04-17 07:35:02+00,eth-usdfc,false
41128,2026-04-17 07:35:03+00,polygon-usdc-usdfc,false
41129,2026-04-17 07:40:02+00,eth-usdfc,false
41130,2026-04-17 07:40:06+00,fil-usdfc,false
41131,2026-04-17 07:40:11+00,base-usdc-usdfc,false
41132,2026-04-17 07:40:14+00,polygon-usdc-usdfc,false
41133,2026-04-17 07:45:01+00,eth-usdfc,false
41134,2026-04-17 07:45:02+00,fil-usdfc,false
41136,2026-04-17 07:45:03+00,polygon-usdc-usdfc,false
41135,2026-04-17 07:45:03+00,base-usdc-usdfc,false
41137,2026-04-17 07:50:02+00,eth-usdfc,false
41138,2026-04-17 07:50:35+00,fil-usdfc,false
41139,2026-04-17 07:50:37+00,base-usdc-usdfc,false
41140,2026-04-17 07:50:39+00,polygon-usdc-usdfc,false
41141,2026-04-17 07:55:01+00,eth-usdfc,false
41143,2026-04-17 07:55:02+00,base-usdc-usdfc,false
41142,2026-04-17 07:55:02+00,fil-usdfc,false
41144,2026-04-17 07:55:03+00,polygon-usdc-usdfc,false
41145,2026-04-17 08:00:02+00,eth-usdfc,false
41146,2026-04-17 08:00:07+00,fil-usdfc,false
41148,2026-04-17 08:00:08+00,polygon-usdc-usdfc,false
41147,2026-04-17 08:00:08+00,base-usdc-usdfc,false
41151,2026-04-17 08:05:02+00,base-usdc-usdfc,false
41150,2026-04-17 08:05:02+00,fil-usdfc,false
41149,2026-04-17 08:05:02+00,eth-usdfc,false
41152,2026-04-17 08:05:03+00,polygon-usdc-usdfc,false
41153,2026-04-17 08:10:02+00,eth-usdfc,false
41156,2026-04-17 08:10:03+00,polygon-usdc-usdfc,false
41155,2026-04-17 08:10:03+00,base-usdc-usdfc,false
41154,2026-04-17 08:10:03+00,fil-usdfc,false
41158,2026-04-17 08:15:01+00,fil-usdfc,false
41157,2026-04-17 08:15:01+00,eth-usdfc,false
41160,2026-04-17 08:15:02+00,polygon-usdc-usdfc,false
41159,2026-04-17 08:15:02+00,base-usdc-usdfc,false
41161,2026-04-17 08:20:02+00,eth-usdfc,false
41164,2026-04-17 08:20:03+00,polygon-usdc-usdfc,false
41163,2026-04-17 08:20:03+00,base-usdc-usdfc,false
41162,2026-04-17 08:20:03+00,fil-usdfc,false
41165,2026-04-17 08:25:02+00,eth-usdfc,true
41166,2026-04-17 08:25:03+00,fil-usdfc,true
41167,2026-04-17 08:25:07+00,base-usdc-usdfc,true
41168,2026-04-17 08:25:11+00,polygon-usdc-usdfc,true
41169,2026-04-17 08:30:02+00,eth-usdfc,true
41170,2026-04-17 08:30:03+00,fil-usdfc,true
41172,2026-04-17 08:30:04+00,polygon-usdc-usdfc,true
41171,2026-04-17 08:30:04+00,base-usdc-usdfc,true
41173,2026-04-17 08:35:02+00,eth-usdfc,true
41174,2026-04-17 08:35:31+00,fil-usdfc,true
41176,2026-04-17 08:35:33+00,polygon-usdc-usdfc,true
41175,2026-04-17 08:35:33+00,base-usdc-usdfc,true
41177,2026-04-17 08:40:02+00,eth-usdfc,true
41178,2026-04-17 08:40:37+00,fil-usdfc,true
41179,2026-04-17 08:40:39+00,base-usdc-usdfc,true
41180,2026-04-17 08:40:40+00,polygon-usdc-usdfc,true
41181,2026-04-17 08:45:02+00,eth-usdfc,true
41182,2026-04-17 08:45:03+00,fil-usdfc,true
41183,2026-04-17 08:45:04+00,base-usdc-usdfc,true
41184,2026-04-17 08:45:05+00,polygon-usdc-usdfc,true
41186,2026-04-17 08:50:02+00,fil-usdfc,true
41185,2026-04-17 08:50:02+00,eth-usdfc,true
41187,2026-04-17 08:50:03+00,base-usdc-usdfc,true
41188,2026-04-17 08:50:04+00,polygon-usdc-usdfc,true
41189,2026-04-17 08:55:02+00,eth-usdfc,true
41190,2026-04-17 08:55:03+00,fil-usdfc,true
41191,2026-04-17 08:55:04+00,base-usdc-usdfc,true
41192,2026-04-17 08:55:05+00,polygon-usdc-usdfc,true
41193,2026-04-17 09:00:01+00,eth-usdfc,true
41194,2026-04-17 09:00:19+00,fil-usdfc,true
41195,2026-04-17 09:00:20+00,base-usdc-usdfc,true
41196,2026-04-17 09:00:21+00,polygon-usdc-usdfc,true
41197,2026-04-17 09:05:02+00,eth-usdfc,true
41198,2026-04-17 09:05:03+00,fil-usdfc,true
41199,2026-04-17 09:05:04+00,base-usdc-usdfc,true
41200,2026-04-17 09:05:05+00,polygon-usdc-usdfc,true
41202,2026-04-17 09:10:02+00,fil-usdfc,true
41201,2026-04-17 09:10:02+00,eth-usdfc,true
41203,2026-04-17 09:10:03+00,base-usdc-usdfc,true
41204,2026-04-17 09:10:04+00,polygon-usdc-usdfc,true
41205,2026-04-17 09:15:02+00,eth-usdfc,true
41206,2026-04-17 09:15:03+00,fil-usdfc,true
41207,2026-04-17 09:15:04+00,base-usdc-usdfc,true
41208,2026-04-17 09:15:05+00,polygon-usdc-usdfc,true
41209,2026-04-17 09:20:02+00,eth-usdfc,true
41210,2026-04-17 09:20:03+00,fil-usdfc,true
41212,2026-04-17 09:20:04+00,polygon-usdc-usdfc,true
41211,2026-04-17 09:20:04+00,base-usdc-usdfc,true
41213,2026-04-17 09:25:02+00,eth-usdfc,true
41214,2026-04-17 09:25:11+00,fil-usdfc,true
41215,2026-04-17 09:25:12+00,base-usdc-usdfc,true
41216,2026-04-17 09:25:13+00,polygon-usdc-usdfc,true
41217,2026-04-17 09:30:02+00,eth-usdfc,true
41218,2026-04-17 09:30:03+00,fil-usdfc,true
41219,2026-04-17 09:30:04+00,base-usdc-usdfc,true
41220,2026-04-17 09:30:05+00,polygon-usdc-usdfc,true
41221,2026-04-17 09:35:02+00,eth-usdfc,true
41223,2026-04-17 09:35:03+00,base-usdc-usdfc,true
41222,2026-04-17 09:35:03+00,fil-usdfc,true
41224,2026-04-17 09:35:04+00,polygon-usdc-usdfc,true
41225,2026-04-17 09:40:02+00,eth-usdfc,true
41226,2026-04-17 09:40:03+00,fil-usdfc,true
41227,2026-04-17 09:40:05+00,base-usdc-usdfc,true
41228,2026-04-17 09:40:07+00,polygon-usdc-usdfc,true
41229,2026-04-17 09:45:02+00,eth-usdfc,true
41230,2026-04-17 09:45:03+00,fil-usdfc,true
41232,2026-04-17 09:45:04+00,polygon-usdc-usdfc,true
41231,2026-04-17 09:45:04+00,base-usdc-usdfc,true
41233,2026-04-17 09:50:02+00,eth-usdfc,true
41234,2026-04-17 09:50:03+00,fil-usdfc,true
41235,2026-04-17 09:50:04+00,base-usdc-usdfc,true
41236,2026-04-17 09:50:05+00,polygon-usdc-usdfc,true
41237,2026-04-17 09:55:02+00,eth-usdfc,true
41238,2026-04-17 09:55:03+00,fil-usdfc,true
41239,2026-04-17 09:55:04+00,base-usdc-usdfc,true
41240,2026-04-17 09:55:05+00,polygon-usdc-usdfc,true
41241,2026-04-17 10:00:01+00,eth-usdfc,true
41242,2026-04-17 10:00:03+00,fil-usdfc,true
41243,2026-04-17 10:00:05+00,base-usdc-usdfc,true
41244,2026-04-17 10:00:06+00,polygon-usdc-usdfc,true
41245,2026-04-17 10:05:02+00,eth-usdfc,true
41246,2026-04-17 10:05:03+00,fil-usdfc,true
41247,2026-04-17 10:05:04+00,base-usdc-usdfc,true
41248,2026-04-17 10:05:05+00,polygon-usdc-usdfc,true
41249,2026-04-17 10:10:02+00,eth-usdfc,true
41250,2026-04-17 10:10:03+00,fil-usdfc,true
41251,2026-04-17 10:10:04+00,base-usdc-usdfc,true
41252,2026-04-17 10:10:05+00,polygon-usdc-usdfc,true
41253,2026-04-17 10:15:01+00,eth-usdfc,true
41254,2026-04-17 10:15:02+00,fil-usdfc,true
41256,2026-04-17 10:15:04+00,polygon-usdc-usdfc,true
41255,2026-04-17 10:15:04+00,base-usdc-usdfc,true
41257,2026-04-17 10:20:02+00,eth-usdfc,true
41259,2026-04-17 10:20:03+00,base-usdc-usdfc,true
41258,2026-04-17 10:20:03+00,fil-usdfc,true
41260,2026-04-17 10:20:04+00,polygon-usdc-usdfc,true
41261,2026-04-17 10:25:01+00,eth-usdfc,true
41262,2026-04-17 10:25:02+00,fil-usdfc,true
41263,2026-04-17 10:25:03+00,base-usdc-usdfc,true
41264,2026-04-17 10:25:04+00,polygon-usdc-usdfc,true
41265,2026-04-17 10:30:02+00,eth-usdfc,true
41266,2026-04-17 10:30:03+00,fil-usdfc,true
41268,2026-04-17 10:30:04+00,polygon-usdc-usdfc,true
41267,2026-04-17 10:30:04+00,base-usdc-usdfc,true
41269,2026-04-17 10:35:01+00,eth-usdfc,true
41270,2026-04-17 10:35:37+00,fil-usdfc,true
41271,2026-04-17 10:35:39+00,base-usdc-usdfc,true
41272,2026-04-17 10:35:40+00,polygon-usdc-usdfc,true
41273,2026-04-17 10:40:02+00,eth-usdfc,true
41274,2026-04-17 10:40:07+00,fil-usdfc,true
41275,2026-04-17 10:40:08+00,base-usdc-usdfc,true
41276,2026-04-17 10:40:11+00,polygon-usdc-usdfc,true
41277,2026-04-17 10:45:02+00,eth-usdfc,true
41279,2026-04-17 10:45:03+00,base-usdc-usdfc,true
41278,2026-04-17 10:45:03+00,fil-usdfc,true
41280,2026-04-17 10:45:09+00,polygon-usdc-usdfc,true
41281,2026-04-17 10:50:02+00,eth-usdfc,true
41282,2026-04-17 10:50:19+00,fil-usdfc,true
41283,2026-04-17 10:50:24+00,base-usdc-usdfc,true
41284,2026-04-17 10:50:26+00,polygon-usdc-usdfc,true
41285,2026-04-17 10:55:01+00,eth-usdfc,true
41286,2026-04-17 10:55:03+00,fil-usdfc,true
41288,2026-04-17 10:55:04+00,polygon-usdc-usdfc,true
41287,2026-04-17 10:55:04+00,base-usdc-usdfc,true
41289,2026-04-17 11:00:02+00,eth-usdfc,true
41290,2026-04-17 11:00:05+00,fil-usdfc,true
41292,2026-04-17 11:00:07+00,polygon-usdc-usdfc,true
41291,2026-04-17 11:00:07+00,base-usdc-usdfc,true
41293,2026-04-17 11:05:02+00,eth-usdfc,true
41294,2026-04-17 11:05:03+00,fil-usdfc,true
41295,2026-04-17 11:05:08+00,base-usdc-usdfc,true
41296,2026-04-17 11:05:09+00,polygon-usdc-usdfc,true
41297,2026-04-17 11:10:02+00,eth-usdfc,true
41298,2026-04-17 11:10:04+00,fil-usdfc,true
41299,2026-04-17 11:10:10+00,base-usdc-usdfc,true
41300,2026-04-17 11:10:16+00,polygon-usdc-usdfc,true
41301,2026-04-17 11:15:01+00,eth-usdfc,true
41302,2026-04-17 11:15:03+00,fil-usdfc,true
41304,2026-04-17 11:15:04+00,polygon-usdc-usdfc,true
41303,2026-04-17 11:15:04+00,base-usdc-usdfc,true
41305,2026-04-17 11:20:02+00,eth-usdfc,true
41306,2026-04-17 11:20:33+00,fil-usdfc,true
41307,2026-04-17 11:20:36+00,base-usdc-usdfc,true
41308,2026-04-17 11:20:37+00,polygon-usdc-usdfc,true
41309,2026-04-17 11:25:01+00,eth-usdfc,true
41310,2026-04-17 11:25:03+00,fil-usdfc,true
41311,2026-04-17 11:25:05+00,base-usdc-usdfc,true
41312,2026-04-17 11:25:19+00,polygon-usdc-usdfc,true
41313,2026-04-17 11:30:01+00,eth-usdfc,true
41314,2026-04-17 11:30:03+00,fil-usdfc,true
41315,2026-04-17 11:30:04+00,base-usdc-usdfc,true
41316,2026-04-17 11:30:05+00,polygon-usdc-usdfc,true
41317,2026-04-17 11:35:01+00,eth-usdfc,true
41318,2026-04-17 11:35:02+00,fil-usdfc,true
41319,2026-04-17 11:35:03+00,base-usdc-usdfc,true
41320,2026-04-17 11:35:04+00,polygon-usdc-usdfc,true
41321,2026-04-17 11:40:02+00,eth-usdfc,true
41322,2026-04-17 11:40:03+00,fil-usdfc,true
41323,2026-04-17 11:40:04+00,base-usdc-usdfc,true
41324,2026-04-17 11:40:05+00,polygon-usdc-usdfc,true
41325,2026-04-17 11:45:01+00,eth-usdfc,true
41326,2026-04-17 11:45:03+00,fil-usdfc,true
41327,2026-04-17 11:45:06+00,base-usdc-usdfc,true
41328,2026-04-17 11:45:14+00,polygon-usdc-usdfc,true
41329,2026-04-17 11:50:02+00,eth-usdfc,true
41330,2026-04-17 11:50:30+00,fil-usdfc,true
41331,2026-04-17 11:51:05+00,base-usdc-usdfc,true
41332,2026-04-17 11:51:07+00,polygon-usdc-usdfc,true
41333,2026-04-17 11:55:02+00,eth-usdfc,true
41334,2026-04-17 11:55:03+00,fil-usdfc,true
41336,2026-04-17 11:55:04+00,polygon-usdc-usdfc,true
41335,2026-04-17 11:55:04+00,base-usdc-usdfc,true
41337,2026-04-17 12:00:02+00,eth-usdfc,true
41338,2026-04-17 12:00:08+00,fil-usdfc,true
41339,2026-04-17 12:00:09+00,base-usdc-usdfc,true
41340,2026-04-17 12:00:10+00,polygon-usdc-usdfc,true
41341,2026-04-17 12:05:02+00,eth-usdfc,true
41342,2026-04-17 12:05:03+00,fil-usdfc,true
41343,2026-04-17 12:05:04+00,base-usdc-usdfc,true
41344,2026-04-17 12:05:05+00,polygon-usdc-usdfc,true
41345,2026-04-17 12:10:02+00,eth-usdfc,true
41346,2026-04-17 12:10:04+00,fil-usdfc,true
41347,2026-04-17 12:10:05+00,base-usdc-usdfc,true
41348,2026-04-17 12:10:06+00,polygon-usdc-usdfc,true
41349,2026-04-17 12:15:02+00,eth-usdfc,true
41350,2026-04-17 12:15:03+00,fil-usdfc,true
41352,2026-04-17 12:15:04+00,polygon-usdc-usdfc,true
41351,2026-04-17 12:15:04+00,base-usdc-usdfc,true
41353,2026-04-17 12:20:02+00,eth-usdfc,true
41354,2026-04-17 12:20:03+00,fil-usdfc,true
41355,2026-04-17 12:20:04+00,base-usdc-usdfc,true
41356,2026-04-17 12:20:05+00,polygon-usdc-usdfc,true
41357,2026-04-17 12:25:02+00,eth-usdfc,true
41358,2026-04-17 12:25:05+00,fil-usdfc,true
41359,2026-04-17 12:25:06+00,base-usdc-usdfc,true
41360,2026-04-17 12:25:07+00,polygon-usdc-usdfc,true
41361,2026-04-17 12:30:02+00,eth-usdfc,true
41362,2026-04-17 12:30:05+00,fil-usdfc,true
41363,2026-04-17 12:30:34+00,base-usdc-usdfc,true
41364,2026-04-17 12:30:35+00,polygon-usdc-usdfc,true
41365,2026-04-17 12:35:02+00,eth-usdfc,true
41366,2026-04-17 12:35:51+00,fil-usdfc,true
41367,2026-04-17 12:35:53+00,base-usdc-usdfc,true
41368,2026-04-17 12:35:55+00,polygon-usdc-usdfc,true
41369,2026-04-17 12:40:02+00,eth-usdfc,true
41370,2026-04-17 12:40:03+00,fil-usdfc,true
41371,2026-04-17 12:40:04+00,base-usdc-usdfc,true
41372,2026-04-17 12:40:05+00,polygon-usdc-usdfc,true
41373,2026-04-17 12:45:02+00,eth-usdfc,true
41374,2026-04-17 12:45:03+00,fil-usdfc,true
41376,2026-04-17 12:45:04+00,polygon-usdc-usdfc,true
41375,2026-04-17 12:45:04+00,base-usdc-usdfc,true
41377,2026-04-17 12:50:02+00,eth-usdfc,true
41378,2026-04-17 12:50:03+00,fil-usdfc,true
41380,2026-04-17 12:50:04+00,polygon-usdc-usdfc,true
41379,2026-04-17 12:50:04+00,base-usdc-usdfc,true
41381,2026-04-17 12:55:02+00,eth-usdfc,true
41382,2026-04-17 12:55:03+00,fil-usdfc,true
41383,2026-04-17 12:55:04+00,base-usdc-usdfc,true
41384,2026-04-17 12:55:05+00,polygon-usdc-usdfc,true
41385,2026-04-17 13:00:02+00,eth-usdfc,true
41386,2026-04-17 13:00:07+00,fil-usdfc,true
41387,2026-04-17 13:00:12+00,base-usdc-usdfc,true
41388,2026-04-17 13:00:16+00,polygon-usdc-usdfc,true
41389,2026-04-17 13:05:02+00,eth-usdfc,true
41390,2026-04-17 13:05:13+00,fil-usdfc,true
41391,2026-04-17 13:05:34+00,base-usdc-usdfc,true
41392,2026-04-17 13:05:38+00,polygon-usdc-usdfc,true
41393,2026-04-17 13:10:02+00,eth-usdfc,true
41394,2026-04-17 13:10:05+00,fil-usdfc,true
41395,2026-04-17 13:10:09+00,base-usdc-usdfc,true
41396,2026-04-17 13:10:11+00,polygon-usdc-usdfc,true
41397,2026-04-17 13:15:02+00,eth-usdfc,true
41398,2026-04-17 13:15:06+00,fil-usdfc,true
41399,2026-04-17 13:15:09+00,base-usdc-usdfc,true
41400,2026-04-17 13:15:10+00,polygon-usdc-usdfc,true
41401,2026-04-17 13:20:01+00,eth-usdfc,true
41402,2026-04-17 13:20:04+00,fil-usdfc,true
41403,2026-04-17 13:20:08+00,base-usdc-usdfc,true
41404,2026-04-17 13:20:10+00,polygon-usdc-usdfc,true
41405,2026-04-17 13:25:01+00,eth-usdfc,true
41406,2026-04-17 13:25:06+00,fil-usdfc,true
41407,2026-04-17 13:25:09+00,base-usdc-usdfc,true
41408,2026-04-17 13:25:15+00,polygon-usdc-usdfc,true
41409,2026-04-17 13:30:02+00,eth-usdfc,true
41410,2026-04-17 13:30:31+00,fil-usdfc,true
41411,2026-04-17 13:30:34+00,base-usdc-usdfc,true
41412,2026-04-17 13:30:35+00,polygon-usdc-usdfc,true
41413,2026-04-17 13:35:02+00,eth-usdfc,true
41414,2026-04-17 13:35:05+00,fil-usdfc,true
41415,2026-04-17 13:35:07+00,base-usdc-usdfc,true
41416,2026-04-17 13:35:10+00,polygon-usdc-usdfc,true
41417,2026-04-17 13:40:01+00,eth-usdfc,true
41418,2026-04-17 13:40:03+00,fil-usdfc,true
41420,2026-04-17 13:40:04+00,polygon-usdc-usdfc,true
41419,2026-04-17 13:40:04+00,base-usdc-usdfc,true
41421,2026-04-17 13:45:01+00,eth-usdfc,true
41422,2026-04-17 13:45:02+00,fil-usdfc,true
41423,2026-04-17 13:45:03+00,base-usdc-usdfc,true
41424,2026-04-17 13:45:04+00,polygon-usdc-usdfc,true
41425,2026-04-17 13:50:02+00,eth-usdfc,true
41426,2026-04-17 13:50:30+00,fil-usdfc,true
41428,2026-04-17 13:50:32+00,polygon-usdc-usdfc,true
41427,2026-04-17 13:50:32+00,base-usdc-usdfc,true
41429,2026-04-17 13:55:02+00,eth-usdfc,true
41430,2026-04-17 13:55:03+00,fil-usdfc,true
41432,2026-04-17 13:55:05+00,polygon-usdc-usdfc,true
41431,2026-04-17 13:55:05+00,base-usdc-usdfc,true
41433,2026-04-17 14:00:01+00,eth-usdfc,true
41434,2026-04-17 14:00:06+00,fil-usdfc,true
41435,2026-04-17 14:00:09+00,base-usdc-usdfc,true
41436,2026-04-17 14:00:10+00,polygon-usdc-usdfc,true
41437,2026-04-17 14:05:02+00,eth-usdfc,true
41438,2026-04-17 14:05:33+00,fil-usdfc,true
41439,2026-04-17 14:05:35+00,base-usdc-usdfc,true
41440,2026-04-17 14:05:36+00,polygon-usdc-usdfc,true
41441,2026-04-17 14:10:02+00,eth-usdfc,true
41442,2026-04-17 14:10:03+00,fil-usdfc,true
41443,2026-04-17 14:10:04+00,base-usdc-usdfc,true
41444,2026-04-17 14:10:05+00,polygon-usdc-usdfc,true
41445,2026-04-17 14:15:02+00,eth-usdfc,true
41446,2026-04-17 14:15:11+00,fil-usdfc,true
41447,2026-04-17 14:15:13+00,base-usdc-usdfc,true
41448,2026-04-17 14:15:14+00,polygon-usdc-usdfc,true
41449,2026-04-17 14:20:02+00,eth-usdfc,true
41450,2026-04-17 14:20:03+00,fil-usdfc,true
41452,2026-04-17 14:20:04+00,polygon-usdc-usdfc,true
41451,2026-04-17 14:20:04+00,base-usdc-usdfc,true
41453,2026-04-17 14:25:02+00,eth-usdfc,true
41454,2026-04-17 14:25:03+00,fil-usdfc,true
41455,2026-04-17 14:25:04+00,base-usdc-usdfc,true
41456,2026-04-17 14:25:05+00,polygon-usdc-usdfc,true
41457,2026-04-17 14:30:01+00,eth-usdfc,true
41458,2026-04-17 14:30:02+00,fil-usdfc,true
41459,2026-04-17 14:30:03+00,base-usdc-usdfc,true
41460,2026-04-17 14:30:04+00,polygon-usdc-usdfc,true
41461,2026-04-17 14:35:02+00,eth-usdfc,true
41463,2026-04-17 14:35:04+00,base-usdc-usdfc,true
41462,2026-04-17 14:35:04+00,fil-usdfc,true
41464,2026-04-17 14:35:05+00,polygon-usdc-usdfc,true
41465,2026-04-17 14:40:02+00,eth-usdfc,true
41466,2026-04-17 14:40:04+00,fil-usdfc,true
41467,2026-04-17 14:40:25+00,base-usdc-usdfc,true
41468,2026-04-17 14:40:26+00,polygon-usdc-usdfc,true
41469,2026-04-17 14:45:01+00,eth-usdfc,true
41470,2026-04-17 14:45:02+00,fil-usdfc,true
41471,2026-04-17 14:45:04+00,base-usdc-usdfc,true
41472,2026-04-17 14:45:05+00,polygon-usdc-usdfc,true
41473,2026-04-17 14:50:02+00,eth-usdfc,true
41474,2026-04-17 14:50:04+00,fil-usdfc,true
41475,2026-04-17 14:50:05+00,base-usdc-usdfc,true
41476,2026-04-17 14:50:06+00,polygon-usdc-usdfc,true
41477,2026-04-17 14:55:02+00,eth-usdfc,true
41478,2026-04-17 14:55:46+00,fil-usdfc,true
41479,2026-04-17 15:15:03+00,base-usdc-usdfc,true
41480,2026-04-17 15:33:46+00,polygon-usdc-usdfc,true
41481,2026-04-17 15:40:01+00,eth-usdfc,true
41482,2026-04-17 15:40:21+00,fil-usdfc,true
41483,2026-04-17 15:40:29+00,base-usdc-usdfc,true
41484,2026-04-17 15:40:31+00,polygon-usdc-usdfc,true
41485,2026-04-17 15:45:02+00,eth-usdfc,true
41486,2026-04-17 15:45:50+00,fil-usdfc,true
41487,2026-04-17 15:45:54+00,base-usdc-usdfc,true
41488,2026-04-17 15:46:06+00,polygon-usdc-usdfc,true
41489,2026-04-17 15:50:01+00,eth-usdfc,true
41490,2026-04-17 15:50:07+00,fil-usdfc,true
41491,2026-04-17 15:52:32+00,base-usdc-usdfc,true
41492,2026-04-17 15:52:37+00,polygon-usdc-usdfc,true
41493,2026-04-17 15:55:01+00,eth-usdfc,true
41494,2026-04-17 15:59:36+00,fil-usdfc,true
41495,2026-04-17 15:59:47+00,base-usdc-usdfc,true
41496,2026-04-17 15:59:50+00,polygon-usdc-usdfc,true
41497,2026-04-17 16:30:02+00,eth-usdfc,true
41498,2026-04-17 16:30:13+00,fil-usdfc,true
41499,2026-04-17 16:30:16+00,base-usdc-usdfc,true
41500,2026-04-17 16:30:17+00,polygon-usdc-usdfc,true
41501,2026-04-17 16:35:02+00,eth-usdfc,true
41502,2026-04-17 16:35:11+00,fil-usdfc,true
41503,2026-04-17 16:35:17+00,base-usdc-usdfc,true
41504,2026-04-17 16:35:25+00,polygon-usdc-usdfc,true
41505,2026-04-17 16:40:02+00,eth-usdfc,true
41506,2026-04-17 16:40:20+00,fil-usdfc,true
41507,2026-04-17 16:40:23+00,base-usdc-usdfc,true
41508,2026-04-17 16:40:24+00,polygon-usdc-usdfc,true
41509,2026-04-17 16:45:02+00,eth-usdfc,true
41510,2026-04-17 16:45:04+00,fil-usdfc,true
41511,2026-04-17 16:45:05+00,base-usdc-usdfc,true
41512,2026-04-17 16:45:07+00,polygon-usdc-usdfc,true
41513,2026-04-17 16:50:01+00,eth-usdfc,true
41514,2026-04-17 16:51:42+00,fil-usdfc,true
41515,2026-04-17 16:51:46+00,base-usdc-usdfc,true
41516,2026-04-17 16:51:53+00,polygon-usdc-usdfc,true
41517,2026-04-17 16:55:02+00,eth-usdfc,true
41518,2026-04-17 16:55:15+00,fil-usdfc,true
41519,2026-04-17 16:55:22+00,base-usdc-usdfc,true
41520,2026-04-17 16:55:27+00,polygon-usdc-usdfc,true
41521,2026-04-17 17:00:02+00,eth-usdfc,true
41522,2026-04-17 17:04:05+00,fil-usdfc,true
41523,2026-04-17 17:04:57+00,base-usdc-usdfc,true
41524,2026-04-17 17:04:58+00,polygon-usdc-usdfc,true
41525,2026-04-17 17:10:02+00,eth-usdfc,true
41526,2026-04-17 17:10:11+00,fil-usdfc,true
41527,2026-04-17 17:10:12+00,base-usdc-usdfc,true
41528,2026-04-17 17:10:14+00,polygon-usdc-usdfc,true
41529,2026-04-17 17:15:02+00,eth-usdfc,true
41530,2026-04-17 17:20:30+00,fil-usdfc,true
41531,2026-04-17 17:21:10+00,base-usdc-usdfc,true
41532,2026-04-17 17:21:11+00,polygon-usdc-usdfc,true
41533,2026-04-17 17:25:02+00,eth-usdfc,true
41534,2026-04-17 17:25:03+00,fil-usdfc,true
41535,2026-04-17 17:25:04+00,base-usdc-usdfc,true
41536,2026-04-17 17:25:06+00,polygon-usdc-usdfc,true
41537,2026-04-17 17:30:02+00,eth-usdfc,true
41538,2026-04-17 17:40:29+00,fil-usdfc,true
41539,2026-04-17 17:40:43+00,base-usdc-usdfc,true
41540,2026-04-17 17:40:44+00,polygon-usdc-usdfc,true
41541,2026-04-17 17:45:01+00,eth-usdfc,true
41542,2026-04-17 17:45:08+00,fil-usdfc,true
41543,2026-04-17 17:45:09+00,base-usdc-usdfc,true
41544,2026-04-17 17:45:10+00,polygon-usdc-usdfc,true
41545,2026-04-17 17:50:02+00,eth-usdfc,true
41546,2026-04-17 17:51:04+00,fil-usdfc,true
41547,2026-04-17 17:51:05+00,base-usdc-usdfc,true
41548,2026-04-17 17:51:06+00,polygon-usdc-usdfc,true
41549,2026-04-17 17:55:01+00,eth-usdfc,true
41550,2026-04-17 17:55:06+00,fil-usdfc,true
41552,2026-04-17 17:55:09+00,polygon-usdc-usdfc,true
41551,2026-04-17 17:55:09+00,base-usdc-usdfc,true
41554,2026-04-17 18:00:02+00,fil-usdfc,true
41553,2026-04-17 18:00:02+00,eth-usdfc,true
41555,2026-04-17 18:00:04+00,base-usdc-usdfc,true
41556,2026-04-17 18:00:05+00,polygon-usdc-usdfc,true
41557,2026-04-17 18:05:02+00,eth-usdfc,true
41558,2026-04-17 18:17:32+00,fil-usdfc,true
41559,2026-04-17 18:20:33+00,base-usdc-usdfc,true
41560,2026-04-17 18:20:36+00,polygon-usdc-usdfc,true
41561,2026-04-17 18:25:02+00,eth-usdfc,true
41562,2026-04-17 18:25:08+00,fil-usdfc,true
41563,2026-04-17 18:25:11+00,base-usdc-usdfc,true
41564,2026-04-17 18:25:13+00,polygon-usdc-usdfc,true
41565,2026-04-17 18:30:02+00,eth-usdfc,true
41566,2026-04-17 18:30:03+00,fil-usdfc,true
41567,2026-04-17 18:30:10+00,base-usdc-usdfc,true
41568,2026-04-17 18:30:11+00,polygon-usdc-usdfc,true
41569,2026-04-17 18:35:02+00,eth-usdfc,true
41570,2026-04-17 18:36:12+00,fil-usdfc,true
41571,2026-04-17 18:36:16+00,base-usdc-usdfc,true
41572,2026-04-17 18:36:18+00,polygon-usdc-usdfc,true
41573,2026-04-17 18:40:02+00,eth-usdfc,true
41574,2026-04-17 18:40:03+00,fil-usdfc,true
41576,2026-04-17 18:40:04+00,polygon-usdc-usdfc,true
41575,2026-04-17 18:40:04+00,base-usdc-usdfc,true
41577,2026-04-17 18:45:02+00,eth-usdfc,true
41578,2026-04-17 19:20:38+00,fil-usdfc,true
41579,2026-04-17 19:23:00+00,base-usdc-usdfc,true
41580,2026-04-17 19:23:02+00,polygon-usdc-usdfc,true
41581,2026-04-17 19:25:02+00,eth-usdfc,true
41582,2026-04-17 19:25:03+00,fil-usdfc,true
41583,2026-04-17 19:25:06+00,base-usdc-usdfc,true
41584,2026-04-17 19:25:07+00,polygon-usdc-usdfc,true
41585,2026-04-17 19:30:02+00,eth-usdfc,true
41586,2026-04-17 19:30:05+00,fil-usdfc,true
41588,2026-04-17 19:30:06+00,polygon-usdc-usdfc,true
41587,2026-04-17 19:30:06+00,base-usdc-usdfc,true
41589,2026-04-17 19:35:02+00,eth-usdfc,true
41590,2026-04-17 19:35:07+00,fil-usdfc,true
41591,2026-04-17 19:35:08+00,base-usdc-usdfc,true
41592,2026-04-17 19:35:09+00,polygon-usdc-usdfc,true
41593,2026-04-17 19:40:02+00,eth-usdfc,true
41594,2026-04-17 19:40:03+00,fil-usdfc,true
41595,2026-04-17 19:40:05+00,base-usdc-usdfc,true
41596,2026-04-17 19:40:06+00,polygon-usdc-usdfc,true
41597,2026-04-17 19:45:02+00,eth-usdfc,true
41598,2026-04-17 19:47:32+00,fil-usdfc,true
41600,2026-04-17 19:47:33+00,polygon-usdc-usdfc,true
41599,2026-04-17 19:47:33+00,base-usdc-usdfc,true
41601,2026-04-17 19:50:02+00,eth-usdfc,true
41602,2026-04-17 19:50:03+00,fil-usdfc,true
41603,2026-04-17 19:50:04+00,base-usdc-usdfc,true
41604,2026-04-17 19:50:05+00,polygon-usdc-usdfc,true
41605,2026-04-17 19:55:02+00,eth-usdfc,true
41606,2026-04-17 19:56:16+00,fil-usdfc,true
41607,2026-04-17 19:56:17+00,base-usdc-usdfc,true
41608,2026-04-17 19:56:20+00,polygon-usdc-usdfc,true
41609,2026-04-17 20:00:02+00,eth-usdfc,true
41610,2026-04-17 20:00:03+00,fil-usdfc,true
41612,2026-04-17 20:00:05+00,polygon-usdc-usdfc,true
41611,2026-04-17 20:00:05+00,base-usdc-usdfc,true
41613,2026-04-17 20:05:02+00,eth-usdfc,true
41614,2026-04-17 20:06:39+00,fil-usdfc,true
41615,2026-04-17 20:06:42+00,base-usdc-usdfc,true
41616,2026-04-17 20:06:44+00,polygon-usdc-usdfc,true
41617,2026-04-17 20:10:02+00,eth-usdfc,true
41618,2026-04-17 20:10:03+00,fil-usdfc,true
41619,2026-04-17 20:10:04+00,base-usdc-usdfc,true
41620,2026-04-17 20:10:05+00,polygon-usdc-usdfc,true
41621,2026-04-17 20:15:01+00,eth-usdfc,true
41622,2026-04-17 20:46:30+00,fil-usdfc,true
41623,2026-04-17 20:52:28+00,base-usdc-usdfc,true
41624,2026-04-17 20:52:31+00,polygon-usdc-usdfc,true
41625,2026-04-17 20:55:02+00,eth-usdfc,true
41626,2026-04-17 20:55:32+00,fil-usdfc,true
41627,2026-04-17 20:55:33+00,base-usdc-usdfc,true
41628,2026-04-17 20:55:36+00,polygon-usdc-usdfc,true
41629,2026-04-17 21:00:01+00,eth-usdfc,true
41630,2026-04-17 21:00:06+00,fil-usdfc,true
41631,2026-04-17 21:00:08+00,base-usdc-usdfc,true
41632,2026-04-17 21:00:10+00,polygon-usdc-usdfc,true
41633,2026-04-17 21:05:01+00,eth-usdfc,true
41634,2026-04-17 21:06:47+00,fil-usdfc,true
41635,2026-04-17 21:06:49+00,base-usdc-usdfc,true
41636,2026-04-17 21:06:50+00,polygon-usdc-usdfc,true
41637,2026-04-17 21:10:02+00,eth-usdfc,true
41638,2026-04-17 21:11:28+00,fil-usdfc,true
41639,2026-04-17 21:11:29+00,base-usdc-usdfc,true
41640,2026-04-17 21:11:32+00,polygon-usdc-usdfc,true
41641,2026-04-17 21:15:02+00,eth-usdfc,true
41642,2026-04-17 21:15:47+00,fil-usdfc,true
41643,2026-04-17 21:15:55+00,base-usdc-usdfc,true
41644,2026-04-17 21:15:57+00,polygon-usdc-usdfc,true
41645,2026-04-17 21:20:01+00,eth-usdfc,true
41646,2026-04-17 21:20:02+00,fil-usdfc,true
41647,2026-04-17 21:20:04+00,base-usdc-usdfc,true
41648,2026-04-17 21:20:05+00,polygon-usdc-usdfc,true
41649,2026-04-17 21:25:03+00,eth-usdfc,true
41650,2026-04-17 21:25:25+00,fil-usdfc,true
41651,2026-04-17 21:25:29+00,base-usdc-usdfc,true
41652,2026-04-17 21:25:31+00,polygon-usdc-usdfc,true
41653,2026-04-17 21:30:01+00,eth-usdfc,true
41654,2026-04-17 21:30:05+00,fil-usdfc,true
41655,2026-04-17 21:30:07+00,base-usdc-usdfc,true
41656,2026-04-17 21:30:08+00,polygon-usdc-usdfc,true
41657,2026-04-17 21:35:02+00,eth-usdfc,true
41658,2026-04-17 21:38:25+00,fil-usdfc,true
41659,2026-04-17 21:38:29+00,base-usdc-usdfc,true
41660,2026-04-17 21:38:30+00,polygon-usdc-usdfc,true
41661,2026-04-17 21:40:01+00,eth-usdfc,true
41662,2026-04-17 21:40:03+00,fil-usdfc,true
41663,2026-04-17 21:40:05+00,base-usdc-usdfc,true
41664,2026-04-17 21:40:06+00,polygon-usdc-usdfc,true
41665,2026-04-17 21:45:01+00,eth-usdfc,true
41666,2026-04-17 21:45:06+00,fil-usdfc,true
41667,2026-04-17 21:45:11+00,base-usdc-usdfc,true
41668,2026-04-17 21:45:15+00,polygon-usdc-usdfc,true
41669,2026-04-17 21:50:01+00,eth-usdfc,true
41670,2026-04-17 21:57:20+00,fil-usdfc,true
41671,2026-04-17 21:57:26+00,base-usdc-usdfc,true
41672,2026-04-17 21:57:29+00,polygon-usdc-usdfc,true
41673,2026-04-17 22:00:02+00,eth-usdfc,true
41674,2026-04-17 22:00:03+00,fil-usdfc,true
41675,2026-04-17 22:00:04+00,base-usdc-usdfc,true
41676,2026-04-17 22:00:05+00,polygon-usdc-usdfc,true
41677,2026-04-17 22:05:02+00,eth-usdfc,true
41678,2026-04-17 22:16:45+00,fil-usdfc,true
41679,2026-04-17 22:17:31+00,base-usdc-usdfc,true
41680,2026-04-17 22:17:32+00,polygon-usdc-usdfc,true
41681,2026-04-17 22:20:01+00,eth-usdfc,true
41682,2026-04-17 22:20:04+00,fil-usdfc,true
41684,2026-04-17 22:20:05+00,polygon-usdc-usdfc,true
41683,2026-04-17 22:20:05+00,base-usdc-usdfc,true
41685,2026-04-17 22:25:02+00,eth-usdfc,true
41686,2026-04-17 22:25:09+00,fil-usdfc,true
41687,2026-04-17 22:25:10+00,base-usdc-usdfc,true
41688,2026-04-17 22:25:11+00,polygon-usdc-usdfc,true
41689,2026-04-17 22:30:02+00,eth-usdfc,true
41690,2026-04-17 22:30:44+00,fil-usdfc,true
41691,2026-04-17 22:30:45+00,base-usdc-usdfc,true
41692,2026-04-17 22:30:46+00,polygon-usdc-usdfc,true
41693,2026-04-17 22:35:02+00,eth-usdfc,true
41694,2026-04-17 22:35:03+00,fil-usdfc,true
41696,2026-04-17 22:35:06+00,polygon-usdc-usdfc,true
41695,2026-04-17 22:35:06+00,base-usdc-usdfc,true
41697,2026-04-17 22:40:02+00,eth-usdfc,true
41698,2026-04-17 22:42:12+00,fil-usdfc,true
41699,2026-04-17 22:44:03+00,base-usdc-usdfc,true
41700,2026-04-17 22:44:04+00,polygon-usdc-usdfc,true
41701,2026-04-17 22:45:01+00,eth-usdfc,true
41702,2026-04-17 22:45:02+00,fil-usdfc,true
41703,2026-04-17 22:45:04+00,base-usdc-usdfc,true
41704,2026-04-17 22:45:06+00,polygon-usdc-usdfc,true
41705,2026-04-17 22:50:01+00,eth-usdfc,true
41706,2026-04-17 22:50:07+00,fil-usdfc,true
41707,2026-04-17 22:50:10+00,base-usdc-usdfc,true
41708,2026-04-17 22:50:12+00,polygon-usdc-usdfc,true
41709,2026-04-17 23:20:01+00,eth-usdfc,true
41710,2026-04-17 23:20:02+00,fil-usdfc,true
41711,2026-04-17 23:20:03+00,base-usdc-usdfc,true
41712,2026-04-17 23:20:04+00,polygon-usdc-usdfc,true
41713,2026-04-17 23:25:02+00,eth-usdfc,true
41714,2026-04-17 23:25:03+00,fil-usdfc,true
41715,2026-04-17 23:25:10+00,base-usdc-usdfc,true
41716,2026-04-17 23:25:16+00,polygon-usdc-usdfc,true
41717,2026-04-17 23:30:02+00,eth-usdfc,true
41718,2026-04-17 23:30:03+00,fil-usdfc,true
41719,2026-04-17 23:30:04+00,base-usdc-usdfc,true
41720,2026-04-17 23:30:11+00,polygon-usdc-usdfc,true
41721,2026-04-17 23:35:02+00,eth-usdfc,true
41722,2026-04-17 23:40:21+00,fil-usdfc,true
41723,2026-04-17 23:40:24+00,base-usdc-usdfc,true
41724,2026-04-17 23:40:26+00,polygon-usdc-usdfc,true
41725,2026-04-17 23:45:01+00,eth-usdfc,true
41726,2026-04-17 23:45:04+00,fil-usdfc,true
41727,2026-04-17 23:45:06+00,base-usdc-usdfc,true
41728,2026-04-17 23:45:07+00,polygon-usdc-usdfc,true
41729,2026-04-17 23:50:02+00,eth-usdfc,true
41730,2026-04-17 23:52:28+00,fil-usdfc,true
41731,2026-04-17 23:52:29+00,base-usdc-usdfc,true
41732,2026-04-17 23:52:30+00,polygon-usdc-usdfc,true
41733,2026-04-17 23:55:02+00,eth-usdfc,true
41734,2026-04-17 23:55:03+00,fil-usdfc,true
41735,2026-04-17 23:55:04+00,base-usdc-usdfc,true
41736,2026-04-17 23:55:05+00,polygon-usdc-usdfc,true
41737,2026-04-18 00:00:01+00,eth-usdfc,true
41738,2026-04-18 00:00:05+00,fil-usdfc,true
41739,2026-04-18 00:00:08+00,base-usdc-usdfc,true
41740,2026-04-18 00:00:10+00,polygon-usdc-usdfc,true
41741,2026-04-18 00:05:02+00,eth-usdfc,true
41742,2026-04-18 00:15:09+00,fil-usdfc,true
41743,2026-04-18 00:15:15+00,base-usdc-usdfc,true
41744,2026-04-18 00:15:16+00,polygon-usdc-usdfc,true
41745,2026-04-18 00:20:02+00,eth-usdfc,true
41747,2026-04-18 00:20:04+00,base-usdc-usdfc,true
41746,2026-04-18 00:20:04+00,fil-usdfc,true
41748,2026-04-18 00:20:05+00,polygon-usdc-usdfc,true
41749,2026-04-18 00:25:02+00,eth-usdfc,true
41750,2026-04-18 00:25:46+00,fil-usdfc,true
41752,2026-04-18 00:25:52+00,polygon-usdc-usdfc,true
41751,2026-04-18 00:25:52+00,base-usdc-usdfc,true
41753,2026-04-18 00:30:01+00,eth-usdfc,true
41754,2026-04-18 00:30:02+00,fil-usdfc,true
41755,2026-04-18 00:30:03+00,base-usdc-usdfc,true
41756,2026-04-18 00:30:04+00,polygon-usdc-usdfc,true
41757,2026-04-18 00:35:01+00,eth-usdfc,true
41758,2026-04-18 00:35:32+00,fil-usdfc,true
41760,2026-04-18 00:35:33+00,polygon-usdc-usdfc,true
41759,2026-04-18 00:35:33+00,base-usdc-usdfc,true
41761,2026-04-18 00:40:02+00,eth-usdfc,true
41763,2026-04-18 00:40:03+00,base-usdc-usdfc,true
41762,2026-04-18 00:40:03+00,fil-usdfc,true
41764,2026-04-18 00:40:05+00,polygon-usdc-usdfc,true
41765,2026-04-18 00:45:02+00,eth-usdfc,true
41766,2026-04-18 00:46:03+00,fil-usdfc,true
41767,2026-04-18 00:46:20+00,base-usdc-usdfc,true
41768,2026-04-18 00:46:27+00,polygon-usdc-usdfc,true
41769,2026-04-18 00:50:01+00,eth-usdfc,true
41770,2026-04-18 00:56:18+00,fil-usdfc,true
41771,2026-04-18 01:03:43+00,base-usdc-usdfc,true
41772,2026-04-18 01:04:19+00,polygon-usdc-usdfc,true
41773,2026-04-18 01:05:02+00,eth-usdfc,true
41774,2026-04-18 01:05:03+00,fil-usdfc,true
41775,2026-04-18 01:05:04+00,base-usdc-usdfc,true
41776,2026-04-18 01:05:05+00,polygon-usdc-usdfc,true
41777,2026-04-18 01:10:01+00,eth-usdfc,true
41778,2026-04-18 01:12:39+00,fil-usdfc,true
41779,2026-04-18 01:12:40+00,base-usdc-usdfc,true
41780,2026-04-18 01:12:41+00,polygon-usdc-usdfc,true
41781,2026-04-18 01:15:02+00,eth-usdfc,true
41782,2026-04-18 01:15:03+00,fil-usdfc,true
41783,2026-04-18 01:15:04+00,base-usdc-usdfc,true
41784,2026-04-18 01:15:05+00,polygon-usdc-usdfc,true
41785,2026-04-18 01:20:02+00,eth-usdfc,true
41786,2026-04-18 01:51:58+00,fil-usdfc,true
41787,2026-04-18 02:07:19+00,base-usdc-usdfc,true
41788,2026-04-18 02:10:47+00,polygon-usdc-usdfc,true
41789,2026-04-18 02:15:02+00,eth-usdfc,true
41790,2026-04-18 02:15:59+00,fil-usdfc,true
41791,2026-04-18 02:16:02+00,base-usdc-usdfc,true
41792,2026-04-18 02:16:06+00,polygon-usdc-usdfc,true
41793,2026-04-18 02:20:02+00,eth-usdfc,true
41794,2026-04-18 02:20:03+00,fil-usdfc,true
41795,2026-04-18 02:20:04+00,base-usdc-usdfc,true
41796,2026-04-18 02:20:05+00,polygon-usdc-usdfc,true
41797,2026-04-18 02:25:02+00,eth-usdfc,true
41798,2026-04-18 02:30:20+00,fil-usdfc,true
41799,2026-04-18 02:37:27+00,base-usdc-usdfc,true
41800,2026-04-18 02:37:34+00,polygon-usdc-usdfc,true
41801,2026-04-18 02:50:03+00,eth-usdfc,true
41802,2026-04-18 02:55:41+00,fil-usdfc,true
41803,2026-04-18 02:55:44+00,base-usdc-usdfc,true
41804,2026-04-18 02:55:47+00,polygon-usdc-usdfc,true
41805,2026-04-18 03:00:02+00,eth-usdfc,true
41806,2026-04-18 03:14:51+00,fil-usdfc,true
41807,2026-04-18 03:17:26+00,base-usdc-usdfc,true
41808,2026-04-18 03:17:30+00,polygon-usdc-usdfc,true
41809,2026-04-18 03:20:02+00,eth-usdfc,true
41810,2026-04-18 03:20:03+00,fil-usdfc,true
41811,2026-04-18 03:20:04+00,base-usdc-usdfc,true
41812,2026-04-18 03:20:08+00,polygon-usdc-usdfc,true
41813,2026-04-18 03:25:02+00,eth-usdfc,true
41814,2026-04-18 03:25:59+00,fil-usdfc,true
41815,2026-04-18 03:26:00+00,base-usdc-usdfc,true
41816,2026-04-18 03:26:01+00,polygon-usdc-usdfc,true
41817,2026-04-18 03:30:02+00,eth-usdfc,true
41818,2026-04-18 03:30:04+00,fil-usdfc,true
41819,2026-04-18 03:30:06+00,base-usdc-usdfc,true
41820,2026-04-18 03:30:08+00,polygon-usdc-usdfc,true
41821,2026-04-18 03:35:02+00,eth-usdfc,true
41822,2026-04-18 03:35:03+00,fil-usdfc,true
41823,2026-04-18 03:35:04+00,base-usdc-usdfc,true
41824,2026-04-18 03:35:06+00,polygon-usdc-usdfc,true
41825,2026-04-18 03:40:01+00,eth-usdfc,true
41826,2026-04-18 03:42:17+00,fil-usdfc,true
41827,2026-04-18 03:42:23+00,base-usdc-usdfc,true
41828,2026-04-18 03:42:24+00,polygon-usdc-usdfc,true
41829,2026-04-18 03:45:02+00,eth-usdfc,true
41830,2026-04-18 03:45:43+00,fil-usdfc,true
41831,2026-04-18 03:45:47+00,base-usdc-usdfc,true
41832,2026-04-18 03:45:49+00,polygon-usdc-usdfc,true
41833,2026-04-18 03:50:02+00,eth-usdfc,true
41834,2026-04-18 03:52:15+00,fil-usdfc,true
41835,2026-04-18 03:52:45+00,base-usdc-usdfc,true
41836,2026-04-18 03:52:47+00,polygon-usdc-usdfc,true
41837,2026-04-18 04:10:02+00,eth-usdfc,true
41838,2026-04-18 04:10:46+00,fil-usdfc,true
41839,2026-04-18 04:10:51+00,base-usdc-usdfc,true
41840,2026-04-18 04:10:53+00,polygon-usdc-usdfc,true
41841,2026-04-18 04:15:02+00,eth-usdfc,true
41842,2026-04-18 04:30:44+00,fil-usdfc,true
41843,2026-04-18 04:31:20+00,base-usdc-usdfc,true
41844,2026-04-18 04:31:23+00,polygon-usdc-usdfc,true
41845,2026-04-18 04:35:02+00,eth-usdfc,true
41846,2026-04-18 04:35:11+00,fil-usdfc,true
41847,2026-04-18 04:35:13+00,base-usdc-usdfc,true
41848,2026-04-18 04:35:16+00,polygon-usdc-usdfc,true
41849,2026-04-18 04:40:02+00,eth-usdfc,true
41850,2026-04-18 04:40:04+00,fil-usdfc,true
41851,2026-04-18 04:40:05+00,base-usdc-usdfc,true
41852,2026-04-18 04:40:08+00,polygon-usdc-usdfc,true
41853,2026-04-18 04:45:02+00,eth-usdfc,true
41854,2026-04-18 04:49:40+00,fil-usdfc,true
41855,2026-04-18 04:49:52+00,base-usdc-usdfc,true
41856,2026-04-18 04:49:54+00,polygon-usdc-usdfc,true
41857,2026-04-18 04:50:00+00,eth-usdfc,true
41858,2026-04-18 04:50:01+00,fil-usdfc,true
41859,2026-04-18 04:50:02+00,base-usdc-usdfc,true
41860,2026-04-18 04:50:04+00,polygon-usdc-usdfc,true
41861,2026-04-18 04:55:01+00,eth-usdfc,true
41862,2026-04-18 04:55:04+00,fil-usdfc,true
41863,2026-04-18 04:55:05+00,base-usdc-usdfc,true
41864,2026-04-18 04:55:06+00,polygon-usdc-usdfc,true
41865,2026-04-18 05:00:01+00,eth-usdfc,true
41866,2026-04-18 05:00:03+00,fil-usdfc,true
41867,2026-04-18 05:00:06+00,base-usdc-usdfc,true
41868,2026-04-18 05:00:09+00,polygon-usdc-usdfc,true
41869,2026-04-18 05:05:01+00,eth-usdfc,true
41870,2026-04-18 05:32:15+00,fil-usdfc,true
41871,2026-04-18 05:55:02+00,base-usdc-usdfc,true
41872,2026-04-18 05:58:38+00,polygon-usdc-usdfc,true
41873,2026-04-18 06:00:02+00,eth-usdfc,true
41874,2026-04-18 06:01:50+00,fil-usdfc,true
41875,2026-04-18 06:01:52+00,base-usdc-usdfc,true
41876,2026-04-18 06:01:53+00,polygon-usdc-usdfc,true
41877,2026-04-18 06:05:02+00,eth-usdfc,true
41878,2026-04-18 06:05:06+00,fil-usdfc,true
41879,2026-04-18 06:05:08+00,base-usdc-usdfc,true
41880,2026-04-18 06:05:09+00,polygon-usdc-usdfc,true
41881,2026-04-18 06:10:01+00,eth-usdfc,true
41882,2026-04-18 06:11:20+00,fil-usdfc,true
41883,2026-04-18 06:11:24+00,base-usdc-usdfc,true
41884,2026-04-18 06:11:29+00,polygon-usdc-usdfc,true
41885,2026-04-18 06:15:01+00,eth-usdfc,true
41886,2026-04-18 06:16:03+00,fil-usdfc,true
41887,2026-04-18 06:16:04+00,base-usdc-usdfc,true
41888,2026-04-18 06:16:05+00,polygon-usdc-usdfc,true
41889,2026-04-18 06:20:02+00,eth-usdfc,true
41890,2026-04-18 06:28:01+00,fil-usdfc,true
41891,2026-04-18 06:28:10+00,base-usdc-usdfc,true
41892,2026-04-18 06:28:12+00,polygon-usdc-usdfc,true
41893,2026-04-18 06:30:02+00,eth-usdfc,true
41894,2026-04-18 06:32:53+00,fil-usdfc,true
41895,2026-04-18 06:32:57+00,base-usdc-usdfc,true
41896,2026-04-18 06:32:59+00,polygon-usdc-usdfc,true
41897,2026-04-18 06:40:02+00,eth-usdfc,true
41898,2026-04-18 06:40:15+00,fil-usdfc,true
41899,2026-04-18 06:40:18+00,base-usdc-usdfc,true
41900,2026-04-18 06:40:20+00,polygon-usdc-usdfc,true
41901,2026-04-18 06:45:01+00,eth-usdfc,true
41902,2026-04-18 06:45:05+00,fil-usdfc,true
41903,2026-04-18 06:45:08+00,base-usdc-usdfc,true
41904,2026-04-18 06:45:09+00,polygon-usdc-usdfc,true
41905,2026-04-18 06:50:01+00,eth-usdfc,true
41906,2026-04-18 06:52:26+00,fil-usdfc,true
41907,2026-04-18 06:52:28+00,base-usdc-usdfc,true
41908,2026-04-18 06:52:31+00,polygon-usdc-usdfc,true
41909,2026-04-18 06:55:02+00,eth-usdfc,true
41910,2026-04-18 06:59:15+00,fil-usdfc,true
41911,2026-04-18 06:59:20+00,base-usdc-usdfc,true
41912,2026-04-18 06:59:21+00,polygon-usdc-usdfc,true
41913,2026-04-18 07:00:02+00,eth-usdfc,true
41914,2026-04-18 07:16:29+00,fil-usdfc,true
41915,2026-04-18 07:16:31+00,base-usdc-usdfc,true
41916,2026-04-18 07:16:34+00,polygon-usdc-usdfc,true
41917,2026-04-18 07:20:02+00,eth-usdfc,true
41918,2026-04-18 07:20:34+00,fil-usdfc,true
41919,2026-04-18 07:20:41+00,base-usdc-usdfc,true
41920,2026-04-18 07:20:43+00,polygon-usdc-usdfc,true
41921,2026-04-18 07:25:02+00,eth-usdfc,true
41922,2026-04-18 07:25:11+00,fil-usdfc,true
41923,2026-04-18 07:25:29+00,base-usdc-usdfc,true
41924,2026-04-18 07:25:35+00,polygon-usdc-usdfc,true
41925,2026-04-18 07:30:01+00,eth-usdfc,true
41926,2026-04-18 07:30:08+00,fil-usdfc,true
41927,2026-04-18 07:30:28+00,base-usdc-usdfc,true
41928,2026-04-18 07:30:29+00,polygon-usdc-usdfc,true
41929,2026-04-18 07:35:02+00,eth-usdfc,true
41930,2026-04-18 07:36:41+00,fil-usdfc,true
41931,2026-04-18 07:37:00+00,base-usdc-usdfc,true
41932,2026-04-18 07:37:15+00,polygon-usdc-usdfc,true
41933,2026-04-18 07:40:01+00,eth-usdfc,true
41934,2026-04-18 07:43:17+00,fil-usdfc,true
41935,2026-04-18 07:43:21+00,base-usdc-usdfc,true
41936,2026-04-18 07:43:23+00,polygon-usdc-usdfc,true
41937,2026-04-18 07:45:02+00,eth-usdfc,true
41938,2026-04-18 07:45:03+00,fil-usdfc,true
41939,2026-04-18 07:45:04+00,base-usdc-usdfc,true
41940,2026-04-18 07:45:06+00,polygon-usdc-usdfc,true
41941,2026-04-18 07:50:02+00,eth-usdfc,true
41942,2026-04-18 07:50:04+00,fil-usdfc,true
41943,2026-04-18 07:50:08+00,base-usdc-usdfc,true
41944,2026-04-18 07:50:09+00,polygon-usdc-usdfc,true
41945,2026-04-18 07:55:02+00,eth-usdfc,true
41946,2026-04-18 07:55:14+00,fil-usdfc,true
41947,2026-04-18 07:55:52+00,base-usdc-usdfc,true
41948,2026-04-18 07:55:53+00,polygon-usdc-usdfc,true
41949,2026-04-18 08:00:01+00,eth-usdfc,true
41950,2026-04-18 08:09:55+00,fil-usdfc,true
41951,2026-04-18 08:09:57+00,base-usdc-usdfc,true
41952,2026-04-18 08:10:00+00,polygon-usdc-usdfc,true
41953,2026-04-18 08:15:04+00,eth-usdfc,true
41954,2026-04-18 08:15:47+00,fil-usdfc,true
41955,2026-04-18 08:15:48+00,base-usdc-usdfc,true
41956,2026-04-18 08:15:50+00,polygon-usdc-usdfc,true
41957,2026-04-18 08:20:02+00,eth-usdfc,true
41958,2026-04-18 08:20:10+00,fil-usdfc,true
41959,2026-04-18 08:20:13+00,base-usdc-usdfc,true
41960,2026-04-18 08:20:14+00,polygon-usdc-usdfc,true
41961,2026-04-18 08:25:02+00,eth-usdfc,true
41962,2026-04-18 08:26:05+00,fil-usdfc,true
41963,2026-04-18 08:26:14+00,base-usdc-usdfc,true
41964,2026-04-18 08:26:15+00,polygon-usdc-usdfc,true
41965,2026-04-18 08:30:01+00,eth-usdfc,true
41966,2026-04-18 08:30:43+00,fil-usdfc,true
41967,2026-04-18 08:30:50+00,base-usdc-usdfc,true
41968,2026-04-18 08:31:01+00,polygon-usdc-usdfc,true
41969,2026-04-18 08:35:03+00,eth-usdfc,true
41970,2026-04-18 08:35:21+00,fil-usdfc,true
41971,2026-04-18 08:35:59+00,base-usdc-usdfc,true
41972,2026-04-18 08:36:02+00,polygon-usdc-usdfc,true
41973,2026-04-18 08:55:02+00,eth-usdfc,true
41974,2026-04-18 08:56:38+00,fil-usdfc,true
41975,2026-04-18 08:56:44+00,base-usdc-usdfc,true
41976,2026-04-18 08:56:50+00,polygon-usdc-usdfc,true
41977,2026-04-18 09:05:02+00,eth-usdfc,true
41978,2026-04-18 09:06:01+00,fil-usdfc,true
41979,2026-04-18 09:06:27+00,base-usdc-usdfc,true
41980,2026-04-18 09:11:23+00,polygon-usdc-usdfc,true
41981,2026-04-18 09:15:02+00,eth-usdfc,true
41982,2026-04-18 09:16:14+00,fil-usdfc,true
41983,2026-04-18 09:16:16+00,base-usdc-usdfc,true
41984,2026-04-18 09:16:17+00,polygon-usdc-usdfc,true
41985,2026-04-18 09:20:01+00,eth-usdfc,true
41986,2026-04-18 09:20:06+00,fil-usdfc,true
41987,2026-04-18 09:20:12+00,base-usdc-usdfc,true
41988,2026-04-18 09:20:18+00,polygon-usdc-usdfc,true
41989,2026-04-18 09:25:02+00,eth-usdfc,true
41990,2026-04-18 09:25:03+00,fil-usdfc,true
41991,2026-04-18 09:25:05+00,base-usdc-usdfc,true
41992,2026-04-18 09:25:06+00,polygon-usdc-usdfc,true
41993,2026-04-18 09:30:01+00,eth-usdfc,true
41994,2026-04-18 09:30:35+00,fil-usdfc,true
41996,2026-04-18 09:30:38+00,polygon-usdc-usdfc,true
41995,2026-04-18 09:30:38+00,base-usdc-usdfc,true
41997,2026-04-18 09:35:02+00,eth-usdfc,true
41998,2026-04-18 09:35:53+00,fil-usdfc,true
41999,2026-04-18 09:36:14+00,base-usdc-usdfc,true
42000,2026-04-18 09:36:15+00,polygon-usdc-usdfc,true
42001,2026-04-18 09:40:01+00,eth-usdfc,true
42002,2026-04-18 09:41:22+00,fil-usdfc,true
42003,2026-04-18 09:41:23+00,base-usdc-usdfc,true
42004,2026-04-18 09:41:24+00,polygon-usdc-usdfc,true
42005,2026-04-18 09:45:02+00,eth-usdfc,true
42006,2026-04-18 09:45:06+00,fil-usdfc,true
42007,2026-04-18 09:45:13+00,base-usdc-usdfc,true
42008,2026-04-18 09:45:24+00,polygon-usdc-usdfc,true
42009,2026-04-18 09:50:02+00,eth-usdfc,true
42010,2026-04-18 09:50:15+00,fil-usdfc,true
42011,2026-04-18 09:50:21+00,base-usdc-usdfc,true
42012,2026-04-18 09:50:23+00,polygon-usdc-usdfc,true
42013,2026-04-18 09:55:02+00,eth-usdfc,true
42014,2026-04-18 09:55:24+00,fil-usdfc,true
42015,2026-04-18 09:55:25+00,base-usdc-usdfc,true
42016,2026-04-18 09:55:26+00,polygon-usdc-usdfc,true
42017,2026-04-18 10:00:02+00,eth-usdfc,true
42018,2026-04-18 10:00:51+00,fil-usdfc,true
42019,2026-04-18 10:00:53+00,base-usdc-usdfc,true
42020,2026-04-18 10:01:04+00,polygon-usdc-usdfc,true
42021,2026-04-18 10:10:02+00,eth-usdfc,true
42022,2026-04-18 10:11:47+00,fil-usdfc,true
42023,2026-04-18 10:11:49+00,base-usdc-usdfc,true
42024,2026-04-18 10:11:51+00,polygon-usdc-usdfc,true
42025,2026-04-18 10:25:02+00,eth-usdfc,true
42026,2026-04-18 10:25:58+00,fil-usdfc,true
42027,2026-04-18 10:25:59+00,base-usdc-usdfc,true
42028,2026-04-18 10:26:02+00,polygon-usdc-usdfc,true
42029,2026-04-18 10:30:02+00,eth-usdfc,true
42030,2026-04-18 10:32:22+00,fil-usdfc,true
42031,2026-04-18 10:32:26+00,base-usdc-usdfc,true
42032,2026-04-18 10:32:27+00,polygon-usdc-usdfc,true
42033,2026-04-18 10:35:02+00,eth-usdfc,true
42034,2026-04-18 10:39:51+00,fil-usdfc,true
42035,2026-04-18 10:40:28+00,base-usdc-usdfc,true
42036,2026-04-18 10:40:29+00,polygon-usdc-usdfc,true
42037,2026-04-18 10:45:02+00,eth-usdfc,true
42038,2026-04-18 10:45:07+00,fil-usdfc,true
42039,2026-04-18 10:45:08+00,base-usdc-usdfc,true
42040,2026-04-18 10:45:09+00,polygon-usdc-usdfc,true
42041,2026-04-18 10:50:02+00,eth-usdfc,true
42042,2026-04-18 10:50:26+00,fil-usdfc,true
42043,2026-04-18 10:50:27+00,base-usdc-usdfc,true
42044,2026-04-18 10:50:28+00,polygon-usdc-usdfc,true
42045,2026-04-18 10:55:02+00,eth-usdfc,true
42046,2026-04-18 10:55:29+00,fil-usdfc,true
42047,2026-04-18 10:55:30+00,base-usdc-usdfc,true
42048,2026-04-18 10:55:31+00,polygon-usdc-usdfc,true
42049,2026-04-18 11:00:02+00,eth-usdfc,true
42050,2026-04-18 11:00:17+00,fil-usdfc,true
42051,2026-04-18 11:00:19+00,base-usdc-usdfc,true
42052,2026-04-18 11:00:26+00,polygon-usdc-usdfc,true
42053,2026-04-18 11:05:06+00,eth-usdfc,true
42054,2026-04-18 11:06:59+00,fil-usdfc,true
42055,2026-04-18 11:07:00+00,base-usdc-usdfc,true
42056,2026-04-18 11:07:10+00,polygon-usdc-usdfc,true
42057,2026-04-18 11:10:03+00,eth-usdfc,true
42058,2026-04-18 11:10:22+00,fil-usdfc,true
42059,2026-04-18 11:10:26+00,base-usdc-usdfc,true
42060,2026-04-18 11:10:27+00,polygon-usdc-usdfc,true
42061,2026-04-18 11:15:01+00,eth-usdfc,true
42062,2026-04-18 11:15:12+00,fil-usdfc,true
42063,2026-04-18 11:15:15+00,base-usdc-usdfc,true
42064,2026-04-18 11:15:20+00,polygon-usdc-usdfc,true
42065,2026-04-18 11:20:02+00,eth-usdfc,true
42067,2026-04-18 11:20:05+00,base-usdc-usdfc,true
42066,2026-04-18 11:20:05+00,fil-usdfc,true
42068,2026-04-18 11:20:40+00,polygon-usdc-usdfc,true
42069,2026-04-18 11:25:02+00,eth-usdfc,true
42070,2026-04-18 11:28:18+00,fil-usdfc,true
42071,2026-04-18 11:28:20+00,base-usdc-usdfc,true
42072,2026-04-18 11:28:21+00,polygon-usdc-usdfc,true
42073,2026-04-18 11:30:02+00,eth-usdfc,true
42074,2026-04-18 11:31:44+00,fil-usdfc,true
42076,2026-04-18 11:31:46+00,polygon-usdc-usdfc,true
42075,2026-04-18 11:31:46+00,base-usdc-usdfc,true
42077,2026-04-18 11:35:01+00,eth-usdfc,true
42078,2026-04-18 11:35:31+00,fil-usdfc,true
42080,2026-04-18 11:35:34+00,polygon-usdc-usdfc,true
42079,2026-04-18 11:35:34+00,base-usdc-usdfc,true
42081,2026-04-18 11:40:01+00,eth-usdfc,true
42082,2026-04-18 11:40:30+00,fil-usdfc,true
42083,2026-04-18 11:40:56+00,base-usdc-usdfc,true
42084,2026-04-18 11:41:03+00,polygon-usdc-usdfc,true
42085,2026-04-18 11:45:01+00,eth-usdfc,true
42086,2026-04-18 11:45:04+00,fil-usdfc,true
42087,2026-04-18 11:45:05+00,base-usdc-usdfc,true
42088,2026-04-18 11:45:07+00,polygon-usdc-usdfc,true
42089,2026-04-18 11:50:01+00,eth-usdfc,true
42090,2026-04-18 11:54:11+00,fil-usdfc,true
42091,2026-04-18 11:54:13+00,base-usdc-usdfc,true
42092,2026-04-18 11:54:21+00,polygon-usdc-usdfc,true
42093,2026-04-18 12:00:02+00,eth-usdfc,true
42094,2026-04-18 12:00:14+00,fil-usdfc,true
42095,2026-04-18 12:00:16+00,base-usdc-usdfc,true
42096,2026-04-18 12:00:17+00,polygon-usdc-usdfc,true
42097,2026-04-18 12:05:02+00,eth-usdfc,true
42098,2026-04-18 12:05:07+00,fil-usdfc,true
42100,2026-04-18 12:05:08+00,polygon-usdc-usdfc,true
42099,2026-04-18 12:05:08+00,base-usdc-usdfc,true
42101,2026-04-18 12:10:01+00,eth-usdfc,true
42102,2026-04-18 12:10:07+00,fil-usdfc,true
42103,2026-04-18 12:10:28+00,base-usdc-usdfc,true
42104,2026-04-18 12:10:31+00,polygon-usdc-usdfc,true
42105,2026-04-18 12:15:02+00,eth-usdfc,true
42106,2026-04-18 12:15:24+00,fil-usdfc,true
42107,2026-04-18 12:15:26+00,base-usdc-usdfc,true
42108,2026-04-18 12:15:27+00,polygon-usdc-usdfc,true
42109,2026-04-18 12:20:02+00,eth-usdfc,true
42110,2026-04-18 12:23:28+00,fil-usdfc,true
42111,2026-04-18 12:23:30+00,base-usdc-usdfc,true
42112,2026-04-18 12:23:32+00,polygon-usdc-usdfc,true
42113,2026-04-18 12:30:02+00,eth-usdfc,true
42114,2026-04-18 12:30:04+00,fil-usdfc,true
42115,2026-04-18 12:30:05+00,base-usdc-usdfc,true
42116,2026-04-18 12:30:09+00,polygon-usdc-usdfc,true
42117,2026-04-18 12:35:02+00,eth-usdfc,true
42118,2026-04-18 12:35:23+00,fil-usdfc,true
42119,2026-04-18 12:35:28+00,base-usdc-usdfc,true
42120,2026-04-18 12:35:46+00,polygon-usdc-usdfc,true
42121,2026-04-18 12:40:03+00,eth-usdfc,true
42122,2026-04-18 12:40:35+00,fil-usdfc,true
42123,2026-04-18 12:40:36+00,base-usdc-usdfc,true
42124,2026-04-18 12:40:37+00,polygon-usdc-usdfc,true
42125,2026-04-18 12:45:06+00,eth-usdfc,true
42126,2026-04-18 12:45:23+00,fil-usdfc,true
42127,2026-04-18 12:45:24+00,base-usdc-usdfc,true
42128,2026-04-18 12:45:25+00,polygon-usdc-usdfc,true
42129,2026-04-18 12:50:01+00,eth-usdfc,true
42130,2026-04-18 12:50:08+00,fil-usdfc,true
42131,2026-04-18 12:50:09+00,base-usdc-usdfc,true
42132,2026-04-18 12:50:12+00,polygon-usdc-usdfc,true
42133,2026-04-18 12:55:02+00,eth-usdfc,true
42134,2026-04-18 12:56:13+00,fil-usdfc,true
42135,2026-04-18 12:56:15+00,base-usdc-usdfc,true
42136,2026-04-18 12:56:17+00,polygon-usdc-usdfc,true
42137,2026-04-18 13:00:02+00,eth-usdfc,true
42138,2026-04-18 13:00:25+00,fil-usdfc,true
42139,2026-04-18 13:01:03+00,base-usdc-usdfc,true
42140,2026-04-18 13:01:04+00,polygon-usdc-usdfc,true
42141,2026-04-18 13:05:04+00,eth-usdfc,true
42142,2026-04-18 13:05:16+00,fil-usdfc,true
42143,2026-04-18 13:05:19+00,base-usdc-usdfc,true
42144,2026-04-18 13:05:20+00,polygon-usdc-usdfc,true
42145,2026-04-18 13:10:04+00,eth-usdfc,true
42146,2026-04-18 13:10:37+00,fil-usdfc,true
42147,2026-04-18 13:10:44+00,base-usdc-usdfc,true
42148,2026-04-18 13:10:45+00,polygon-usdc-usdfc,true
42149,2026-04-18 13:15:03+00,eth-usdfc,true
42150,2026-04-18 13:15:24+00,fil-usdfc,true
42151,2026-04-18 13:15:29+00,base-usdc-usdfc,true
42152,2026-04-18 13:15:30+00,polygon-usdc-usdfc,true
42153,2026-04-18 13:20:03+00,eth-usdfc,true
42154,2026-04-18 13:21:27+00,fil-usdfc,true
42155,2026-04-18 13:21:44+00,base-usdc-usdfc,true
42156,2026-04-18 13:21:45+00,polygon-usdc-usdfc,true
42157,2026-04-18 13:25:05+00,eth-usdfc,true
42158,2026-04-18 13:25:25+00,fil-usdfc,true
42160,2026-04-18 13:25:26+00,polygon-usdc-usdfc,true
42159,2026-04-18 13:25:26+00,base-usdc-usdfc,true
42161,2026-04-18 13:30:04+00,eth-usdfc,true
42162,2026-04-18 13:32:47+00,fil-usdfc,true
42163,2026-04-18 13:32:49+00,base-usdc-usdfc,true
42164,2026-04-18 13:32:52+00,polygon-usdc-usdfc,true
42165,2026-04-18 13:35:05+00,eth-usdfc,true
42166,2026-04-18 13:35:26+00,fil-usdfc,true
42167,2026-04-18 13:35:32+00,base-usdc-usdfc,true
42168,2026-04-18 13:35:46+00,polygon-usdc-usdfc,true
42169,2026-04-18 13:40:06+00,eth-usdfc,true
42170,2026-04-18 13:40:19+00,fil-usdfc,true
42171,2026-04-18 13:40:21+00,base-usdc-usdfc,true
42172,2026-04-18 13:40:23+00,polygon-usdc-usdfc,true
42173,2026-04-18 13:45:06+00,eth-usdfc,true
42174,2026-04-18 13:45:09+00,fil-usdfc,true
42175,2026-04-18 13:45:12+00,base-usdc-usdfc,true
42176,2026-04-18 13:45:13+00,polygon-usdc-usdfc,true
42177,2026-04-18 13:50:09+00,eth-usdfc,true
42178,2026-04-18 13:50:27+00,fil-usdfc,true
42179,2026-04-18 13:50:28+00,base-usdc-usdfc,true
42180,2026-04-18 13:50:29+00,polygon-usdc-usdfc,true
42181,2026-04-18 13:55:05+00,eth-usdfc,true
42182,2026-04-18 13:55:38+00,fil-usdfc,true
42183,2026-04-18 13:55:48+00,base-usdc-usdfc,true
42184,2026-04-18 13:55:49+00,polygon-usdc-usdfc,true
42185,2026-04-18 14:00:06+00,eth-usdfc,true
42186,2026-04-18 14:01:18+00,fil-usdfc,true
42187,2026-04-18 14:01:23+00,base-usdc-usdfc,true
42188,2026-04-18 14:01:24+00,polygon-usdc-usdfc,true
42189,2026-04-18 14:05:11+00,eth-usdfc,true
42190,2026-04-18 14:05:20+00,fil-usdfc,true
42191,2026-04-18 14:05:23+00,base-usdc-usdfc,true
42192,2026-04-18 14:05:25+00,polygon-usdc-usdfc,true
42193,2026-04-18 14:15:09+00,eth-usdfc,true
42194,2026-04-18 14:15:18+00,fil-usdfc,true
42196,2026-04-18 14:15:20+00,polygon-usdc-usdfc,true
42195,2026-04-18 14:15:20+00,base-usdc-usdfc,true
42197,2026-04-18 14:20:13+00,eth-usdfc,true
42198,2026-04-18 14:20:14+00,fil-usdfc,true
42200,2026-04-18 14:20:15+00,polygon-usdc-usdfc,true
42199,2026-04-18 14:20:15+00,base-usdc-usdfc,true
42201,2026-04-18 14:25:02+00,eth-usdfc,true
42202,2026-04-18 14:25:03+00,fil-usdfc,true
42203,2026-04-18 14:25:04+00,base-usdc-usdfc,true
42204,2026-04-18 14:25:05+00,polygon-usdc-usdfc,true
42205,2026-04-18 14:30:02+00,eth-usdfc,true
42207,2026-04-18 14:30:03+00,base-usdc-usdfc,true
42206,2026-04-18 14:30:03+00,fil-usdfc,true
42208,2026-04-18 14:30:04+00,polygon-usdc-usdfc,true
42209,2026-04-18 14:35:01+00,eth-usdfc,true
42210,2026-04-18 14:35:02+00,fil-usdfc,true
42211,2026-04-18 14:35:03+00,base-usdc-usdfc,true
42212,2026-04-18 14:35:04+00,polygon-usdc-usdfc,true
42213,2026-04-18 14:40:01+00,eth-usdfc,true
42214,2026-04-18 14:40:02+00,fil-usdfc,true
42215,2026-04-18 14:40:03+00,base-usdc-usdfc,true
42216,2026-04-18 14:40:04+00,polygon-usdc-usdfc,true
42217,2026-04-18 14:45:02+00,eth-usdfc,true
42218,2026-04-18 14:45:04+00,fil-usdfc,true
42219,2026-04-18 14:45:07+00,base-usdc-usdfc,true
42220,2026-04-18 14:45:08+00,polygon-usdc-usdfc,true
42221,2026-04-18 14:50:02+00,eth-usdfc,true
42222,2026-04-18 14:50:10+00,fil-usdfc,true
42223,2026-04-18 14:50:17+00,base-usdc-usdfc,true
42224,2026-04-18 14:50:21+00,polygon-usdc-usdfc,true
42225,2026-04-18 14:55:02+00,eth-usdfc,true
42226,2026-04-18 14:55:04+00,fil-usdfc,true
42227,2026-04-18 14:55:20+00,base-usdc-usdfc,true
42228,2026-04-18 14:55:21+00,polygon-usdc-usdfc,true
42229,2026-04-18 15:00:01+00,eth-usdfc,true
42230,2026-04-18 15:00:06+00,fil-usdfc,true
42231,2026-04-18 15:00:09+00,base-usdc-usdfc,true
42232,2026-04-18 15:00:11+00,polygon-usdc-usdfc,true
42233,2026-04-18 15:05:02+00,eth-usdfc,true
42234,2026-04-18 15:05:04+00,fil-usdfc,true
42235,2026-04-18 15:05:06+00,base-usdc-usdfc,true
42236,2026-04-18 15:05:07+00,polygon-usdc-usdfc,true
42237,2026-04-18 15:10:02+00,eth-usdfc,true
42238,2026-04-18 15:10:03+00,fil-usdfc,true
42239,2026-04-18 15:10:04+00,base-usdc-usdfc,true
42240,2026-04-18 15:10:05+00,polygon-usdc-usdfc,true
42241,2026-04-18 15:15:02+00,eth-usdfc,true
42242,2026-04-18 15:15:10+00,fil-usdfc,true
42243,2026-04-18 15:15:12+00,base-usdc-usdfc,true
42244,2026-04-18 15:15:13+00,polygon-usdc-usdfc,true
42245,2026-04-18 15:20:02+00,eth-usdfc,true
42246,2026-04-18 15:20:03+00,fil-usdfc,true
42248,2026-04-18 15:20:04+00,polygon-usdc-usdfc,true
42247,2026-04-18 15:20:04+00,base-usdc-usdfc,true
42249,2026-04-18 15:25:02+00,eth-usdfc,true
42250,2026-04-18 15:25:03+00,fil-usdfc,true
42251,2026-04-18 15:25:04+00,base-usdc-usdfc,true
42252,2026-04-18 15:25:05+00,polygon-usdc-usdfc,true
42253,2026-04-18 15:30:02+00,eth-usdfc,true
42254,2026-04-18 15:30:03+00,fil-usdfc,true
42255,2026-04-18 15:30:08+00,base-usdc-usdfc,true
42256,2026-04-18 15:30:13+00,polygon-usdc-usdfc,true
42257,2026-04-18 15:35:01+00,eth-usdfc,true
42258,2026-04-18 15:35:02+00,fil-usdfc,true
42259,2026-04-18 15:35:03+00,base-usdc-usdfc,true
42260,2026-04-18 15:35:04+00,polygon-usdc-usdfc,true
42261,2026-04-18 15:40:01+00,eth-usdfc,true
42262,2026-04-18 15:40:05+00,fil-usdfc,true
42263,2026-04-18 15:40:07+00,base-usdc-usdfc,true
42264,2026-04-18 15:40:09+00,polygon-usdc-usdfc,true
42265,2026-04-18 15:45:03+00,eth-usdfc,true
42266,2026-04-18 15:45:04+00,fil-usdfc,true
42268,2026-04-18 15:45:05+00,polygon-usdc-usdfc,true
42267,2026-04-18 15:45:05+00,base-usdc-usdfc,true
42269,2026-04-18 15:50:02+00,eth-usdfc,true
42270,2026-04-18 15:50:03+00,fil-usdfc,true
42271,2026-04-18 15:50:04+00,base-usdc-usdfc,true
42272,2026-04-18 15:50:05+00,polygon-usdc-usdfc,true
42273,2026-04-18 15:55:01+00,eth-usdfc,true
42274,2026-04-18 15:55:02+00,fil-usdfc,true
42275,2026-04-18 15:55:03+00,base-usdc-usdfc,true
42276,2026-04-18 15:55:04+00,polygon-usdc-usdfc,true
42277,2026-04-18 16:00:02+00,eth-usdfc,true
42279,2026-04-18 16:00:04+00,base-usdc-usdfc,true
42278,2026-04-18 16:00:04+00,fil-usdfc,true
42280,2026-04-18 16:00:05+00,polygon-usdc-usdfc,true
42281,2026-04-18 16:05:01+00,eth-usdfc,true
42282,2026-04-18 16:05:02+00,fil-usdfc,true
42284,2026-04-18 16:05:03+00,polygon-usdc-usdfc,true
42283,2026-04-18 16:05:03+00,base-usdc-usdfc,true
42285,2026-04-18 16:10:02+00,eth-usdfc,true
42286,2026-04-18 16:10:04+00,fil-usdfc,true
42288,2026-04-18 16:10:05+00,polygon-usdc-usdfc,true
42287,2026-04-18 16:10:05+00,base-usdc-usdfc,true
42289,2026-04-18 16:15:02+00,eth-usdfc,true
42290,2026-04-18 16:15:14+00,fil-usdfc,true
42292,2026-04-18 16:15:15+00,polygon-usdc-usdfc,true
42291,2026-04-18 16:15:15+00,base-usdc-usdfc,true
42293,2026-04-18 16:20:03+00,eth-usdfc,true
42294,2026-04-18 16:20:04+00,fil-usdfc,true
42296,2026-04-18 16:20:05+00,polygon-usdc-usdfc,true
42295,2026-04-18 16:20:05+00,base-usdc-usdfc,true
42297,2026-04-18 16:25:01+00,eth-usdfc,true
42298,2026-04-18 16:25:02+00,fil-usdfc,true
42299,2026-04-18 16:25:04+00,base-usdc-usdfc,true
42300,2026-04-18 16:25:05+00,polygon-usdc-usdfc,true
42301,2026-04-18 16:30:02+00,eth-usdfc,true
42302,2026-04-18 16:30:03+00,fil-usdfc,true
42303,2026-04-18 16:30:06+00,base-usdc-usdfc,true
42304,2026-04-18 16:30:07+00,polygon-usdc-usdfc,true
42305,2026-04-18 16:35:02+00,eth-usdfc,true
42306,2026-04-18 16:35:03+00,fil-usdfc,true
42307,2026-04-18 16:35:20+00,base-usdc-usdfc,true
42308,2026-04-18 16:35:21+00,polygon-usdc-usdfc,true
42309,2026-04-18 16:40:01+00,eth-usdfc,true
42310,2026-04-18 16:40:21+00,fil-usdfc,true
42311,2026-04-18 16:40:27+00,base-usdc-usdfc,true
42312,2026-04-18 16:40:28+00,polygon-usdc-usdfc,true
42313,2026-04-18 16:45:02+00,eth-usdfc,true
42314,2026-04-18 16:45:03+00,fil-usdfc,true
42315,2026-04-18 16:45:04+00,base-usdc-usdfc,true
42316,2026-04-18 16:45:05+00,polygon-usdc-usdfc,true
42317,2026-04-18 16:50:01+00,eth-usdfc,true
42318,2026-04-18 16:50:02+00,fil-usdfc,true
42319,2026-04-18 16:50:03+00,base-usdc-usdfc,true
42320,2026-04-18 16:50:04+00,polygon-usdc-usdfc,true
42321,2026-04-18 16:55:02+00,eth-usdfc,true
42322,2026-04-18 16:55:31+00,fil-usdfc,true
42323,2026-04-18 16:55:34+00,base-usdc-usdfc,true
42324,2026-04-18 16:55:36+00,polygon-usdc-usdfc,true
42325,2026-04-18 17:00:02+00,eth-usdfc,true
42326,2026-04-18 17:00:06+00,fil-usdfc,true
42327,2026-04-18 17:00:08+00,base-usdc-usdfc,true
42328,2026-04-18 17:00:17+00,polygon-usdc-usdfc,true
42329,2026-04-18 17:05:01+00,eth-usdfc,true
42330,2026-04-18 17:05:04+00,fil-usdfc,true
42331,2026-04-18 17:05:42+00,base-usdc-usdfc,true
42332,2026-04-18 17:05:43+00,polygon-usdc-usdfc,true
42333,2026-04-18 17:10:02+00,eth-usdfc,true
42334,2026-04-18 17:10:03+00,fil-usdfc,true
42335,2026-04-18 17:10:05+00,base-usdc-usdfc,true
42336,2026-04-18 17:10:06+00,polygon-usdc-usdfc,true
42337,2026-04-18 17:15:02+00,eth-usdfc,true
42338,2026-04-18 17:15:04+00,fil-usdfc,true
42339,2026-04-18 17:15:08+00,base-usdc-usdfc,true
42340,2026-04-18 17:15:12+00,polygon-usdc-usdfc,true
42341,2026-04-18 17:20:02+00,eth-usdfc,true
42342,2026-04-18 17:20:04+00,fil-usdfc,true
42343,2026-04-18 17:20:06+00,base-usdc-usdfc,true
42344,2026-04-18 17:20:07+00,polygon-usdc-usdfc,true
42345,2026-04-18 17:25:02+00,eth-usdfc,true
42346,2026-04-18 17:25:03+00,fil-usdfc,true
42348,2026-04-18 17:25:04+00,polygon-usdc-usdfc,true
42347,2026-04-18 17:25:04+00,base-usdc-usdfc,true
42349,2026-04-18 17:30:02+00,eth-usdfc,true
42351,2026-04-18 17:30:06+00,base-usdc-usdfc,true
42350,2026-04-18 17:30:06+00,fil-usdfc,true
42352,2026-04-18 17:30:07+00,polygon-usdc-usdfc,true
42353,2026-04-18 17:35:02+00,eth-usdfc,true
42354,2026-04-18 17:35:03+00,fil-usdfc,true
42356,2026-04-18 17:35:04+00,polygon-usdc-usdfc,true
42355,2026-04-18 17:35:04+00,base-usdc-usdfc,true
42357,2026-04-18 17:40:02+00,eth-usdfc,true
42358,2026-04-18 17:40:16+00,fil-usdfc,true
42359,2026-04-18 17:40:17+00,base-usdc-usdfc,true
42360,2026-04-18 17:40:18+00,polygon-usdc-usdfc,true
42361,2026-04-18 17:45:02+00,eth-usdfc,true
42362,2026-04-18 17:45:04+00,fil-usdfc,true
42363,2026-04-18 17:45:05+00,base-usdc-usdfc,true
42364,2026-04-18 17:45:06+00,polygon-usdc-usdfc,true
42365,2026-04-18 17:50:02+00,eth-usdfc,true
42366,2026-04-18 17:50:03+00,fil-usdfc,true
42367,2026-04-18 17:50:04+00,base-usdc-usdfc,true
42368,2026-04-18 17:50:12+00,polygon-usdc-usdfc,true
42369,2026-04-18 17:55:02+00,eth-usdfc,true
42370,2026-04-18 17:55:03+00,fil-usdfc,true
42371,2026-04-18 17:55:13+00,base-usdc-usdfc,true
42372,2026-04-18 17:55:14+00,polygon-usdc-usdfc,true
42373,2026-04-18 18:00:01+00,eth-usdfc,true
42374,2026-04-18 18:00:02+00,fil-usdfc,true
42375,2026-04-18 18:00:03+00,base-usdc-usdfc,true
42376,2026-04-18 18:00:04+00,polygon-usdc-usdfc,true
42377,2026-04-18 18:05:01+00,eth-usdfc,true
42378,2026-04-18 18:05:03+00,fil-usdfc,true
42379,2026-04-18 18:05:04+00,base-usdc-usdfc,true
42380,2026-04-18 18:05:05+00,polygon-usdc-usdfc,true
42381,2026-04-18 18:10:02+00,eth-usdfc,true
42382,2026-04-18 18:10:08+00,fil-usdfc,true
42383,2026-04-18 18:10:10+00,base-usdc-usdfc,true
42384,2026-04-18 18:10:11+00,polygon-usdc-usdfc,true
42385,2026-04-18 18:15:02+00,eth-usdfc,true
42387,2026-04-18 18:15:03+00,base-usdc-usdfc,true
42386,2026-04-18 18:15:03+00,fil-usdfc,true
42388,2026-04-18 18:15:04+00,polygon-usdc-usdfc,true
42389,2026-04-18 18:20:04+00,eth-usdfc,true
42390,2026-04-18 18:20:05+00,fil-usdfc,true
42391,2026-04-18 18:20:06+00,base-usdc-usdfc,true
42392,2026-04-18 18:20:07+00,polygon-usdc-usdfc,true
42393,2026-04-18 18:25:02+00,eth-usdfc,true
42394,2026-04-18 18:25:04+00,fil-usdfc,true
42395,2026-04-18 18:25:07+00,base-usdc-usdfc,true
42396,2026-04-18 18:25:08+00,polygon-usdc-usdfc,true
42397,2026-04-18 18:30:01+00,eth-usdfc,true
42398,2026-04-18 18:30:02+00,fil-usdfc,true
42399,2026-04-18 18:30:03+00,base-usdc-usdfc,true
42400,2026-04-18 18:30:05+00,polygon-usdc-usdfc,true
42401,2026-04-18 18:35:02+00,eth-usdfc,true
42402,2026-04-18 18:35:03+00,fil-usdfc,true
42403,2026-04-18 18:35:05+00,base-usdc-usdfc,true
42404,2026-04-18 18:35:06+00,polygon-usdc-usdfc,true
42405,2026-04-18 18:40:01+00,eth-usdfc,true
42406,2026-04-18 18:40:03+00,fil-usdfc,true
42407,2026-04-18 18:40:04+00,base-usdc-usdfc,true
42408,2026-04-18 18:40:07+00,polygon-usdc-usdfc,true
42409,2026-04-18 18:45:01+00,eth-usdfc,true
42410,2026-04-18 18:45:06+00,fil-usdfc,true
42411,2026-04-18 18:45:09+00,base-usdc-usdfc,true
42412,2026-04-18 18:45:10+00,polygon-usdc-usdfc,true
42413,2026-04-18 18:50:02+00,eth-usdfc,true
42414,2026-04-18 18:50:03+00,fil-usdfc,true
42416,2026-04-18 18:50:04+00,polygon-usdc-usdfc,true
42415,2026-04-18 18:50:04+00,base-usdc-usdfc,true
42417,2026-04-18 18:55:02+00,eth-usdfc,true
42418,2026-04-18 18:55:03+00,fil-usdfc,true
42420,2026-04-18 18:55:04+00,polygon-usdc-usdfc,true
42419,2026-04-18 18:55:04+00,base-usdc-usdfc,true
42421,2026-04-18 19:00:01+00,eth-usdfc,true
42422,2026-04-18 19:00:03+00,fil-usdfc,true
42423,2026-04-18 19:00:04+00,base-usdc-usdfc,true
42424,2026-04-18 19:00:07+00,polygon-usdc-usdfc,true
42425,2026-04-18 19:05:01+00,eth-usdfc,true
42426,2026-04-18 19:05:03+00,fil-usdfc,true
42427,2026-04-18 19:05:04+00,base-usdc-usdfc,true
42428,2026-04-18 19:05:05+00,polygon-usdc-usdfc,true
42429,2026-04-18 19:10:02+00,eth-usdfc,true
42430,2026-04-18 19:10:07+00,fil-usdfc,true
42431,2026-04-18 19:10:09+00,base-usdc-usdfc,true
42432,2026-04-18 19:10:11+00,polygon-usdc-usdfc,true
42433,2026-04-18 19:15:02+00,eth-usdfc,true
42434,2026-04-18 19:15:03+00,fil-usdfc,true
42436,2026-04-18 19:15:04+00,polygon-usdc-usdfc,true
42435,2026-04-18 19:15:04+00,base-usdc-usdfc,true
42437,2026-04-18 19:20:02+00,eth-usdfc,true
42439,2026-04-18 19:20:03+00,base-usdc-usdfc,true
42438,2026-04-18 19:20:03+00,fil-usdfc,true
42440,2026-04-18 19:20:04+00,polygon-usdc-usdfc,true
42441,2026-04-18 19:25:01+00,eth-usdfc,true
42442,2026-04-18 19:25:10+00,fil-usdfc,true
42443,2026-04-18 19:25:11+00,base-usdc-usdfc,true
42444,2026-04-18 19:25:12+00,polygon-usdc-usdfc,true
42445,2026-04-18 19:30:02+00,eth-usdfc,true
42446,2026-04-18 19:30:05+00,fil-usdfc,true
42447,2026-04-18 19:30:07+00,base-usdc-usdfc,true
42448,2026-04-18 19:30:10+00,polygon-usdc-usdfc,true
42449,2026-04-18 19:35:01+00,eth-usdfc,true
42450,2026-04-18 19:35:03+00,fil-usdfc,true
42451,2026-04-18 19:35:06+00,base-usdc-usdfc,true
42452,2026-04-18 19:35:08+00,polygon-usdc-usdfc,true
42453,2026-04-18 19:40:02+00,eth-usdfc,true
42454,2026-04-18 19:40:03+00,fil-usdfc,true
42456,2026-04-18 19:40:04+00,polygon-usdc-usdfc,true
42455,2026-04-18 19:40:04+00,base-usdc-usdfc,true
42457,2026-04-18 19:45:02+00,eth-usdfc,true
42458,2026-04-18 19:45:03+00,fil-usdfc,true
42459,2026-04-18 19:45:04+00,base-usdc-usdfc,true
42460,2026-04-18 19:45:05+00,polygon-usdc-usdfc,true
42461,2026-04-18 19:50:02+00,eth-usdfc,true
42462,2026-04-18 19:50:04+00,fil-usdfc,true
42463,2026-04-18 19:50:07+00,base-usdc-usdfc,true
42464,2026-04-18 19:50:10+00,polygon-usdc-usdfc,true
42465,2026-04-18 19:55:02+00,eth-usdfc,true
42466,2026-04-18 19:55:03+00,fil-usdfc,true
42467,2026-04-18 19:55:06+00,base-usdc-usdfc,true
42468,2026-04-18 19:55:09+00,polygon-usdc-usdfc,true
42469,2026-04-18 20:00:01+00,eth-usdfc,true
42470,2026-04-18 20:00:03+00,fil-usdfc,true
42471,2026-04-18 20:00:05+00,base-usdc-usdfc,true
42472,2026-04-18 20:00:10+00,polygon-usdc-usdfc,true
42473,2026-04-18 20:05:01+00,eth-usdfc,true
42474,2026-04-18 20:05:04+00,fil-usdfc,true
42475,2026-04-18 20:05:08+00,base-usdc-usdfc,true
42476,2026-04-18 20:05:11+00,polygon-usdc-usdfc,true
42477,2026-04-18 20:10:02+00,eth-usdfc,true
42478,2026-04-18 20:10:08+00,fil-usdfc,true
42479,2026-04-18 20:10:09+00,base-usdc-usdfc,true
42480,2026-04-18 20:10:14+00,polygon-usdc-usdfc,true
42481,2026-04-18 20:15:02+00,eth-usdfc,true
42482,2026-04-18 20:15:05+00,fil-usdfc,true
42483,2026-04-18 20:15:06+00,base-usdc-usdfc,true
42484,2026-04-18 20:15:08+00,polygon-usdc-usdfc,true
42485,2026-04-18 20:20:01+00,eth-usdfc,true
42486,2026-04-18 20:20:02+00,fil-usdfc,true
42487,2026-04-18 20:20:03+00,base-usdc-usdfc,true
42488,2026-04-18 20:20:04+00,polygon-usdc-usdfc,true
42489,2026-04-18 20:25:02+00,eth-usdfc,true
42490,2026-04-18 20:25:04+00,fil-usdfc,true
42491,2026-04-18 20:25:06+00,base-usdc-usdfc,true
42492,2026-04-18 20:25:08+00,polygon-usdc-usdfc,true
42493,2026-04-18 20:30:01+00,eth-usdfc,true
42494,2026-04-18 20:30:02+00,fil-usdfc,true
42495,2026-04-18 20:30:07+00,base-usdc-usdfc,true
42496,2026-04-18 20:30:09+00,polygon-usdc-usdfc,true
42497,2026-04-18 20:35:01+00,eth-usdfc,true
42498,2026-04-18 20:35:20+00,fil-usdfc,true
42499,2026-04-18 20:35:22+00,base-usdc-usdfc,true
42500,2026-04-18 20:35:23+00,polygon-usdc-usdfc,true
42501,2026-04-18 20:40:02+00,eth-usdfc,true
42502,2026-04-18 20:40:03+00,fil-usdfc,true
42503,2026-04-18 20:40:05+00,base-usdc-usdfc,true
42504,2026-04-18 20:40:06+00,polygon-usdc-usdfc,true
42505,2026-04-18 20:45:01+00,eth-usdfc,true
42506,2026-04-18 20:45:05+00,fil-usdfc,true
42507,2026-04-18 20:45:06+00,base-usdc-usdfc,true
42508,2026-04-18 20:45:07+00,polygon-usdc-usdfc,true
42509,2026-04-18 20:50:02+00,eth-usdfc,true
42510,2026-04-18 20:50:03+00,fil-usdfc,true
42511,2026-04-18 20:50:05+00,base-usdc-usdfc,true
42512,2026-04-18 20:50:06+00,polygon-usdc-usdfc,true
42513,2026-04-18 20:55:02+00,eth-usdfc,true
42514,2026-04-18 20:55:03+00,fil-usdfc,true
42515,2026-04-18 20:55:04+00,base-usdc-usdfc,true
42516,2026-04-18 20:55:05+00,polygon-usdc-usdfc,true
42517,2026-04-18 21:00:02+00,eth-usdfc,true
42518,2026-04-18 21:00:03+00,fil-usdfc,true
42519,2026-04-18 21:00:05+00,base-usdc-usdfc,true
42520,2026-04-18 21:00:06+00,polygon-usdc-usdfc,true
42521,2026-04-18 21:05:02+00,eth-usdfc,true
42522,2026-04-18 21:05:03+00,fil-usdfc,true
42524,2026-04-18 21:05:04+00,polygon-usdc-usdfc,true
42523,2026-04-18 21:05:04+00,base-usdc-usdfc,true
42526,2026-04-18 21:10:02+00,fil-usdfc,true
42525,2026-04-18 21:10:02+00,eth-usdfc,true
42528,2026-04-18 21:10:04+00,polygon-usdc-usdfc,true
42527,2026-04-18 21:10:04+00,base-usdc-usdfc,true
42529,2026-04-18 21:15:02+00,eth-usdfc,true
42530,2026-04-18 21:15:03+00,fil-usdfc,true
42531,2026-04-18 21:15:04+00,base-usdc-usdfc,true
42532,2026-04-18 21:15:05+00,polygon-usdc-usdfc,true
42533,2026-04-18 21:20:02+00,eth-usdfc,true
42534,2026-04-18 21:20:03+00,fil-usdfc,true
42535,2026-04-18 21:20:06+00,base-usdc-usdfc,true
42536,2026-04-18 21:20:11+00,polygon-usdc-usdfc,true
42537,2026-04-18 21:25:01+00,eth-usdfc,true
42538,2026-04-18 21:25:04+00,fil-usdfc,true
42539,2026-04-18 21:25:08+00,base-usdc-usdfc,true
42540,2026-04-18 21:25:10+00,polygon-usdc-usdfc,true
42541,2026-04-18 21:30:01+00,eth-usdfc,true
42542,2026-04-18 21:30:04+00,fil-usdfc,true
42543,2026-04-18 21:30:05+00,base-usdc-usdfc,true
42544,2026-04-18 21:30:07+00,polygon-usdc-usdfc,true
42545,2026-04-18 21:35:02+00,eth-usdfc,true
42546,2026-04-18 21:35:07+00,fil-usdfc,true
42547,2026-04-18 21:35:09+00,base-usdc-usdfc,true
42548,2026-04-18 21:35:10+00,polygon-usdc-usdfc,true
42549,2026-04-18 21:40:02+00,eth-usdfc,true
42550,2026-04-18 21:40:03+00,fil-usdfc,true
42551,2026-04-18 21:40:04+00,base-usdc-usdfc,true
42552,2026-04-18 21:40:07+00,polygon-usdc-usdfc,true
42553,2026-04-18 21:45:01+00,eth-usdfc,true
42554,2026-04-18 21:45:02+00,fil-usdfc,true
42555,2026-04-18 21:45:03+00,base-usdc-usdfc,true
42556,2026-04-18 21:45:04+00,polygon-usdc-usdfc,true
42557,2026-04-18 21:50:01+00,eth-usdfc,true
42558,2026-04-18 21:50:03+00,fil-usdfc,true
42559,2026-04-18 21:50:04+00,base-usdc-usdfc,true
42560,2026-04-18 21:50:05+00,polygon-usdc-usdfc,true
42561,2026-04-18 21:55:02+00,eth-usdfc,true
42562,2026-04-18 21:55:06+00,fil-usdfc,true
42563,2026-04-18 21:55:07+00,base-usdc-usdfc,true
42564,2026-04-18 21:55:12+00,polygon-usdc-usdfc,true
42565,2026-04-18 22:00:02+00,eth-usdfc,true
42566,2026-04-18 22:00:03+00,fil-usdfc,true
42567,2026-04-18 22:00:11+00,base-usdc-usdfc,true
42568,2026-04-18 22:00:13+00,polygon-usdc-usdfc,true
42569,2026-04-18 22:05:02+00,eth-usdfc,true
42571,2026-04-18 22:05:03+00,base-usdc-usdfc,true
42570,2026-04-18 22:05:03+00,fil-usdfc,true
42572,2026-04-18 22:05:04+00,polygon-usdc-usdfc,true
42573,2026-04-18 22:10:02+00,eth-usdfc,true
42574,2026-04-18 22:10:03+00,fil-usdfc,true
42575,2026-04-18 22:10:04+00,base-usdc-usdfc,true
42576,2026-04-18 22:10:05+00,polygon-usdc-usdfc,true
42577,2026-04-18 22:15:02+00,eth-usdfc,true
42578,2026-04-18 22:15:03+00,fil-usdfc,true
42579,2026-04-18 22:15:04+00,base-usdc-usdfc,true
42580,2026-04-18 22:15:05+00,polygon-usdc-usdfc,true
42581,2026-04-18 22:20:02+00,eth-usdfc,true
42583,2026-04-18 22:20:03+00,base-usdc-usdfc,true
42582,2026-04-18 22:20:03+00,fil-usdfc,true
42584,2026-04-18 22:20:04+00,polygon-usdc-usdfc,true
42585,2026-04-18 22:25:02+00,eth-usdfc,true
42586,2026-04-18 22:25:03+00,fil-usdfc,true
42588,2026-04-18 22:25:04+00,polygon-usdc-usdfc,true
42587,2026-04-18 22:25:04+00,base-usdc-usdfc,true
42589,2026-04-18 22:30:02+00,eth-usdfc,true
42590,2026-04-18 22:30:03+00,fil-usdfc,true
42591,2026-04-18 22:30:04+00,base-usdc-usdfc,true
42592,2026-04-18 22:30:05+00,polygon-usdc-usdfc,true
42593,2026-04-18 22:35:01+00,eth-usdfc,true
42594,2026-04-18 22:35:02+00,fil-usdfc,true
42595,2026-04-18 22:35:03+00,base-usdc-usdfc,true
42596,2026-04-18 22:35:04+00,polygon-usdc-usdfc,true
42597,2026-04-18 22:40:01+00,eth-usdfc,true
42598,2026-04-18 22:40:02+00,fil-usdfc,true
42600,2026-04-18 22:40:03+00,polygon-usdc-usdfc,true
42599,2026-04-18 22:40:03+00,base-usdc-usdfc,true
42601,2026-04-18 22:45:02+00,eth-usdfc,true
42602,2026-04-18 22:45:03+00,fil-usdfc,true
42603,2026-04-18 22:45:04+00,base-usdc-usdfc,true
42604,2026-04-18 22:45:05+00,polygon-usdc-usdfc,true
42605,2026-04-18 22:50:02+00,eth-usdfc,true
42606,2026-04-18 22:50:03+00,fil-usdfc,true
42607,2026-04-18 22:50:04+00,base-usdc-usdfc,true
42608,2026-04-18 22:50:05+00,polygon-usdc-usdfc,true
42609,2026-04-18 22:55:01+00,eth-usdfc,true
42610,2026-04-18 22:55:02+00,fil-usdfc,true
42611,2026-04-18 22:55:03+00,base-usdc-usdfc,true
42612,2026-04-18 22:55:04+00,polygon-usdc-usdfc,true
42614,2026-04-18 23:00:02+00,fil-usdfc,true
42613,2026-04-18 23:00:02+00,eth-usdfc,true
42615,2026-04-18 23:00:04+00,base-usdc-usdfc,true
42616,2026-04-18 23:00:05+00,polygon-usdc-usdfc,true
42618,2026-04-18 23:05:02+00,fil-usdfc,true
42617,2026-04-18 23:05:02+00,eth-usdfc,true
42619,2026-04-18 23:05:03+00,base-usdc-usdfc,true
42620,2026-04-18 23:05:06+00,polygon-usdc-usdfc,true
42621,2026-04-18 23:10:02+00,eth-usdfc,true
42623,2026-04-18 23:10:03+00,base-usdc-usdfc,true
42622,2026-04-18 23:10:03+00,fil-usdfc,true
42624,2026-04-18 23:10:04+00,polygon-usdc-usdfc,true
42625,2026-04-18 23:15:02+00,eth-usdfc,true
42627,2026-04-18 23:15:03+00,base-usdc-usdfc,true
42626,2026-04-18 23:15:03+00,fil-usdfc,true
42628,2026-04-18 23:15:04+00,polygon-usdc-usdfc,true
42629,2026-04-18 23:20:01+00,eth-usdfc,true
42630,2026-04-18 23:20:05+00,fil-usdfc,true
42631,2026-04-18 23:20:06+00,base-usdc-usdfc,true
42632,2026-04-18 23:20:07+00,polygon-usdc-usdfc,true
42633,2026-04-18 23:25:02+00,eth-usdfc,true
42634,2026-04-18 23:25:05+00,fil-usdfc,true
42635,2026-04-18 23:25:06+00,base-usdc-usdfc,true
42636,2026-04-18 23:25:07+00,polygon-usdc-usdfc,true
42637,2026-04-18 23:30:02+00,eth-usdfc,true
42638,2026-04-18 23:30:03+00,fil-usdfc,true
42640,2026-04-18 23:30:05+00,polygon-usdc-usdfc,true
42639,2026-04-18 23:30:05+00,base-usdc-usdfc,true
42641,2026-04-18 23:35:02+00,eth-usdfc,true
42642,2026-04-18 23:35:03+00,fil-usdfc,true
42644,2026-04-18 23:35:04+00,polygon-usdc-usdfc,true
42643,2026-04-18 23:35:04+00,base-usdc-usdfc,true
42645,2026-04-18 23:40:02+00,eth-usdfc,true
42646,2026-04-18 23:40:03+00,fil-usdfc,true
42647,2026-04-18 23:40:04+00,base-usdc-usdfc,true
42648,2026-04-18 23:40:05+00,polygon-usdc-usdfc,true
42649,2026-04-18 23:45:01+00,eth-usdfc,true
42650,2026-04-18 23:45:02+00,fil-usdfc,true
42652,2026-04-18 23:45:04+00,polygon-usdc-usdfc,true
42651,2026-04-18 23:45:04+00,base-usdc-usdfc,true
42653,2026-04-18 23:50:01+00,eth-usdfc,true
42654,2026-04-18 23:50:02+00,fil-usdfc,true
42655,2026-04-18 23:50:03+00,base-usdc-usdfc,true
42656,2026-04-18 23:50:04+00,polygon-usdc-usdfc,true
42657,2026-04-18 23:55:02+00,eth-usdfc,true
42658,2026-04-18 23:55:03+00,fil-usdfc,true
42659,2026-04-18 23:55:04+00,base-usdc-usdfc,true
42660,2026-04-18 23:55:06+00,polygon-usdc-usdfc,true
42661,2026-04-19 00:00:01+00,eth-usdfc,true
42662,2026-04-19 00:00:13+00,fil-usdfc,true
42663,2026-04-19 00:00:16+00,base-usdc-usdfc,true
42664,2026-04-19 00:00:17+00,polygon-usdc-usdfc,true
42665,2026-04-19 00:05:02+00,eth-usdfc,true
42666,2026-04-19 00:05:03+00,fil-usdfc,true
42667,2026-04-19 00:05:04+00,base-usdc-usdfc,true
42668,2026-04-19 00:05:05+00,polygon-usdc-usdfc,true
42669,2026-04-19 00:10:02+00,eth-usdfc,true
42670,2026-04-19 00:10:03+00,fil-usdfc,true
42671,2026-04-19 00:10:08+00,base-usdc-usdfc,true
42672,2026-04-19 00:10:09+00,polygon-usdc-usdfc,true
42673,2026-04-19 00:15:01+00,eth-usdfc,true
42674,2026-04-19 00:17:05+00,fil-usdfc,true
42675,2026-04-19 00:17:08+00,base-usdc-usdfc,true
42676,2026-04-19 00:17:10+00,polygon-usdc-usdfc,true
42677,2026-04-19 00:20:02+00,eth-usdfc,true
42678,2026-04-19 00:21:25+00,fil-usdfc,true
42679,2026-04-19 00:21:28+00,base-usdc-usdfc,true
42680,2026-04-19 00:21:31+00,polygon-usdc-usdfc,true
42682,2026-04-19 00:25:02+00,fil-usdfc,true
42681,2026-04-19 00:25:02+00,eth-usdfc,true
42684,2026-04-19 00:25:04+00,polygon-usdc-usdfc,true
42683,2026-04-19 00:25:04+00,base-usdc-usdfc,true
42685,2026-04-19 00:30:01+00,eth-usdfc,true
42686,2026-04-19 00:30:03+00,fil-usdfc,true
42687,2026-04-19 00:30:04+00,base-usdc-usdfc,true
42688,2026-04-19 00:30:05+00,polygon-usdc-usdfc,true
42690,2026-04-19 00:35:02+00,fil-usdfc,true
42689,2026-04-19 00:35:02+00,eth-usdfc,true
42691,2026-04-19 00:35:03+00,base-usdc-usdfc,true
42692,2026-04-19 00:35:04+00,polygon-usdc-usdfc,true
42693,2026-04-19 00:40:02+00,eth-usdfc,true
42694,2026-04-19 00:40:03+00,fil-usdfc,true
42695,2026-04-19 00:40:04+00,base-usdc-usdfc,true
42696,2026-04-19 00:40:05+00,polygon-usdc-usdfc,true
42697,2026-04-19 00:45:01+00,eth-usdfc,true
42698,2026-04-19 00:45:07+00,fil-usdfc,true
42699,2026-04-19 00:45:08+00,base-usdc-usdfc,true
42700,2026-04-19 00:45:09+00,polygon-usdc-usdfc,true
42701,2026-04-19 00:50:01+00,eth-usdfc,true
42702,2026-04-19 00:50:02+00,fil-usdfc,true
42704,2026-04-19 00:50:03+00,polygon-usdc-usdfc,true
42703,2026-04-19 00:50:03+00,base-usdc-usdfc,true
42705,2026-04-19 00:55:02+00,eth-usdfc,true
42706,2026-04-19 00:55:03+00,fil-usdfc,true
42707,2026-04-19 00:55:04+00,base-usdc-usdfc,true
42708,2026-04-19 00:55:05+00,polygon-usdc-usdfc,true
42709,2026-04-19 01:00:02+00,eth-usdfc,true
42711,2026-04-19 01:00:03+00,base-usdc-usdfc,true
42710,2026-04-19 01:00:03+00,fil-usdfc,true
42712,2026-04-19 01:00:04+00,polygon-usdc-usdfc,true
42713,2026-04-19 01:05:02+00,eth-usdfc,true
42714,2026-04-19 01:05:14+00,fil-usdfc,true
42715,2026-04-19 01:05:20+00,base-usdc-usdfc,true
42716,2026-04-19 01:05:23+00,polygon-usdc-usdfc,true
42717,2026-04-19 01:10:02+00,eth-usdfc,true
42719,2026-04-19 01:10:04+00,base-usdc-usdfc,true
42718,2026-04-19 01:10:04+00,fil-usdfc,true
42720,2026-04-19 01:10:05+00,polygon-usdc-usdfc,true
42722,2026-04-19 01:15:02+00,fil-usdfc,true
42721,2026-04-19 01:15:02+00,eth-usdfc,true
42723,2026-04-19 01:15:03+00,base-usdc-usdfc,true
42724,2026-04-19 01:15:04+00,polygon-usdc-usdfc,true
42725,2026-04-19 01:20:02+00,eth-usdfc,true
42726,2026-04-19 01:20:03+00,fil-usdfc,true
42727,2026-04-19 01:20:05+00,base-usdc-usdfc,true
42728,2026-04-19 01:20:07+00,polygon-usdc-usdfc,true
42729,2026-04-19 01:25:01+00,eth-usdfc,true
42730,2026-04-19 01:25:03+00,fil-usdfc,true
42731,2026-04-19 01:25:06+00,base-usdc-usdfc,true
42732,2026-04-19 01:25:07+00,polygon-usdc-usdfc,true
42733,2026-04-19 01:30:01+00,eth-usdfc,true
42734,2026-04-19 01:30:03+00,fil-usdfc,true
42735,2026-04-19 01:30:05+00,base-usdc-usdfc,true
42736,2026-04-19 01:30:07+00,polygon-usdc-usdfc,true
42737,2026-04-19 01:35:02+00,eth-usdfc,true
42738,2026-04-19 01:35:04+00,fil-usdfc,true
42739,2026-04-19 01:35:06+00,base-usdc-usdfc,true
42740,2026-04-19 01:35:07+00,polygon-usdc-usdfc,true
42741,2026-04-19 01:40:02+00,eth-usdfc,true
42742,2026-04-19 01:40:12+00,fil-usdfc,true
42743,2026-04-19 01:40:16+00,base-usdc-usdfc,true
42744,2026-04-19 01:40:17+00,polygon-usdc-usdfc,true
42745,2026-04-19 01:45:01+00,eth-usdfc,true
42746,2026-04-19 01:45:03+00,fil-usdfc,true
42747,2026-04-19 01:45:04+00,base-usdc-usdfc,true
42748,2026-04-19 01:45:05+00,polygon-usdc-usdfc,true
42749,2026-04-19 01:50:01+00,eth-usdfc,true
42750,2026-04-19 01:50:05+00,fil-usdfc,true
42752,2026-04-19 01:50:06+00,polygon-usdc-usdfc,true
42751,2026-04-19 01:50:06+00,base-usdc-usdfc,true
42754,2026-04-19 01:55:02+00,fil-usdfc,true
42753,2026-04-19 01:55:02+00,eth-usdfc,true
42755,2026-04-19 01:55:03+00,base-usdc-usdfc,true
42756,2026-04-19 01:55:04+00,polygon-usdc-usdfc,true
42757,2026-04-19 02:00:01+00,eth-usdfc,true
42758,2026-04-19 02:00:03+00,fil-usdfc,true
42759,2026-04-19 02:00:08+00,base-usdc-usdfc,true
42760,2026-04-19 02:00:14+00,polygon-usdc-usdfc,true
42761,2026-04-19 02:05:01+00,eth-usdfc,true
42762,2026-04-19 02:05:02+00,fil-usdfc,true
42763,2026-04-19 02:05:03+00,base-usdc-usdfc,true
42764,2026-04-19 02:05:04+00,polygon-usdc-usdfc,true
42765,2026-04-19 02:10:02+00,eth-usdfc,true
42766,2026-04-19 02:10:03+00,fil-usdfc,true
42767,2026-04-19 02:10:04+00,base-usdc-usdfc,true
42768,2026-04-19 02:10:05+00,polygon-usdc-usdfc,true
42769,2026-04-19 02:15:01+00,eth-usdfc,true
42770,2026-04-19 02:15:02+00,fil-usdfc,true
42771,2026-04-19 02:15:03+00,base-usdc-usdfc,true
42772,2026-04-19 02:15:04+00,polygon-usdc-usdfc,true
42773,2026-04-19 02:20:02+00,eth-usdfc,true
42775,2026-04-19 02:20:03+00,base-usdc-usdfc,true
42774,2026-04-19 02:20:03+00,fil-usdfc,true
42776,2026-04-19 02:20:05+00,polygon-usdc-usdfc,true
42777,2026-04-19 02:25:02+00,eth-usdfc,true
42778,2026-04-19 02:25:03+00,fil-usdfc,true
42780,2026-04-19 02:25:04+00,polygon-usdc-usdfc,true
42779,2026-04-19 02:25:04+00,base-usdc-usdfc,true
42781,2026-04-19 02:30:02+00,eth-usdfc,true
42782,2026-04-19 02:30:03+00,fil-usdfc,true
42783,2026-04-19 02:30:04+00,base-usdc-usdfc,true
42784,2026-04-19 02:30:06+00,polygon-usdc-usdfc,true
42785,2026-04-19 02:35:02+00,eth-usdfc,true
42786,2026-04-19 02:35:03+00,fil-usdfc,true
42787,2026-04-19 02:35:05+00,base-usdc-usdfc,true
42788,2026-04-19 02:35:06+00,polygon-usdc-usdfc,true
42789,2026-04-19 02:40:02+00,eth-usdfc,true
42790,2026-04-19 02:40:05+00,fil-usdfc,true
42791,2026-04-19 02:40:06+00,base-usdc-usdfc,true
42792,2026-04-19 02:40:07+00,polygon-usdc-usdfc,true
42793,2026-04-19 02:45:01+00,eth-usdfc,true
42794,2026-04-19 02:45:02+00,fil-usdfc,true
42795,2026-04-19 02:45:03+00,base-usdc-usdfc,true
42796,2026-04-19 02:45:04+00,polygon-usdc-usdfc,true
42797,2026-04-19 02:50:02+00,eth-usdfc,true
42798,2026-04-19 02:50:04+00,fil-usdfc,true
42799,2026-04-19 02:50:05+00,base-usdc-usdfc,true
42800,2026-04-19 02:50:06+00,polygon-usdc-usdfc,true
42801,2026-04-19 02:55:02+00,eth-usdfc,true
42803,2026-04-19 02:55:05+00,base-usdc-usdfc,true
42802,2026-04-19 02:55:05+00,fil-usdfc,true
42804,2026-04-19 02:55:07+00,polygon-usdc-usdfc,true
42805,2026-04-19 03:00:02+00,eth-usdfc,true
42806,2026-04-19 03:00:05+00,fil-usdfc,true
42807,2026-04-19 03:00:06+00,base-usdc-usdfc,true
42808,2026-04-19 03:00:08+00,polygon-usdc-usdfc,true
42809,2026-04-19 03:05:01+00,eth-usdfc,true
42810,2026-04-19 03:05:06+00,fil-usdfc,true
42811,2026-04-19 03:05:08+00,base-usdc-usdfc,true
42812,2026-04-19 03:05:10+00,polygon-usdc-usdfc,true
42813,2026-04-19 03:10:01+00,eth-usdfc,true
42814,2026-04-19 03:10:05+00,fil-usdfc,true
42815,2026-04-19 03:10:09+00,base-usdc-usdfc,true
42816,2026-04-19 03:10:13+00,polygon-usdc-usdfc,true
42817,2026-04-19 03:15:02+00,eth-usdfc,true
42818,2026-04-19 03:15:18+00,fil-usdfc,true
42819,2026-04-19 03:15:21+00,base-usdc-usdfc,true
42820,2026-04-19 03:15:23+00,polygon-usdc-usdfc,true
42821,2026-04-19 03:20:02+00,eth-usdfc,true
42822,2026-04-19 03:20:04+00,fil-usdfc,true
42823,2026-04-19 03:20:07+00,base-usdc-usdfc,true
42824,2026-04-19 03:20:11+00,polygon-usdc-usdfc,true
42825,2026-04-19 03:25:01+00,eth-usdfc,true
42826,2026-04-19 03:25:05+00,fil-usdfc,true
42828,2026-04-19 03:25:07+00,polygon-usdc-usdfc,true
42827,2026-04-19 03:25:07+00,base-usdc-usdfc,true
42829,2026-04-19 03:30:01+00,eth-usdfc,true
42830,2026-04-19 03:30:03+00,fil-usdfc,true
42831,2026-04-19 03:30:04+00,base-usdc-usdfc,true
42832,2026-04-19 03:30:05+00,polygon-usdc-usdfc,true
42833,2026-04-19 03:35:01+00,eth-usdfc,true
42834,2026-04-19 03:35:08+00,fil-usdfc,true
42835,2026-04-19 03:35:09+00,base-usdc-usdfc,true
42836,2026-04-19 03:35:10+00,polygon-usdc-usdfc,true
42837,2026-04-19 03:40:02+00,eth-usdfc,true
42838,2026-04-19 03:40:03+00,fil-usdfc,true
42839,2026-04-19 03:40:04+00,base-usdc-usdfc,true
42840,2026-04-19 03:40:05+00,polygon-usdc-usdfc,true
42841,2026-04-19 03:45:02+00,eth-usdfc,true
42842,2026-04-19 03:45:04+00,fil-usdfc,true
42843,2026-04-19 03:45:05+00,base-usdc-usdfc,true
42844,2026-04-19 03:45:06+00,polygon-usdc-usdfc,true
42845,2026-04-19 03:50:01+00,eth-usdfc,true
42846,2026-04-19 03:50:03+00,fil-usdfc,true
42847,2026-04-19 03:50:04+00,base-usdc-usdfc,true
42848,2026-04-19 03:50:05+00,polygon-usdc-usdfc,true
42849,2026-04-19 03:55:02+00,eth-usdfc,true
42850,2026-04-19 03:55:03+00,fil-usdfc,true
42852,2026-04-19 03:55:05+00,polygon-usdc-usdfc,true
42851,2026-04-19 03:55:05+00,base-usdc-usdfc,true
42853,2026-04-19 04:00:01+00,eth-usdfc,true
42854,2026-04-19 04:00:03+00,fil-usdfc,true
42855,2026-04-19 04:00:04+00,base-usdc-usdfc,true
42856,2026-04-19 04:00:11+00,polygon-usdc-usdfc,true
42857,2026-04-19 04:05:02+00,eth-usdfc,true
42858,2026-04-19 04:05:04+00,fil-usdfc,true
42859,2026-04-19 04:05:05+00,base-usdc-usdfc,true
42860,2026-04-19 04:05:07+00,polygon-usdc-usdfc,true
42861,2026-04-19 04:10:02+00,eth-usdfc,true
42862,2026-04-19 04:10:03+00,fil-usdfc,true
42863,2026-04-19 04:10:04+00,base-usdc-usdfc,true
42864,2026-04-19 04:10:05+00,polygon-usdc-usdfc,true
42865,2026-04-19 04:15:02+00,eth-usdfc,true
42866,2026-04-19 04:15:03+00,fil-usdfc,true
42867,2026-04-19 04:15:04+00,base-usdc-usdfc,true
42868,2026-04-19 04:15:05+00,polygon-usdc-usdfc,true
42869,2026-04-19 04:20:02+00,eth-usdfc,true
42870,2026-04-19 04:20:04+00,fil-usdfc,true
42871,2026-04-19 04:20:05+00,base-usdc-usdfc,true
42872,2026-04-19 04:20:06+00,polygon-usdc-usdfc,true
42873,2026-04-19 04:25:02+00,eth-usdfc,true
42874,2026-04-19 04:25:03+00,fil-usdfc,true
42876,2026-04-19 04:25:05+00,polygon-usdc-usdfc,true
42875,2026-04-19 04:25:05+00,base-usdc-usdfc,true
42877,2026-04-19 04:30:01+00,eth-usdfc,true
42878,2026-04-19 04:30:02+00,fil-usdfc,true
42879,2026-04-19 04:30:03+00,base-usdc-usdfc,true
42880,2026-04-19 04:30:04+00,polygon-usdc-usdfc,true
42881,2026-04-19 04:35:02+00,eth-usdfc,true
42882,2026-04-19 04:35:05+00,fil-usdfc,true
42883,2026-04-19 04:35:06+00,base-usdc-usdfc,true
42884,2026-04-19 04:35:07+00,polygon-usdc-usdfc,true
42885,2026-04-19 04:40:01+00,eth-usdfc,true
42886,2026-04-19 04:40:02+00,fil-usdfc,true
42887,2026-04-19 04:40:03+00,base-usdc-usdfc,true
42888,2026-04-19 04:40:04+00,polygon-usdc-usdfc,true
42890,2026-04-19 04:45:02+00,fil-usdfc,true
42889,2026-04-19 04:45:02+00,eth-usdfc,true
42891,2026-04-19 04:45:03+00,base-usdc-usdfc,true
42892,2026-04-19 04:45:05+00,polygon-usdc-usdfc,true
42893,2026-04-19 04:50:02+00,eth-usdfc,true
42894,2026-04-19 04:50:04+00,fil-usdfc,true
42895,2026-04-19 04:50:05+00,base-usdc-usdfc,true
42896,2026-04-19 04:50:07+00,polygon-usdc-usdfc,true
42897,2026-04-19 04:55:02+00,eth-usdfc,true
42898,2026-04-19 04:55:39+00,fil-usdfc,true
42899,2026-04-19 04:55:44+00,base-usdc-usdfc,true
42900,2026-04-19 04:55:47+00,polygon-usdc-usdfc,true
42901,2026-04-19 05:00:02+00,eth-usdfc,true
42902,2026-04-19 05:00:26+00,fil-usdfc,true
42903,2026-04-19 05:00:37+00,base-usdc-usdfc,true
42904,2026-04-19 05:00:40+00,polygon-usdc-usdfc,true
42905,2026-04-19 05:05:02+00,eth-usdfc,true
42906,2026-04-19 05:05:04+00,fil-usdfc,true
42907,2026-04-19 05:05:05+00,base-usdc-usdfc,true
42908,2026-04-19 05:05:06+00,polygon-usdc-usdfc,true
42909,2026-04-19 05:10:02+00,eth-usdfc,true
42910,2026-04-19 05:10:06+00,fil-usdfc,true
42911,2026-04-19 05:10:08+00,base-usdc-usdfc,true
42912,2026-04-19 05:10:09+00,polygon-usdc-usdfc,true
42913,2026-04-19 05:15:02+00,eth-usdfc,true
42914,2026-04-19 05:15:03+00,fil-usdfc,true
42915,2026-04-19 05:15:05+00,base-usdc-usdfc,true
42916,2026-04-19 05:15:06+00,polygon-usdc-usdfc,true
42917,2026-04-19 05:20:02+00,eth-usdfc,true
42918,2026-04-19 05:20:03+00,fil-usdfc,true
42919,2026-04-19 05:20:04+00,base-usdc-usdfc,true
42920,2026-04-19 05:20:05+00,polygon-usdc-usdfc,true
42921,2026-04-19 05:25:02+00,eth-usdfc,true
42923,2026-04-19 05:25:03+00,base-usdc-usdfc,true
42922,2026-04-19 05:25:03+00,fil-usdfc,true
42924,2026-04-19 05:25:04+00,polygon-usdc-usdfc,true
42925,2026-04-19 05:30:02+00,eth-usdfc,true
42926,2026-04-19 05:30:03+00,fil-usdfc,true
42927,2026-04-19 05:30:04+00,base-usdc-usdfc,true
42928,2026-04-19 05:30:09+00,polygon-usdc-usdfc,true
42929,2026-04-19 05:35:01+00,eth-usdfc,true
42930,2026-04-19 05:35:02+00,fil-usdfc,true
42932,2026-04-19 05:35:04+00,polygon-usdc-usdfc,true
42931,2026-04-19 05:35:04+00,base-usdc-usdfc,true
42933,2026-04-19 05:40:02+00,eth-usdfc,true
42934,2026-04-19 05:40:05+00,fil-usdfc,true
42935,2026-04-19 05:40:06+00,base-usdc-usdfc,true
42936,2026-04-19 05:40:07+00,polygon-usdc-usdfc,true
42937,2026-04-19 05:45:01+00,eth-usdfc,true
42938,2026-04-19 05:45:02+00,fil-usdfc,true
42940,2026-04-19 05:45:04+00,polygon-usdc-usdfc,true
42939,2026-04-19 05:45:04+00,base-usdc-usdfc,true
42941,2026-04-19 05:50:02+00,eth-usdfc,true
42942,2026-04-19 05:50:03+00,fil-usdfc,true
42943,2026-04-19 05:50:05+00,base-usdc-usdfc,true
42944,2026-04-19 05:50:06+00,polygon-usdc-usdfc,true
42945,2026-04-19 05:55:02+00,eth-usdfc,true
42946,2026-04-19 05:55:07+00,fil-usdfc,true
42947,2026-04-19 05:55:08+00,base-usdc-usdfc,true
42948,2026-04-19 05:55:09+00,polygon-usdc-usdfc,true
42949,2026-04-19 06:00:02+00,eth-usdfc,true
42950,2026-04-19 06:00:04+00,fil-usdfc,true
42951,2026-04-19 06:00:05+00,base-usdc-usdfc,true
42952,2026-04-19 06:00:11+00,polygon-usdc-usdfc,true
42953,2026-04-19 06:05:02+00,eth-usdfc,true
42954,2026-04-19 06:05:03+00,fil-usdfc,true
42955,2026-04-19 06:05:08+00,base-usdc-usdfc,true
42956,2026-04-19 06:05:09+00,polygon-usdc-usdfc,true
42957,2026-04-19 06:10:02+00,eth-usdfc,true
42958,2026-04-19 06:10:03+00,fil-usdfc,true
42960,2026-04-19 06:10:04+00,polygon-usdc-usdfc,true
42959,2026-04-19 06:10:04+00,base-usdc-usdfc,true
42961,2026-04-19 06:15:02+00,eth-usdfc,true
42962,2026-04-19 06:15:03+00,fil-usdfc,true
42964,2026-04-19 06:15:04+00,polygon-usdc-usdfc,true
42963,2026-04-19 06:15:04+00,base-usdc-usdfc,true
42965,2026-04-19 06:20:02+00,eth-usdfc,true
42966,2026-04-19 06:20:03+00,fil-usdfc,true
42967,2026-04-19 06:20:04+00,base-usdc-usdfc,true
42968,2026-04-19 06:20:05+00,polygon-usdc-usdfc,true
42969,2026-04-19 06:25:02+00,eth-usdfc,true
42970,2026-04-19 06:25:03+00,fil-usdfc,true
42972,2026-04-19 06:25:05+00,polygon-usdc-usdfc,true
42971,2026-04-19 06:25:05+00,base-usdc-usdfc,true
42973,2026-04-19 06:30:02+00,eth-usdfc,true
42974,2026-04-19 06:30:03+00,fil-usdfc,true
42976,2026-04-19 06:30:04+00,polygon-usdc-usdfc,true
42975,2026-04-19 06:30:04+00,base-usdc-usdfc,true
42977,2026-04-19 06:35:02+00,eth-usdfc,true
42978,2026-04-19 06:35:03+00,fil-usdfc,true
42979,2026-04-19 06:35:04+00,base-usdc-usdfc,true
42980,2026-04-19 06:35:05+00,polygon-usdc-usdfc,true
42981,2026-04-19 06:40:01+00,eth-usdfc,true
42982,2026-04-19 06:40:02+00,fil-usdfc,true
42983,2026-04-19 06:40:03+00,base-usdc-usdfc,true
42984,2026-04-19 06:40:04+00,polygon-usdc-usdfc,true
42985,2026-04-19 06:45:02+00,eth-usdfc,true
42987,2026-04-19 06:45:05+00,base-usdc-usdfc,true
42986,2026-04-19 06:45:05+00,fil-usdfc,true
42988,2026-04-19 06:45:06+00,polygon-usdc-usdfc,true
42989,2026-04-19 06:50:01+00,eth-usdfc,true
42990,2026-04-19 06:50:02+00,fil-usdfc,true
42991,2026-04-19 06:50:03+00,base-usdc-usdfc,true
42992,2026-04-19 06:50:04+00,polygon-usdc-usdfc,true
42993,2026-04-19 06:55:02+00,eth-usdfc,true
42994,2026-04-19 06:55:03+00,fil-usdfc,true
42995,2026-04-19 06:55:04+00,base-usdc-usdfc,true
42996,2026-04-19 06:55:05+00,polygon-usdc-usdfc,true
42997,2026-04-19 07:00:02+00,eth-usdfc,true
42998,2026-04-19 07:00:03+00,fil-usdfc,true
43000,2026-04-19 07:00:04+00,polygon-usdc-usdfc,true
42999,2026-04-19 07:00:04+00,base-usdc-usdfc,true
43001,2026-04-19 07:05:02+00,eth-usdfc,true
43002,2026-04-19 07:05:06+00,fil-usdfc,true
43003,2026-04-19 07:05:09+00,base-usdc-usdfc,true
43004,2026-04-19 07:05:12+00,polygon-usdc-usdfc,true
43005,2026-04-19 07:10:02+00,eth-usdfc,true
43006,2026-04-19 07:10:07+00,fil-usdfc,true
43008,2026-04-19 07:10:08+00,polygon-usdc-usdfc,true
43007,2026-04-19 07:10:08+00,base-usdc-usdfc,true
43010,2026-04-19 07:15:02+00,fil-usdfc,true
43009,2026-04-19 07:15:02+00,eth-usdfc,true
43012,2026-04-19 07:15:04+00,polygon-usdc-usdfc,true
43011,2026-04-19 07:15:04+00,base-usdc-usdfc,true
43013,2026-04-19 07:20:02+00,eth-usdfc,true
43014,2026-04-19 07:20:03+00,fil-usdfc,true
43015,2026-04-19 07:20:04+00,base-usdc-usdfc,true
43016,2026-04-19 07:20:10+00,polygon-usdc-usdfc,true
43017,2026-04-19 07:25:01+00,eth-usdfc,true
43018,2026-04-19 07:25:03+00,fil-usdfc,true
43019,2026-04-19 07:25:08+00,base-usdc-usdfc,true
43020,2026-04-19 07:25:09+00,polygon-usdc-usdfc,true
43021,2026-04-19 07:30:02+00,eth-usdfc,true
43022,2026-04-19 07:30:03+00,fil-usdfc,true
43024,2026-04-19 07:30:04+00,polygon-usdc-usdfc,true
43023,2026-04-19 07:30:04+00,base-usdc-usdfc,true
43025,2026-04-19 07:35:02+00,eth-usdfc,true
43026,2026-04-19 07:35:03+00,fil-usdfc,true
43027,2026-04-19 07:35:04+00,base-usdc-usdfc,true
43028,2026-04-19 07:35:05+00,polygon-usdc-usdfc,true
43029,2026-04-19 07:40:01+00,eth-usdfc,true
43030,2026-04-19 07:40:07+00,fil-usdfc,true
43031,2026-04-19 07:40:09+00,base-usdc-usdfc,true
43032,2026-04-19 07:40:10+00,polygon-usdc-usdfc,true
43033,2026-04-19 07:45:02+00,eth-usdfc,true
43034,2026-04-19 07:45:03+00,fil-usdfc,true
43035,2026-04-19 07:45:04+00,base-usdc-usdfc,true
43036,2026-04-19 07:45:05+00,polygon-usdc-usdfc,true
43037,2026-04-19 07:50:02+00,eth-usdfc,true
43038,2026-04-19 07:50:03+00,fil-usdfc,true
43039,2026-04-19 07:50:04+00,base-usdc-usdfc,true
43040,2026-04-19 07:50:05+00,polygon-usdc-usdfc,true
43041,2026-04-19 07:55:01+00,eth-usdfc,true
43042,2026-04-19 07:55:09+00,fil-usdfc,true
43043,2026-04-19 07:55:10+00,base-usdc-usdfc,true
43044,2026-04-19 07:55:11+00,polygon-usdc-usdfc,true
43045,2026-04-19 08:00:02+00,eth-usdfc,true
43046,2026-04-19 08:00:04+00,fil-usdfc,true
43047,2026-04-19 08:00:05+00,base-usdc-usdfc,true
43048,2026-04-19 08:00:06+00,polygon-usdc-usdfc,true
43049,2026-04-19 08:05:01+00,eth-usdfc,true
43050,2026-04-19 08:05:02+00,fil-usdfc,true
43051,2026-04-19 08:05:03+00,base-usdc-usdfc,true
43052,2026-04-19 08:05:04+00,polygon-usdc-usdfc,true
43053,2026-04-19 08:10:02+00,eth-usdfc,true
43054,2026-04-19 08:10:03+00,fil-usdfc,true
43056,2026-04-19 08:10:04+00,polygon-usdc-usdfc,true
43055,2026-04-19 08:10:04+00,base-usdc-usdfc,true
43057,2026-04-19 08:15:02+00,eth-usdfc,true
43058,2026-04-19 08:15:03+00,fil-usdfc,true
43060,2026-04-19 08:15:04+00,polygon-usdc-usdfc,true
43059,2026-04-19 08:15:04+00,base-usdc-usdfc,true
43062,2026-04-19 08:20:02+00,fil-usdfc,true
43061,2026-04-19 08:20:02+00,eth-usdfc,true
43063,2026-04-19 08:20:04+00,base-usdc-usdfc,true
43064,2026-04-19 08:20:05+00,polygon-usdc-usdfc,true
43065,2026-04-19 08:25:01+00,eth-usdfc,true
43066,2026-04-19 08:25:02+00,fil-usdfc,true
43067,2026-04-19 08:25:03+00,base-usdc-usdfc,true
43068,2026-04-19 08:25:04+00,polygon-usdc-usdfc,true
43069,2026-04-19 08:30:02+00,eth-usdfc,true
43070,2026-04-19 08:30:04+00,fil-usdfc,true
43071,2026-04-19 08:30:07+00,base-usdc-usdfc,true
43072,2026-04-19 08:30:38+00,polygon-usdc-usdfc,true
43073,2026-04-19 08:35:02+00,eth-usdfc,true
43074,2026-04-19 08:35:03+00,fil-usdfc,true
43075,2026-04-19 08:35:06+00,base-usdc-usdfc,true
43076,2026-04-19 08:35:07+00,polygon-usdc-usdfc,true
43077,2026-04-19 08:40:02+00,eth-usdfc,true
43078,2026-04-19 08:40:05+00,fil-usdfc,true
43079,2026-04-19 08:40:06+00,base-usdc-usdfc,true
43080,2026-04-19 08:40:07+00,polygon-usdc-usdfc,true
43081,2026-04-19 08:45:01+00,eth-usdfc,true
43082,2026-04-19 08:45:02+00,fil-usdfc,true
43083,2026-04-19 08:45:03+00,base-usdc-usdfc,true
43084,2026-04-19 08:45:04+00,polygon-usdc-usdfc,true
43085,2026-04-19 08:50:02+00,eth-usdfc,true
43086,2026-04-19 08:50:03+00,fil-usdfc,true
43087,2026-04-19 08:50:04+00,base-usdc-usdfc,true
43088,2026-04-19 08:50:05+00,polygon-usdc-usdfc,true
43089,2026-04-19 08:55:02+00,eth-usdfc,true
43090,2026-04-19 08:55:03+00,fil-usdfc,true
43091,2026-04-19 08:55:04+00,base-usdc-usdfc,true
43092,2026-04-19 08:55:05+00,polygon-usdc-usdfc,true
43093,2026-04-19 09:00:01+00,eth-usdfc,true
43094,2026-04-19 09:00:04+00,fil-usdfc,true
43095,2026-04-19 09:00:05+00,base-usdc-usdfc,true
43096,2026-04-19 09:00:06+00,polygon-usdc-usdfc,true
43097,2026-04-19 09:05:02+00,eth-usdfc,true
43098,2026-04-19 09:05:03+00,fil-usdfc,true
43099,2026-04-19 09:05:04+00,base-usdc-usdfc,true
43100,2026-04-19 09:05:05+00,polygon-usdc-usdfc,true
43101,2026-04-19 09:10:02+00,eth-usdfc,true
43102,2026-04-19 09:10:03+00,fil-usdfc,true
43104,2026-04-19 09:10:04+00,polygon-usdc-usdfc,true
43103,2026-04-19 09:10:04+00,base-usdc-usdfc,true
43105,2026-04-19 09:15:02+00,eth-usdfc,true
43107,2026-04-19 09:15:03+00,base-usdc-usdfc,true
43106,2026-04-19 09:15:03+00,fil-usdfc,true
43108,2026-04-19 09:15:04+00,polygon-usdc-usdfc,true
43109,2026-04-19 09:20:02+00,eth-usdfc,true
43110,2026-04-19 09:20:03+00,fil-usdfc,true
43111,2026-04-19 09:20:04+00,base-usdc-usdfc,true
43112,2026-04-19 09:20:05+00,polygon-usdc-usdfc,true
43113,2026-04-19 09:25:02+00,eth-usdfc,true
43115,2026-04-19 09:25:03+00,base-usdc-usdfc,true
43114,2026-04-19 09:25:03+00,fil-usdfc,true
43116,2026-04-19 09:25:05+00,polygon-usdc-usdfc,true
43118,2026-04-19 09:30:02+00,fil-usdfc,true
43117,2026-04-19 09:30:02+00,eth-usdfc,true
43120,2026-04-19 09:30:04+00,polygon-usdc-usdfc,true
43119,2026-04-19 09:30:04+00,base-usdc-usdfc,true
43121,2026-04-19 09:35:02+00,eth-usdfc,true
43123,2026-04-19 09:35:03+00,base-usdc-usdfc,true
43122,2026-04-19 09:35:03+00,fil-usdfc,true
43124,2026-04-19 09:35:04+00,polygon-usdc-usdfc,true
43126,2026-04-19 09:40:02+00,fil-usdfc,true
43125,2026-04-19 09:40:02+00,eth-usdfc,true
43127,2026-04-19 09:40:04+00,base-usdc-usdfc,true
43128,2026-04-19 09:40:05+00,polygon-usdc-usdfc,true
43129,2026-04-19 09:45:02+00,eth-usdfc,true
43130,2026-04-19 09:45:03+00,fil-usdfc,true
43131,2026-04-19 09:45:04+00,base-usdc-usdfc,true
43132,2026-04-19 09:45:05+00,polygon-usdc-usdfc,true
43133,2026-04-19 09:50:01+00,eth-usdfc,true
43134,2026-04-19 09:50:02+00,fil-usdfc,true
43135,2026-04-19 09:50:03+00,base-usdc-usdfc,true
43136,2026-04-19 09:50:04+00,polygon-usdc-usdfc,true
43137,2026-04-19 09:55:02+00,eth-usdfc,true
43138,2026-04-19 09:55:06+00,fil-usdfc,true
43140,2026-04-19 09:55:07+00,polygon-usdc-usdfc,true
43139,2026-04-19 09:55:07+00,base-usdc-usdfc,true
43141,2026-04-19 10:00:01+00,eth-usdfc,true
43142,2026-04-19 10:00:03+00,fil-usdfc,true
43143,2026-04-19 10:00:04+00,base-usdc-usdfc,true
43144,2026-04-19 10:00:05+00,polygon-usdc-usdfc,true
43145,2026-04-19 10:05:02+00,eth-usdfc,true
43146,2026-04-19 10:05:03+00,fil-usdfc,true
43147,2026-04-19 10:05:04+00,base-usdc-usdfc,true
43148,2026-04-19 10:05:05+00,polygon-usdc-usdfc,true
43149,2026-04-19 10:10:02+00,eth-usdfc,true
43150,2026-04-19 10:10:04+00,fil-usdfc,true
43151,2026-04-19 10:10:05+00,base-usdc-usdfc,true
43152,2026-04-19 10:10:06+00,polygon-usdc-usdfc,true
43153,2026-04-19 10:15:02+00,eth-usdfc,true
43154,2026-04-19 10:15:04+00,fil-usdfc,true
43155,2026-04-19 10:15:07+00,base-usdc-usdfc,true
43156,2026-04-19 10:15:08+00,polygon-usdc-usdfc,true
43157,2026-04-19 10:20:02+00,eth-usdfc,true
43158,2026-04-19 10:20:03+00,fil-usdfc,true
43159,2026-04-19 10:20:05+00,base-usdc-usdfc,true
43160,2026-04-19 10:20:06+00,polygon-usdc-usdfc,true
43161,2026-04-19 10:25:02+00,eth-usdfc,true
43162,2026-04-19 10:25:19+00,fil-usdfc,true
43163,2026-04-19 10:25:21+00,base-usdc-usdfc,true
43164,2026-04-19 10:25:22+00,polygon-usdc-usdfc,true
43165,2026-04-19 10:30:01+00,eth-usdfc,true
43166,2026-04-19 10:30:02+00,fil-usdfc,true
43167,2026-04-19 10:30:03+00,base-usdc-usdfc,true
43168,2026-04-19 10:30:04+00,polygon-usdc-usdfc,true
43169,2026-04-19 10:35:02+00,eth-usdfc,true
43170,2026-04-19 10:35:05+00,fil-usdfc,true
43171,2026-04-19 10:35:06+00,base-usdc-usdfc,true
43172,2026-04-19 10:35:07+00,polygon-usdc-usdfc,true
43174,2026-04-19 10:40:02+00,fil-usdfc,true
43173,2026-04-19 10:40:02+00,eth-usdfc,true
43175,2026-04-19 10:40:03+00,base-usdc-usdfc,true
43176,2026-04-19 10:40:07+00,polygon-usdc-usdfc,true
43177,2026-04-19 10:45:02+00,eth-usdfc,true
43178,2026-04-19 10:45:03+00,fil-usdfc,true
43179,2026-04-19 10:45:04+00,base-usdc-usdfc,true
43180,2026-04-19 10:45:05+00,polygon-usdc-usdfc,true
43182,2026-04-19 10:50:02+00,fil-usdfc,true
43181,2026-04-19 10:50:02+00,eth-usdfc,true
43183,2026-04-19 10:50:03+00,base-usdc-usdfc,true
43184,2026-04-19 10:50:04+00,polygon-usdc-usdfc,true
43185,2026-04-19 10:55:02+00,eth-usdfc,true
43187,2026-04-19 10:55:03+00,base-usdc-usdfc,true
43186,2026-04-19 10:55:03+00,fil-usdfc,true
43188,2026-04-19 10:55:04+00,polygon-usdc-usdfc,true
43189,2026-04-19 11:00:02+00,eth-usdfc,true
43190,2026-04-19 11:00:03+00,fil-usdfc,true
43192,2026-04-19 11:00:04+00,polygon-usdc-usdfc,true
43191,2026-04-19 11:00:04+00,base-usdc-usdfc,true
43193,2026-04-19 11:05:02+00,eth-usdfc,true
43195,2026-04-19 11:05:04+00,base-usdc-usdfc,true
43194,2026-04-19 11:05:04+00,fil-usdfc,true
43196,2026-04-19 11:05:05+00,polygon-usdc-usdfc,true
43197,2026-04-19 11:10:02+00,eth-usdfc,true
43198,2026-04-19 11:10:04+00,fil-usdfc,true
43200,2026-04-19 11:10:05+00,polygon-usdc-usdfc,true
43199,2026-04-19 11:10:05+00,base-usdc-usdfc,true
43201,2026-04-19 11:15:02+00,eth-usdfc,true
43202,2026-04-19 11:15:03+00,fil-usdfc,true
43203,2026-04-19 11:15:04+00,base-usdc-usdfc,true
43204,2026-04-19 11:15:05+00,polygon-usdc-usdfc,true
43205,2026-04-19 11:20:02+00,eth-usdfc,true
43206,2026-04-19 11:20:03+00,fil-usdfc,true
43207,2026-04-19 11:20:04+00,base-usdc-usdfc,true
43208,2026-04-19 11:20:05+00,polygon-usdc-usdfc,true
43209,2026-04-19 11:25:02+00,eth-usdfc,true
43210,2026-04-19 11:25:04+00,fil-usdfc,true
43211,2026-04-19 11:25:06+00,base-usdc-usdfc,true
43212,2026-04-19 11:25:07+00,polygon-usdc-usdfc,true
43213,2026-04-19 11:30:02+00,eth-usdfc,true
43214,2026-04-19 11:30:03+00,fil-usdfc,true
43215,2026-04-19 11:30:04+00,base-usdc-usdfc,true
43216,2026-04-19 11:30:05+00,polygon-usdc-usdfc,true
43217,2026-04-19 11:35:02+00,eth-usdfc,true
43218,2026-04-19 11:35:06+00,fil-usdfc,true
43219,2026-04-19 11:35:07+00,base-usdc-usdfc,true
43220,2026-04-19 11:35:08+00,polygon-usdc-usdfc,true
43222,2026-04-19 11:40:02+00,fil-usdfc,true
43221,2026-04-19 11:40:02+00,eth-usdfc,true
43224,2026-04-19 11:40:06+00,polygon-usdc-usdfc,true
43223,2026-04-19 11:40:06+00,base-usdc-usdfc,true
43225,2026-04-19 11:45:01+00,eth-usdfc,true
43226,2026-04-19 11:45:02+00,fil-usdfc,true
43227,2026-04-19 11:45:03+00,base-usdc-usdfc,true
43228,2026-04-19 11:45:04+00,polygon-usdc-usdfc,true
43229,2026-04-19 11:50:01+00,eth-usdfc,true
43230,2026-04-19 11:50:02+00,fil-usdfc,true
43231,2026-04-19 11:50:03+00,base-usdc-usdfc,true
43232,2026-04-19 11:50:04+00,polygon-usdc-usdfc,true
43233,2026-04-19 11:55:02+00,eth-usdfc,true
43234,2026-04-19 11:55:21+00,fil-usdfc,true
43235,2026-04-19 11:55:23+00,base-usdc-usdfc,true
43236,2026-04-19 11:55:24+00,polygon-usdc-usdfc,true
43237,2026-04-19 12:00:01+00,eth-usdfc,true
43238,2026-04-19 12:00:05+00,fil-usdfc,true
43239,2026-04-19 12:00:08+00,base-usdc-usdfc,true
43240,2026-04-19 12:00:36+00,polygon-usdc-usdfc,true
43241,2026-04-19 12:05:01+00,eth-usdfc,true
43242,2026-04-19 12:05:04+00,fil-usdfc,true
43243,2026-04-19 12:05:06+00,base-usdc-usdfc,true
43244,2026-04-19 12:05:08+00,polygon-usdc-usdfc,true
43245,2026-04-19 12:10:01+00,eth-usdfc,true
43246,2026-04-19 12:10:02+00,fil-usdfc,true
43247,2026-04-19 12:10:03+00,base-usdc-usdfc,true
43248,2026-04-19 12:10:04+00,polygon-usdc-usdfc,true
43249,2026-04-19 12:15:02+00,eth-usdfc,true
43250,2026-04-19 12:15:03+00,fil-usdfc,true
43252,2026-04-19 12:15:04+00,polygon-usdc-usdfc,true
43251,2026-04-19 12:15:04+00,base-usdc-usdfc,true
43253,2026-04-19 12:20:01+00,eth-usdfc,true
43254,2026-04-19 12:20:02+00,fil-usdfc,true
43255,2026-04-19 12:20:03+00,base-usdc-usdfc,true
43256,2026-04-19 12:20:04+00,polygon-usdc-usdfc,true
43257,2026-04-19 12:25:01+00,eth-usdfc,true
43258,2026-04-19 12:25:04+00,fil-usdfc,true
43260,2026-04-19 12:25:05+00,polygon-usdc-usdfc,true
43259,2026-04-19 12:25:05+00,base-usdc-usdfc,true
43262,2026-04-19 12:30:02+00,fil-usdfc,true
43261,2026-04-19 12:30:02+00,eth-usdfc,true
43263,2026-04-19 12:30:03+00,base-usdc-usdfc,true
43264,2026-04-19 12:30:04+00,polygon-usdc-usdfc,true
43265,2026-04-19 12:35:02+00,eth-usdfc,true
43266,2026-04-19 12:35:03+00,fil-usdfc,true
43267,2026-04-19 12:35:04+00,base-usdc-usdfc,true
43268,2026-04-19 12:35:05+00,polygon-usdc-usdfc,true
43269,2026-04-19 12:40:02+00,eth-usdfc,true
43270,2026-04-19 12:40:09+00,fil-usdfc,true
43271,2026-04-19 12:40:10+00,base-usdc-usdfc,true
43272,2026-04-19 12:40:11+00,polygon-usdc-usdfc,true
43273,2026-04-19 12:45:02+00,eth-usdfc,true
43275,2026-04-19 12:45:03+00,base-usdc-usdfc,true
43274,2026-04-19 12:45:03+00,fil-usdfc,true
43276,2026-04-19 12:45:04+00,polygon-usdc-usdfc,true
43277,2026-04-19 12:50:02+00,eth-usdfc,true
43278,2026-04-19 12:50:03+00,fil-usdfc,true
43279,2026-04-19 12:50:04+00,base-usdc-usdfc,true
43280,2026-04-19 12:50:05+00,polygon-usdc-usdfc,true
43281,2026-04-19 12:55:02+00,eth-usdfc,true
43282,2026-04-19 12:55:03+00,fil-usdfc,true
43283,2026-04-19 12:55:04+00,base-usdc-usdfc,true
43284,2026-04-19 12:55:11+00,polygon-usdc-usdfc,true
43285,2026-04-19 13:00:02+00,eth-usdfc,true
43286,2026-04-19 13:00:04+00,fil-usdfc,true
43287,2026-04-19 13:00:05+00,base-usdc-usdfc,true
43288,2026-04-19 13:00:06+00,polygon-usdc-usdfc,true
43289,2026-04-19 13:05:02+00,eth-usdfc,true
43290,2026-04-19 13:05:03+00,fil-usdfc,true
43291,2026-04-19 13:05:04+00,base-usdc-usdfc,true
43292,2026-04-19 13:05:05+00,polygon-usdc-usdfc,true
43293,2026-04-19 13:10:01+00,eth-usdfc,true
43294,2026-04-19 13:10:02+00,fil-usdfc,true
43295,2026-04-19 13:10:03+00,base-usdc-usdfc,true
43296,2026-04-19 13:10:04+00,polygon-usdc-usdfc,true
43297,2026-04-19 13:15:01+00,eth-usdfc,true
43299,2026-04-19 13:15:03+00,base-usdc-usdfc,true
43298,2026-04-19 13:15:03+00,fil-usdfc,true
43300,2026-04-19 13:15:04+00,polygon-usdc-usdfc,true
43301,2026-04-19 13:20:01+00,eth-usdfc,true
43302,2026-04-19 13:20:02+00,fil-usdfc,true
43303,2026-04-19 13:20:03+00,base-usdc-usdfc,true
43304,2026-04-19 13:20:04+00,polygon-usdc-usdfc,true
43305,2026-04-19 13:25:01+00,eth-usdfc,true
43306,2026-04-19 13:25:03+00,fil-usdfc,true
43307,2026-04-19 13:25:04+00,base-usdc-usdfc,true
43308,2026-04-19 13:25:05+00,polygon-usdc-usdfc,true
43309,2026-04-19 13:30:01+00,eth-usdfc,true
43310,2026-04-19 13:30:03+00,fil-usdfc,true
43311,2026-04-19 13:30:05+00,base-usdc-usdfc,true
43312,2026-04-19 13:30:06+00,polygon-usdc-usdfc,true
43313,2026-04-19 13:35:02+00,eth-usdfc,true
43314,2026-04-19 13:35:03+00,fil-usdfc,true
43315,2026-04-19 13:35:04+00,base-usdc-usdfc,true
43316,2026-04-19 13:35:05+00,polygon-usdc-usdfc,true
43317,2026-04-19 13:40:02+00,eth-usdfc,true
43318,2026-04-19 13:40:03+00,fil-usdfc,true
43320,2026-04-19 13:40:05+00,polygon-usdc-usdfc,true
43319,2026-04-19 13:40:05+00,base-usdc-usdfc,true
43321,2026-04-19 13:45:02+00,eth-usdfc,true
43322,2026-04-19 13:45:05+00,fil-usdfc,true
43323,2026-04-19 13:45:07+00,base-usdc-usdfc,true
43324,2026-04-19 13:45:40+00,polygon-usdc-usdfc,true
43325,2026-04-19 13:50:02+00,eth-usdfc,true
43326,2026-04-19 13:50:05+00,fil-usdfc,true
43327,2026-04-19 13:50:08+00,base-usdc-usdfc,true
43328,2026-04-19 13:50:10+00,polygon-usdc-usdfc,true
43329,2026-04-19 13:55:02+00,eth-usdfc,true
43330,2026-04-19 13:55:04+00,fil-usdfc,true
43331,2026-04-19 13:55:06+00,base-usdc-usdfc,true
43332,2026-04-19 13:55:07+00,polygon-usdc-usdfc,true
43333,2026-04-19 14:00:02+00,eth-usdfc,true
43334,2026-04-19 14:00:03+00,fil-usdfc,true
43335,2026-04-19 14:00:04+00,base-usdc-usdfc,true
43336,2026-04-19 14:00:05+00,polygon-usdc-usdfc,true
43337,2026-04-19 14:05:02+00,eth-usdfc,true
43338,2026-04-19 14:05:03+00,fil-usdfc,true
43340,2026-04-19 14:05:04+00,polygon-usdc-usdfc,true
43339,2026-04-19 14:05:04+00,base-usdc-usdfc,true
43341,2026-04-19 14:10:01+00,eth-usdfc,true
43342,2026-04-19 14:10:04+00,fil-usdfc,true
43344,2026-04-19 14:10:05+00,polygon-usdc-usdfc,true
43343,2026-04-19 14:10:05+00,base-usdc-usdfc,true
43345,2026-04-19 14:15:01+00,eth-usdfc,true
43346,2026-04-19 14:15:03+00,fil-usdfc,true
43347,2026-04-19 14:15:04+00,base-usdc-usdfc,true
43348,2026-04-19 14:15:05+00,polygon-usdc-usdfc,true
43349,2026-04-19 14:20:01+00,eth-usdfc,true
43350,2026-04-19 14:20:02+00,fil-usdfc,true
43351,2026-04-19 14:20:03+00,base-usdc-usdfc,true
43352,2026-04-19 14:20:04+00,polygon-usdc-usdfc,true
43353,2026-04-19 14:25:01+00,eth-usdfc,true
43354,2026-04-19 14:25:02+00,fil-usdfc,true
43355,2026-04-19 14:25:03+00,base-usdc-usdfc,true
43356,2026-04-19 14:25:04+00,polygon-usdc-usdfc,true
43357,2026-04-19 14:30:02+00,eth-usdfc,true
43358,2026-04-19 14:30:03+00,fil-usdfc,true
43359,2026-04-19 14:30:04+00,base-usdc-usdfc,true
43360,2026-04-19 14:30:05+00,polygon-usdc-usdfc,true
43361,2026-04-19 14:35:01+00,eth-usdfc,true
43362,2026-04-19 14:35:05+00,fil-usdfc,true
43363,2026-04-19 14:35:06+00,base-usdc-usdfc,true
43364,2026-04-19 14:35:07+00,polygon-usdc-usdfc,true
43366,2026-04-19 14:40:02+00,fil-usdfc,true
43365,2026-04-19 14:40:02+00,eth-usdfc,true
43367,2026-04-19 14:40:03+00,base-usdc-usdfc,true
43368,2026-04-19 14:40:04+00,polygon-usdc-usdfc,true
43369,2026-04-19 14:45:02+00,eth-usdfc,true
43370,2026-04-19 14:45:06+00,fil-usdfc,true
43371,2026-04-19 14:45:07+00,base-usdc-usdfc,true
43372,2026-04-19 14:45:08+00,polygon-usdc-usdfc,true
43373,2026-04-19 14:50:02+00,eth-usdfc,true
43374,2026-04-19 14:50:05+00,fil-usdfc,true
43376,2026-04-19 14:50:06+00,polygon-usdc-usdfc,true
43375,2026-04-19 14:50:06+00,base-usdc-usdfc,true
43377,2026-04-19 14:55:01+00,eth-usdfc,true
43378,2026-04-19 14:55:02+00,fil-usdfc,true
43379,2026-04-19 14:55:03+00,base-usdc-usdfc,true
43380,2026-04-19 14:55:04+00,polygon-usdc-usdfc,true
43381,2026-04-19 15:00:02+00,eth-usdfc,true
43382,2026-04-19 15:00:03+00,fil-usdfc,true
43384,2026-04-19 15:00:04+00,polygon-usdc-usdfc,true
43383,2026-04-19 15:00:04+00,base-usdc-usdfc,true
43385,2026-04-19 15:05:02+00,eth-usdfc,true
43386,2026-04-19 15:05:03+00,fil-usdfc,true
43388,2026-04-19 15:05:04+00,polygon-usdc-usdfc,true
43387,2026-04-19 15:05:04+00,base-usdc-usdfc,true
43389,2026-04-19 15:10:02+00,eth-usdfc,true
43391,2026-04-19 15:10:03+00,base-usdc-usdfc,true
43390,2026-04-19 15:10:03+00,fil-usdfc,true
43392,2026-04-19 15:10:04+00,polygon-usdc-usdfc,true
43393,2026-04-19 15:15:02+00,eth-usdfc,true
43394,2026-04-19 15:15:03+00,fil-usdfc,true
43395,2026-04-19 15:15:04+00,base-usdc-usdfc,true
43396,2026-04-19 15:15:06+00,polygon-usdc-usdfc,true
43398,2026-04-19 15:20:02+00,fil-usdfc,true
43397,2026-04-19 15:20:02+00,eth-usdfc,true
43400,2026-04-19 15:20:06+00,polygon-usdc-usdfc,true
43399,2026-04-19 15:20:06+00,base-usdc-usdfc,true
43401,2026-04-19 15:25:01+00,eth-usdfc,true
43402,2026-04-19 15:25:03+00,fil-usdfc,true
43403,2026-04-19 15:25:04+00,base-usdc-usdfc,true
43404,2026-04-19 15:25:05+00,polygon-usdc-usdfc,true
43406,2026-04-19 15:30:02+00,fil-usdfc,true
43405,2026-04-19 15:30:02+00,eth-usdfc,true
43407,2026-04-19 15:30:03+00,base-usdc-usdfc,true
43408,2026-04-19 15:30:04+00,polygon-usdc-usdfc,true
43409,2026-04-19 15:35:02+00,eth-usdfc,true
43410,2026-04-19 15:35:04+00,fil-usdfc,true
43411,2026-04-19 15:35:06+00,base-usdc-usdfc,true
43412,2026-04-19 15:35:08+00,polygon-usdc-usdfc,true
43413,2026-04-19 15:40:02+00,eth-usdfc,true
43414,2026-04-19 15:40:03+00,fil-usdfc,true
43416,2026-04-19 15:40:05+00,polygon-usdc-usdfc,true
43415,2026-04-19 15:40:05+00,base-usdc-usdfc,true
43417,2026-04-19 15:45:02+00,eth-usdfc,true
43418,2026-04-19 15:45:03+00,fil-usdfc,true
43419,2026-04-19 15:45:05+00,base-usdc-usdfc,true
43420,2026-04-19 15:45:06+00,polygon-usdc-usdfc,true
43421,2026-04-19 15:50:02+00,eth-usdfc,true
43422,2026-04-19 15:50:09+00,fil-usdfc,true
43423,2026-04-19 15:50:11+00,base-usdc-usdfc,true
43424,2026-04-19 15:50:13+00,polygon-usdc-usdfc,true
43426,2026-04-19 15:55:02+00,fil-usdfc,true
43425,2026-04-19 15:55:02+00,eth-usdfc,true
43428,2026-04-19 15:55:04+00,polygon-usdc-usdfc,true
43427,2026-04-19 15:55:04+00,base-usdc-usdfc,true
43429,2026-04-19 16:00:02+00,eth-usdfc,true
43430,2026-04-19 16:00:03+00,fil-usdfc,true
43432,2026-04-19 16:00:05+00,polygon-usdc-usdfc,true
43431,2026-04-19 16:00:05+00,base-usdc-usdfc,true
43433,2026-04-19 16:05:01+00,eth-usdfc,true
43434,2026-04-19 16:05:03+00,fil-usdfc,true
43435,2026-04-19 16:05:04+00,base-usdc-usdfc,true
43436,2026-04-19 16:05:09+00,polygon-usdc-usdfc,true
43437,2026-04-19 16:10:02+00,eth-usdfc,true
43438,2026-04-19 16:10:04+00,fil-usdfc,true
43439,2026-04-19 16:10:07+00,base-usdc-usdfc,true
43440,2026-04-19 16:10:12+00,polygon-usdc-usdfc,true
43441,2026-04-19 16:15:02+00,eth-usdfc,true
43442,2026-04-19 16:15:03+00,fil-usdfc,true
43443,2026-04-19 16:15:04+00,base-usdc-usdfc,true
43444,2026-04-19 16:15:05+00,polygon-usdc-usdfc,true
43445,2026-04-19 16:20:01+00,eth-usdfc,true
43446,2026-04-19 16:20:03+00,fil-usdfc,true
43447,2026-04-19 16:20:08+00,base-usdc-usdfc,true
43448,2026-04-19 16:20:09+00,polygon-usdc-usdfc,true
43449,2026-04-19 16:25:02+00,eth-usdfc,true
43450,2026-04-19 16:25:03+00,fil-usdfc,true
43451,2026-04-19 16:25:04+00,base-usdc-usdfc,true
43452,2026-04-19 16:25:05+00,polygon-usdc-usdfc,true
43453,2026-04-19 16:30:01+00,eth-usdfc,true
43454,2026-04-19 16:30:06+00,fil-usdfc,true
43455,2026-04-19 16:30:17+00,base-usdc-usdfc,true
43456,2026-04-19 16:30:18+00,polygon-usdc-usdfc,true
43457,2026-04-19 16:35:01+00,eth-usdfc,true
43458,2026-04-19 16:35:02+00,fil-usdfc,true
43459,2026-04-19 16:35:03+00,base-usdc-usdfc,true
43460,2026-04-19 16:35:04+00,polygon-usdc-usdfc,true
43461,2026-04-19 16:40:01+00,eth-usdfc,true
43462,2026-04-19 16:40:07+00,fil-usdfc,true
43463,2026-04-19 16:40:08+00,base-usdc-usdfc,true
43464,2026-04-19 16:40:10+00,polygon-usdc-usdfc,true
43465,2026-04-19 16:45:01+00,eth-usdfc,true
43466,2026-04-19 16:45:07+00,fil-usdfc,true
43467,2026-04-19 16:45:08+00,base-usdc-usdfc,true
43468,2026-04-19 16:45:09+00,polygon-usdc-usdfc,true
43469,2026-04-19 16:50:02+00,eth-usdfc,true
43470,2026-04-19 16:50:03+00,fil-usdfc,true
43472,2026-04-19 16:50:06+00,polygon-usdc-usdfc,true
43471,2026-04-19 16:50:06+00,base-usdc-usdfc,true
43473,2026-04-19 16:55:01+00,eth-usdfc,true
43474,2026-04-19 16:55:02+00,fil-usdfc,true
43475,2026-04-19 16:55:03+00,base-usdc-usdfc,true
43476,2026-04-19 16:55:04+00,polygon-usdc-usdfc,true
43477,2026-04-19 17:00:02+00,eth-usdfc,true
43478,2026-04-19 17:00:03+00,fil-usdfc,true
43480,2026-04-19 17:00:04+00,polygon-usdc-usdfc,true
43479,2026-04-19 17:00:04+00,base-usdc-usdfc,true
43481,2026-04-19 17:05:02+00,eth-usdfc,true
43482,2026-04-19 17:05:18+00,fil-usdfc,true
43483,2026-04-19 17:05:21+00,base-usdc-usdfc,true
43484,2026-04-19 17:05:22+00,polygon-usdc-usdfc,true
43485,2026-04-19 17:10:01+00,eth-usdfc,true
43486,2026-04-19 17:10:02+00,fil-usdfc,true
43487,2026-04-19 17:10:03+00,base-usdc-usdfc,true
43488,2026-04-19 17:10:05+00,polygon-usdc-usdfc,true
43489,2026-04-19 17:15:02+00,eth-usdfc,true
43490,2026-04-19 17:15:03+00,fil-usdfc,true
43492,2026-04-19 17:15:04+00,polygon-usdc-usdfc,true
43491,2026-04-19 17:15:04+00,base-usdc-usdfc,true
43493,2026-04-19 17:20:01+00,eth-usdfc,true
43494,2026-04-19 17:20:07+00,fil-usdfc,true
43495,2026-04-19 17:20:09+00,base-usdc-usdfc,true
43496,2026-04-19 17:20:10+00,polygon-usdc-usdfc,true
43497,2026-04-19 17:25:02+00,eth-usdfc,true
43498,2026-04-19 17:25:03+00,fil-usdfc,true
43499,2026-04-19 17:25:04+00,base-usdc-usdfc,true
43500,2026-04-19 17:25:05+00,polygon-usdc-usdfc,true
43501,2026-04-19 17:30:01+00,eth-usdfc,true
43502,2026-04-19 17:30:02+00,fil-usdfc,true
43503,2026-04-19 17:30:05+00,base-usdc-usdfc,true
43504,2026-04-19 17:30:06+00,polygon-usdc-usdfc,true
43505,2026-04-19 17:35:02+00,eth-usdfc,true
43506,2026-04-19 17:35:03+00,fil-usdfc,true
43507,2026-04-19 17:35:04+00,base-usdc-usdfc,true
43508,2026-04-19 17:35:05+00,polygon-usdc-usdfc,true
43509,2026-04-19 17:40:02+00,eth-usdfc,true
43510,2026-04-19 17:40:03+00,fil-usdfc,true
43511,2026-04-19 17:40:04+00,base-usdc-usdfc,true
43512,2026-04-19 17:40:05+00,polygon-usdc-usdfc,true
43513,2026-04-19 17:45:02+00,eth-usdfc,true
43514,2026-04-19 17:45:11+00,fil-usdfc,true
43515,2026-04-19 17:45:12+00,base-usdc-usdfc,true
43516,2026-04-19 17:45:14+00,polygon-usdc-usdfc,true
43517,2026-04-19 17:50:02+00,eth-usdfc,true
43518,2026-04-19 17:50:03+00,fil-usdfc,true
43519,2026-04-19 17:50:05+00,base-usdc-usdfc,true
43520,2026-04-19 17:50:06+00,polygon-usdc-usdfc,true
43521,2026-04-19 17:55:02+00,eth-usdfc,true
43522,2026-04-19 17:55:04+00,fil-usdfc,true
43524,2026-04-19 17:55:05+00,polygon-usdc-usdfc,true
43523,2026-04-19 17:55:05+00,base-usdc-usdfc,true
43525,2026-04-19 18:00:02+00,eth-usdfc,true
43526,2026-04-19 18:00:03+00,fil-usdfc,true
43528,2026-04-19 18:00:05+00,polygon-usdc-usdfc,true
43527,2026-04-19 18:00:05+00,base-usdc-usdfc,true
43529,2026-04-19 18:05:01+00,eth-usdfc,true
43530,2026-04-19 18:05:02+00,fil-usdfc,true
43531,2026-04-19 18:05:03+00,base-usdc-usdfc,true
43532,2026-04-19 18:05:04+00,polygon-usdc-usdfc,true
43533,2026-04-19 18:10:02+00,eth-usdfc,true
43534,2026-04-19 18:10:03+00,fil-usdfc,true
43535,2026-04-19 18:10:04+00,base-usdc-usdfc,true
43536,2026-04-19 18:10:05+00,polygon-usdc-usdfc,true
43537,2026-04-19 18:15:02+00,eth-usdfc,true
43538,2026-04-19 18:15:03+00,fil-usdfc,true
43539,2026-04-19 18:15:04+00,base-usdc-usdfc,true
43540,2026-04-19 18:15:05+00,polygon-usdc-usdfc,true
43541,2026-04-19 18:20:02+00,eth-usdfc,true
43542,2026-04-19 18:20:03+00,fil-usdfc,true
43543,2026-04-19 18:20:04+00,base-usdc-usdfc,true
43544,2026-04-19 18:20:07+00,polygon-usdc-usdfc,true
43545,2026-04-19 18:25:01+00,eth-usdfc,true
43546,2026-04-19 18:25:04+00,fil-usdfc,true
43547,2026-04-19 18:25:07+00,base-usdc-usdfc,true
43548,2026-04-19 18:25:09+00,polygon-usdc-usdfc,true
43549,2026-04-19 18:30:02+00,eth-usdfc,true
43550,2026-04-19 18:30:03+00,fil-usdfc,true
43551,2026-04-19 18:30:05+00,base-usdc-usdfc,true
43552,2026-04-19 18:30:06+00,polygon-usdc-usdfc,true
43553,2026-04-19 18:35:02+00,eth-usdfc,true
43554,2026-04-19 18:35:03+00,fil-usdfc,true
43555,2026-04-19 18:35:04+00,base-usdc-usdfc,true
43556,2026-04-19 18:35:05+00,polygon-usdc-usdfc,true
43557,2026-04-19 18:40:02+00,eth-usdfc,true
43558,2026-04-19 18:40:03+00,fil-usdfc,true
43559,2026-04-19 18:40:04+00,base-usdc-usdfc,true
43560,2026-04-19 18:40:05+00,polygon-usdc-usdfc,true
43561,2026-04-19 18:45:02+00,eth-usdfc,true
43562,2026-04-19 18:45:10+00,fil-usdfc,true
43563,2026-04-19 18:45:11+00,base-usdc-usdfc,true
43564,2026-04-19 18:45:12+00,polygon-usdc-usdfc,true
43566,2026-04-19 18:50:02+00,fil-usdfc,true
43565,2026-04-19 18:50:02+00,eth-usdfc,true
43567,2026-04-19 18:50:04+00,base-usdc-usdfc,true
43568,2026-04-19 18:50:09+00,polygon-usdc-usdfc,true
43569,2026-04-19 18:55:01+00,eth-usdfc,true
43570,2026-04-19 18:55:05+00,fil-usdfc,true
43571,2026-04-19 18:55:06+00,base-usdc-usdfc,true
43572,2026-04-19 18:55:07+00,polygon-usdc-usdfc,true
43573,2026-04-19 19:00:02+00,eth-usdfc,true
43574,2026-04-19 19:00:05+00,fil-usdfc,true
43575,2026-04-19 19:00:07+00,base-usdc-usdfc,true
43576,2026-04-19 19:00:09+00,polygon-usdc-usdfc,true
43577,2026-04-19 19:05:01+00,eth-usdfc,true
43578,2026-04-19 19:05:02+00,fil-usdfc,true
43579,2026-04-19 19:05:04+00,base-usdc-usdfc,true
43580,2026-04-19 19:05:05+00,polygon-usdc-usdfc,true
43581,2026-04-19 19:10:02+00,eth-usdfc,true
43582,2026-04-19 19:10:12+00,fil-usdfc,true
43583,2026-04-19 19:10:14+00,base-usdc-usdfc,true
43584,2026-04-19 19:10:16+00,polygon-usdc-usdfc,true
43585,2026-04-19 19:15:02+00,eth-usdfc,true
43587,2026-04-19 19:15:03+00,base-usdc-usdfc,true
43586,2026-04-19 19:15:03+00,fil-usdfc,true
43588,2026-04-19 19:15:04+00,polygon-usdc-usdfc,true
43589,2026-04-19 19:20:02+00,eth-usdfc,true
43590,2026-04-19 19:20:04+00,fil-usdfc,true
43592,2026-04-19 19:20:06+00,polygon-usdc-usdfc,true
43591,2026-04-19 19:20:06+00,base-usdc-usdfc,true
43593,2026-04-19 19:25:01+00,eth-usdfc,true
43594,2026-04-19 19:25:02+00,fil-usdfc,true
43595,2026-04-19 19:25:05+00,base-usdc-usdfc,true
43596,2026-04-19 19:25:06+00,polygon-usdc-usdfc,true
43597,2026-04-19 19:30:02+00,eth-usdfc,true
43598,2026-04-19 19:30:03+00,fil-usdfc,true
43600,2026-04-19 19:30:04+00,polygon-usdc-usdfc,true
43599,2026-04-19 19:30:04+00,base-usdc-usdfc,true
43601,2026-04-19 19:35:02+00,eth-usdfc,true
43602,2026-04-19 19:35:03+00,fil-usdfc,true
43603,2026-04-19 19:35:07+00,base-usdc-usdfc,true
43604,2026-04-19 19:35:08+00,polygon-usdc-usdfc,true
43605,2026-04-19 19:40:01+00,eth-usdfc,true
43606,2026-04-19 19:40:02+00,fil-usdfc,true
43607,2026-04-19 19:40:03+00,base-usdc-usdfc,true
43608,2026-04-19 19:40:04+00,polygon-usdc-usdfc,true
43609,2026-04-19 19:45:02+00,eth-usdfc,true
43611,2026-04-19 19:45:03+00,base-usdc-usdfc,true
43610,2026-04-19 19:45:03+00,fil-usdfc,true
43612,2026-04-19 19:45:04+00,polygon-usdc-usdfc,true
43613,2026-04-19 19:50:01+00,eth-usdfc,true
43614,2026-04-19 19:50:02+00,fil-usdfc,true
43615,2026-04-19 19:50:03+00,base-usdc-usdfc,true
43616,2026-04-19 19:50:04+00,polygon-usdc-usdfc,true
43618,2026-04-19 19:55:02+00,fil-usdfc,true
43617,2026-04-19 19:55:02+00,eth-usdfc,true
43619,2026-04-19 19:55:03+00,base-usdc-usdfc,true
43620,2026-04-19 19:55:04+00,polygon-usdc-usdfc,true
43621,2026-04-19 20:00:02+00,eth-usdfc,true
43623,2026-04-19 20:00:03+00,base-usdc-usdfc,true
43622,2026-04-19 20:00:03+00,fil-usdfc,true
43624,2026-04-19 20:00:04+00,polygon-usdc-usdfc,true
43625,2026-04-19 20:05:02+00,eth-usdfc,true
43626,2026-04-19 20:05:10+00,fil-usdfc,true
43628,2026-04-19 20:05:12+00,polygon-usdc-usdfc,true
43627,2026-04-19 20:05:12+00,base-usdc-usdfc,true
43629,2026-04-19 20:10:02+00,eth-usdfc,true
43630,2026-04-19 20:10:03+00,fil-usdfc,true
43631,2026-04-19 20:10:04+00,base-usdc-usdfc,true
43632,2026-04-19 20:10:05+00,polygon-usdc-usdfc,true
43633,2026-04-19 20:15:02+00,eth-usdfc,true
43634,2026-04-19 20:15:03+00,fil-usdfc,true
43636,2026-04-19 20:15:04+00,polygon-usdc-usdfc,true
43635,2026-04-19 20:15:04+00,base-usdc-usdfc,true
43637,2026-04-19 20:20:01+00,eth-usdfc,true
43638,2026-04-19 20:20:02+00,fil-usdfc,true
43639,2026-04-19 20:20:03+00,base-usdc-usdfc,true
43640,2026-04-19 20:20:04+00,polygon-usdc-usdfc,true
43641,2026-04-19 20:25:02+00,eth-usdfc,true
43642,2026-04-19 20:25:03+00,fil-usdfc,true
43643,2026-04-19 20:25:04+00,base-usdc-usdfc,true
43644,2026-04-19 20:25:05+00,polygon-usdc-usdfc,true
43645,2026-04-19 20:30:02+00,eth-usdfc,true
43646,2026-04-19 20:30:03+00,fil-usdfc,true
43648,2026-04-19 20:30:05+00,polygon-usdc-usdfc,true
43647,2026-04-19 20:30:05+00,base-usdc-usdfc,true
43649,2026-04-19 20:35:02+00,eth-usdfc,true
43650,2026-04-19 20:35:11+00,fil-usdfc,true
43652,2026-04-19 20:35:13+00,polygon-usdc-usdfc,true
43651,2026-04-19 20:35:13+00,base-usdc-usdfc,true
43653,2026-04-19 20:40:02+00,eth-usdfc,true
43655,2026-04-19 20:40:03+00,base-usdc-usdfc,true
43654,2026-04-19 20:40:03+00,fil-usdfc,true
43656,2026-04-19 20:40:05+00,polygon-usdc-usdfc,true
43657,2026-04-19 20:45:01+00,eth-usdfc,true
43658,2026-04-19 20:45:02+00,fil-usdfc,true
43660,2026-04-19 20:45:05+00,polygon-usdc-usdfc,true
43659,2026-04-19 20:45:05+00,base-usdc-usdfc,true
43661,2026-04-19 20:50:01+00,eth-usdfc,true
43662,2026-04-19 20:50:02+00,fil-usdfc,true
43663,2026-04-19 20:50:03+00,base-usdc-usdfc,true
43664,2026-04-19 20:50:04+00,polygon-usdc-usdfc,true
43665,2026-04-19 20:55:01+00,eth-usdfc,true
43666,2026-04-19 20:55:03+00,fil-usdfc,true
43667,2026-04-19 20:55:04+00,base-usdc-usdfc,true
43668,2026-04-19 20:55:05+00,polygon-usdc-usdfc,true
43670,2026-04-19 21:00:02+00,fil-usdfc,true
43669,2026-04-19 21:00:02+00,eth-usdfc,true
43672,2026-04-19 21:00:04+00,polygon-usdc-usdfc,true
43671,2026-04-19 21:00:04+00,base-usdc-usdfc,true
43673,2026-04-19 21:05:02+00,eth-usdfc,true
43674,2026-04-19 21:05:03+00,fil-usdfc,true
43675,2026-04-19 21:05:04+00,base-usdc-usdfc,true
43676,2026-04-19 21:05:05+00,polygon-usdc-usdfc,true
43677,2026-04-19 21:10:02+00,eth-usdfc,true
43678,2026-04-19 21:10:03+00,fil-usdfc,true
43679,2026-04-19 21:10:05+00,base-usdc-usdfc,true
43680,2026-04-19 21:10:11+00,polygon-usdc-usdfc,true
43681,2026-04-19 21:15:02+00,eth-usdfc,true
43682,2026-04-19 21:15:03+00,fil-usdfc,true
43683,2026-04-19 21:15:04+00,base-usdc-usdfc,true
43684,2026-04-19 21:15:05+00,polygon-usdc-usdfc,true
43685,2026-04-19 21:20:01+00,eth-usdfc,true
43686,2026-04-19 21:20:05+00,fil-usdfc,true
43688,2026-04-19 21:20:06+00,polygon-usdc-usdfc,true
43687,2026-04-19 21:20:06+00,base-usdc-usdfc,true
43689,2026-04-19 21:25:02+00,eth-usdfc,true
43690,2026-04-19 21:25:03+00,fil-usdfc,true
43692,2026-04-19 21:25:04+00,polygon-usdc-usdfc,true
43691,2026-04-19 21:25:04+00,base-usdc-usdfc,true
43693,2026-04-19 21:30:02+00,eth-usdfc,true
43694,2026-04-19 21:30:03+00,fil-usdfc,true
43695,2026-04-19 21:30:04+00,base-usdc-usdfc,true
43696,2026-04-19 21:30:05+00,polygon-usdc-usdfc,true
43697,2026-04-19 21:35:02+00,eth-usdfc,true
43698,2026-04-19 21:35:03+00,fil-usdfc,true
43700,2026-04-19 21:35:04+00,polygon-usdc-usdfc,true
43699,2026-04-19 21:35:04+00,base-usdc-usdfc,true
43701,2026-04-19 21:40:02+00,eth-usdfc,true
43703,2026-04-19 21:40:03+00,base-usdc-usdfc,true
43702,2026-04-19 21:40:03+00,fil-usdfc,true
43704,2026-04-19 21:40:04+00,polygon-usdc-usdfc,true
43705,2026-04-19 21:45:01+00,eth-usdfc,true
43706,2026-04-19 21:45:02+00,fil-usdfc,true
43707,2026-04-19 21:45:03+00,base-usdc-usdfc,true
43708,2026-04-19 21:45:04+00,polygon-usdc-usdfc,true
43709,2026-04-19 21:50:02+00,eth-usdfc,true
43710,2026-04-19 21:50:03+00,fil-usdfc,true
43711,2026-04-19 21:50:04+00,base-usdc-usdfc,true
43712,2026-04-19 21:50:06+00,polygon-usdc-usdfc,true
43713,2026-04-19 21:55:01+00,eth-usdfc,true
43714,2026-04-19 21:55:02+00,fil-usdfc,true
43715,2026-04-19 21:55:03+00,base-usdc-usdfc,true
43716,2026-04-19 21:55:04+00,polygon-usdc-usdfc,true
43717,2026-04-19 22:00:02+00,eth-usdfc,true
43718,2026-04-19 22:00:03+00,fil-usdfc,true
43719,2026-04-19 22:00:04+00,base-usdc-usdfc,true
43720,2026-04-19 22:00:05+00,polygon-usdc-usdfc,true
43721,2026-04-19 22:05:02+00,eth-usdfc,true
43722,2026-04-19 22:05:03+00,fil-usdfc,true
43724,2026-04-19 22:05:04+00,polygon-usdc-usdfc,true
43723,2026-04-19 22:05:04+00,base-usdc-usdfc,true
43725,2026-04-19 22:10:02+00,eth-usdfc,true
43726,2026-04-19 22:10:03+00,fil-usdfc,true
43727,2026-04-19 22:10:05+00,base-usdc-usdfc,true
43728,2026-04-19 22:10:07+00,polygon-usdc-usdfc,true
43729,2026-04-19 22:15:01+00,eth-usdfc,true
43730,2026-04-19 22:15:03+00,fil-usdfc,true
43731,2026-04-19 22:15:04+00,base-usdc-usdfc,true
43732,2026-04-19 22:15:05+00,polygon-usdc-usdfc,true
43733,2026-04-19 22:20:02+00,eth-usdfc,true
43734,2026-04-19 22:20:04+00,fil-usdfc,true
43735,2026-04-19 22:20:05+00,base-usdc-usdfc,true
43736,2026-04-19 22:20:06+00,polygon-usdc-usdfc,true
43737,2026-04-19 22:25:02+00,eth-usdfc,true
43738,2026-04-19 22:25:04+00,fil-usdfc,true
43739,2026-04-19 22:25:05+00,base-usdc-usdfc,true
43740,2026-04-19 22:25:06+00,polygon-usdc-usdfc,true
43741,2026-04-19 22:30:02+00,eth-usdfc,true
43742,2026-04-19 22:30:03+00,fil-usdfc,true
43743,2026-04-19 22:30:04+00,base-usdc-usdfc,true
43744,2026-04-19 22:30:05+00,polygon-usdc-usdfc,true
43745,2026-04-19 22:35:02+00,eth-usdfc,true
43747,2026-04-19 22:35:04+00,base-usdc-usdfc,true
43746,2026-04-19 22:35:04+00,fil-usdfc,true
43748,2026-04-19 22:35:05+00,polygon-usdc-usdfc,true
43749,2026-04-19 22:40:01+00,eth-usdfc,true
43750,2026-04-19 22:40:03+00,fil-usdfc,true
43751,2026-04-19 22:40:04+00,base-usdc-usdfc,true
43752,2026-04-19 22:40:05+00,polygon-usdc-usdfc,true
43753,2026-04-19 22:45:02+00,eth-usdfc,true
43754,2026-04-19 22:45:03+00,fil-usdfc,true
43755,2026-04-19 22:45:04+00,base-usdc-usdfc,true
43756,2026-04-19 22:45:05+00,polygon-usdc-usdfc,true
43757,2026-04-19 22:50:01+00,eth-usdfc,true
43758,2026-04-19 22:50:27+00,fil-usdfc,true
43759,2026-04-19 22:50:29+00,base-usdc-usdfc,true
43760,2026-04-19 22:50:32+00,polygon-usdc-usdfc,true
43761,2026-04-19 22:55:01+00,eth-usdfc,true
43762,2026-04-19 22:55:03+00,fil-usdfc,true
43764,2026-04-19 22:55:04+00,polygon-usdc-usdfc,true
43763,2026-04-19 22:55:04+00,base-usdc-usdfc,true
43765,2026-04-19 23:00:01+00,eth-usdfc,true
43766,2026-04-19 23:00:03+00,fil-usdfc,true
43767,2026-04-19 23:00:05+00,base-usdc-usdfc,true
43768,2026-04-19 23:00:06+00,polygon-usdc-usdfc,true
43769,2026-04-19 23:05:02+00,eth-usdfc,true
43770,2026-04-19 23:05:03+00,fil-usdfc,true
43771,2026-04-19 23:05:06+00,base-usdc-usdfc,true
43772,2026-04-19 23:05:07+00,polygon-usdc-usdfc,true
43773,2026-04-19 23:10:02+00,eth-usdfc,true
43774,2026-04-19 23:10:03+00,fil-usdfc,true
43775,2026-04-19 23:10:04+00,base-usdc-usdfc,true
43776,2026-04-19 23:10:05+00,polygon-usdc-usdfc,true
43777,2026-04-19 23:15:02+00,eth-usdfc,true
43778,2026-04-19 23:15:03+00,fil-usdfc,true
43779,2026-04-19 23:15:04+00,base-usdc-usdfc,true
43780,2026-04-19 23:15:05+00,polygon-usdc-usdfc,true
43781,2026-04-19 23:20:01+00,eth-usdfc,true
43782,2026-04-19 23:20:03+00,fil-usdfc,true
43783,2026-04-19 23:20:04+00,base-usdc-usdfc,true
43784,2026-04-19 23:20:05+00,polygon-usdc-usdfc,true
43785,2026-04-19 23:25:02+00,eth-usdfc,true
43786,2026-04-19 23:25:04+00,fil-usdfc,true
43787,2026-04-19 23:25:05+00,base-usdc-usdfc,true
43788,2026-04-19 23:25:06+00,polygon-usdc-usdfc,true
43789,2026-04-19 23:30:02+00,eth-usdfc,true
43790,2026-04-19 23:30:03+00,fil-usdfc,true
43791,2026-04-19 23:30:04+00,base-usdc-usdfc,true
43792,2026-04-19 23:30:05+00,polygon-usdc-usdfc,true
43793,2026-04-19 23:35:02+00,eth-usdfc,true
43794,2026-04-19 23:35:03+00,fil-usdfc,true
43795,2026-04-19 23:35:05+00,base-usdc-usdfc,true
43796,2026-04-19 23:35:06+00,polygon-usdc-usdfc,true
43797,2026-04-19 23:40:01+00,eth-usdfc,true
43798,2026-04-19 23:40:07+00,fil-usdfc,true
43799,2026-04-19 23:40:08+00,base-usdc-usdfc,true
43800,2026-04-19 23:40:10+00,polygon-usdc-usdfc,true
43801,2026-04-19 23:45:02+00,eth-usdfc,true
43802,2026-04-19 23:45:05+00,fil-usdfc,true
43804,2026-04-19 23:45:06+00,polygon-usdc-usdfc,true
43803,2026-04-19 23:45:06+00,base-usdc-usdfc,true
43805,2026-04-19 23:50:01+00,eth-usdfc,true
43806,2026-04-19 23:50:04+00,fil-usdfc,true
43807,2026-04-19 23:50:05+00,base-usdc-usdfc,true
43808,2026-04-19 23:50:06+00,polygon-usdc-usdfc,true
43809,2026-04-19 23:55:01+00,eth-usdfc,true
43810,2026-04-19 23:55:03+00,fil-usdfc,true
43812,2026-04-19 23:55:04+00,polygon-usdc-usdfc,true
43811,2026-04-19 23:55:04+00,base-usdc-usdfc,true
43813,2026-04-20 00:00:02+00,eth-usdfc,true
43814,2026-04-20 00:00:05+00,fil-usdfc,true
43815,2026-04-20 00:00:07+00,base-usdc-usdfc,true
43816,2026-04-20 00:00:09+00,polygon-usdc-usdfc,true
43817,2026-04-20 00:05:02+00,eth-usdfc,true
43818,2026-04-20 00:05:11+00,fil-usdfc,true
43819,2026-04-20 00:05:18+00,base-usdc-usdfc,true
43820,2026-04-20 00:05:20+00,polygon-usdc-usdfc,true
43821,2026-04-20 00:10:02+00,eth-usdfc,true
43822,2026-04-20 00:10:14+00,fil-usdfc,true
43823,2026-04-20 00:10:16+00,base-usdc-usdfc,true
43824,2026-04-20 00:10:18+00,polygon-usdc-usdfc,true
43825,2026-04-20 00:15:02+00,eth-usdfc,true
43826,2026-04-20 00:15:04+00,fil-usdfc,true
43827,2026-04-20 00:15:05+00,base-usdc-usdfc,true
43828,2026-04-20 00:15:06+00,polygon-usdc-usdfc,true
43829,2026-04-20 00:20:02+00,eth-usdfc,true
43830,2026-04-20 00:20:04+00,fil-usdfc,true
43831,2026-04-20 00:20:05+00,base-usdc-usdfc,true
43832,2026-04-20 00:20:06+00,polygon-usdc-usdfc,true
43833,2026-04-20 00:25:02+00,eth-usdfc,true
43834,2026-04-20 00:25:15+00,fil-usdfc,true
43835,2026-04-20 00:25:16+00,base-usdc-usdfc,true
43836,2026-04-20 00:25:18+00,polygon-usdc-usdfc,true
43837,2026-04-20 00:30:02+00,eth-usdfc,true
43838,2026-04-20 00:30:04+00,fil-usdfc,true
43839,2026-04-20 00:30:05+00,base-usdc-usdfc,true
43840,2026-04-20 00:30:06+00,polygon-usdc-usdfc,true
43841,2026-04-20 00:35:02+00,eth-usdfc,true
43842,2026-04-20 00:35:03+00,fil-usdfc,true
43843,2026-04-20 00:35:04+00,base-usdc-usdfc,true
43844,2026-04-20 00:35:05+00,polygon-usdc-usdfc,true
43845,2026-04-20 00:40:02+00,eth-usdfc,true
43846,2026-04-20 00:40:03+00,fil-usdfc,true
43847,2026-04-20 00:40:05+00,base-usdc-usdfc,true
43848,2026-04-20 00:40:06+00,polygon-usdc-usdfc,true
43849,2026-04-20 00:45:02+00,eth-usdfc,true
43850,2026-04-20 00:45:03+00,fil-usdfc,true
43851,2026-04-20 00:45:07+00,base-usdc-usdfc,true
43852,2026-04-20 00:45:10+00,polygon-usdc-usdfc,true
43853,2026-04-20 00:50:02+00,eth-usdfc,true
43854,2026-04-20 00:50:07+00,fil-usdfc,true
43855,2026-04-20 00:50:13+00,base-usdc-usdfc,true
43856,2026-04-20 00:50:35+00,polygon-usdc-usdfc,true
43857,2026-04-20 00:55:01+00,eth-usdfc,true
43858,2026-04-20 00:55:30+00,fil-usdfc,true
43859,2026-04-20 00:55:31+00,base-usdc-usdfc,true
43860,2026-04-20 00:55:32+00,polygon-usdc-usdfc,true
43861,2026-04-20 01:00:02+00,eth-usdfc,true
43862,2026-04-20 01:00:04+00,fil-usdfc,true
43863,2026-04-20 01:00:05+00,base-usdc-usdfc,true
43864,2026-04-20 01:00:06+00,polygon-usdc-usdfc,true
43865,2026-04-20 01:05:01+00,eth-usdfc,true
43866,2026-04-20 01:05:04+00,fil-usdfc,true
43867,2026-04-20 01:05:05+00,base-usdc-usdfc,true
43868,2026-04-20 01:05:07+00,polygon-usdc-usdfc,true
43869,2026-04-20 01:10:02+00,eth-usdfc,true
43870,2026-04-20 01:10:04+00,fil-usdfc,true
43872,2026-04-20 01:10:05+00,polygon-usdc-usdfc,true
43871,2026-04-20 01:10:05+00,base-usdc-usdfc,true
43873,2026-04-20 01:15:02+00,eth-usdfc,true
43874,2026-04-20 01:15:04+00,fil-usdfc,true
43875,2026-04-20 01:15:05+00,base-usdc-usdfc,true
43876,2026-04-20 01:15:06+00,polygon-usdc-usdfc,true
43877,2026-04-20 01:20:02+00,eth-usdfc,true
43878,2026-04-20 01:20:03+00,fil-usdfc,true
43879,2026-04-20 01:20:04+00,base-usdc-usdfc,true
43880,2026-04-20 01:20:05+00,polygon-usdc-usdfc,true
43881,2026-04-20 01:25:02+00,eth-usdfc,true
43882,2026-04-20 01:25:03+00,fil-usdfc,true
43883,2026-04-20 01:25:04+00,base-usdc-usdfc,true
43884,2026-04-20 01:25:05+00,polygon-usdc-usdfc,true
43885,2026-04-20 01:30:01+00,eth-usdfc,true
43886,2026-04-20 01:30:05+00,fil-usdfc,true
43887,2026-04-20 01:30:06+00,base-usdc-usdfc,true
43888,2026-04-20 01:30:08+00,polygon-usdc-usdfc,true
43889,2026-04-20 01:35:01+00,eth-usdfc,true
43890,2026-04-20 01:35:02+00,fil-usdfc,true
43891,2026-04-20 01:35:03+00,base-usdc-usdfc,true
43892,2026-04-20 01:35:04+00,polygon-usdc-usdfc,true
43893,2026-04-20 01:40:02+00,eth-usdfc,true
43894,2026-04-20 01:40:03+00,fil-usdfc,true
43895,2026-04-20 01:40:05+00,base-usdc-usdfc,true
43896,2026-04-20 01:40:06+00,polygon-usdc-usdfc,true
43897,2026-04-20 01:45:02+00,eth-usdfc,true
43898,2026-04-20 01:45:03+00,fil-usdfc,true
43900,2026-04-20 01:45:05+00,polygon-usdc-usdfc,true
43899,2026-04-20 01:45:05+00,base-usdc-usdfc,true
43901,2026-04-20 01:50:02+00,eth-usdfc,true
43902,2026-04-20 01:50:03+00,fil-usdfc,true
43904,2026-04-20 01:50:04+00,polygon-usdc-usdfc,true
43903,2026-04-20 01:50:04+00,base-usdc-usdfc,true
43905,2026-04-20 01:55:02+00,eth-usdfc,true
43906,2026-04-20 01:55:03+00,fil-usdfc,true
43907,2026-04-20 01:55:04+00,base-usdc-usdfc,true
43908,2026-04-20 01:55:05+00,polygon-usdc-usdfc,true
43909,2026-04-20 02:00:02+00,eth-usdfc,true
43910,2026-04-20 02:00:03+00,fil-usdfc,true
43912,2026-04-20 02:00:04+00,polygon-usdc-usdfc,true
43911,2026-04-20 02:00:04+00,base-usdc-usdfc,true
43913,2026-04-20 02:05:02+00,eth-usdfc,true
43914,2026-04-20 02:05:03+00,fil-usdfc,true
43916,2026-04-20 02:05:05+00,polygon-usdc-usdfc,true
43915,2026-04-20 02:05:05+00,base-usdc-usdfc,true
43917,2026-04-20 02:10:02+00,eth-usdfc,true
43918,2026-04-20 02:10:03+00,fil-usdfc,true
43920,2026-04-20 02:10:05+00,polygon-usdc-usdfc,true
43919,2026-04-20 02:10:05+00,base-usdc-usdfc,true
43921,2026-04-20 02:15:02+00,eth-usdfc,true
43922,2026-04-20 02:15:04+00,fil-usdfc,true
43923,2026-04-20 02:15:05+00,base-usdc-usdfc,true
43924,2026-04-20 02:15:06+00,polygon-usdc-usdfc,true
43925,2026-04-20 02:20:02+00,eth-usdfc,true
43926,2026-04-20 02:20:03+00,fil-usdfc,true
43927,2026-04-20 02:20:04+00,base-usdc-usdfc,true
43928,2026-04-20 02:20:05+00,polygon-usdc-usdfc,true
43929,2026-04-20 02:25:02+00,eth-usdfc,true
43930,2026-04-20 02:25:03+00,fil-usdfc,true
43931,2026-04-20 02:25:04+00,base-usdc-usdfc,true
43932,2026-04-20 02:25:05+00,polygon-usdc-usdfc,true
43933,2026-04-20 02:30:01+00,eth-usdfc,true
43934,2026-04-20 02:30:03+00,fil-usdfc,true
43936,2026-04-20 02:30:04+00,polygon-usdc-usdfc,true
43935,2026-04-20 02:30:04+00,base-usdc-usdfc,true
43937,2026-04-20 02:35:02+00,eth-usdfc,true
43938,2026-04-20 02:35:03+00,fil-usdfc,true
43939,2026-04-20 02:35:04+00,base-usdc-usdfc,true
43940,2026-04-20 02:35:05+00,polygon-usdc-usdfc,true
43941,2026-04-20 02:40:02+00,eth-usdfc,true
43942,2026-04-20 02:40:03+00,fil-usdfc,true
43943,2026-04-20 02:40:04+00,base-usdc-usdfc,true
43944,2026-04-20 02:40:05+00,polygon-usdc-usdfc,true
43945,2026-04-20 02:45:01+00,eth-usdfc,true
43946,2026-04-20 02:45:03+00,fil-usdfc,true
43948,2026-04-20 02:45:04+00,polygon-usdc-usdfc,true
43947,2026-04-20 02:45:04+00,base-usdc-usdfc,true
43949,2026-04-20 02:50:01+00,eth-usdfc,true
43950,2026-04-20 02:50:03+00,fil-usdfc,true
43951,2026-04-20 02:50:04+00,base-usdc-usdfc,true
43952,2026-04-20 02:50:05+00,polygon-usdc-usdfc,true
43953,2026-04-20 02:55:02+00,eth-usdfc,true
43954,2026-04-20 02:55:05+00,fil-usdfc,true
43955,2026-04-20 02:55:06+00,base-usdc-usdfc,true
43956,2026-04-20 02:55:07+00,polygon-usdc-usdfc,true
43957,2026-04-20 03:00:02+00,eth-usdfc,true
43958,2026-04-20 03:00:03+00,fil-usdfc,true
43959,2026-04-20 03:00:04+00,base-usdc-usdfc,true
43960,2026-04-20 03:00:05+00,polygon-usdc-usdfc,true
43961,2026-04-20 03:05:02+00,eth-usdfc,true
43962,2026-04-20 03:05:03+00,fil-usdfc,true
43963,2026-04-20 03:05:04+00,base-usdc-usdfc,true
43964,2026-04-20 03:05:05+00,polygon-usdc-usdfc,true
43965,2026-04-20 03:10:02+00,eth-usdfc,true
43966,2026-04-20 03:10:03+00,fil-usdfc,true
43968,2026-04-20 03:10:05+00,polygon-usdc-usdfc,true
43967,2026-04-20 03:10:05+00,base-usdc-usdfc,true
43969,2026-04-20 03:15:02+00,eth-usdfc,true
43970,2026-04-20 03:15:03+00,fil-usdfc,true
43972,2026-04-20 03:15:05+00,polygon-usdc-usdfc,true
43971,2026-04-20 03:15:05+00,base-usdc-usdfc,true
43973,2026-04-20 03:20:02+00,eth-usdfc,true
43974,2026-04-20 03:20:03+00,fil-usdfc,true
43975,2026-04-20 03:20:04+00,base-usdc-usdfc,true
43976,2026-04-20 03:20:06+00,polygon-usdc-usdfc,true
43977,2026-04-20 03:25:02+00,eth-usdfc,true
43978,2026-04-20 03:25:03+00,fil-usdfc,true
43979,2026-04-20 03:25:04+00,base-usdc-usdfc,true
43980,2026-04-20 03:25:05+00,polygon-usdc-usdfc,true
43981,2026-04-20 03:30:02+00,eth-usdfc,true
43982,2026-04-20 03:30:03+00,fil-usdfc,true
43983,2026-04-20 03:30:04+00,base-usdc-usdfc,true
43984,2026-04-20 03:30:05+00,polygon-usdc-usdfc,true
43985,2026-04-20 03:35:02+00,eth-usdfc,true
43986,2026-04-20 03:35:03+00,fil-usdfc,true
43987,2026-04-20 03:35:04+00,base-usdc-usdfc,true
43988,2026-04-20 03:35:05+00,polygon-usdc-usdfc,true
43989,2026-04-20 03:40:02+00,eth-usdfc,true
43990,2026-04-20 03:40:04+00,fil-usdfc,true
43991,2026-04-20 03:40:06+00,base-usdc-usdfc,true
43992,2026-04-20 03:40:08+00,polygon-usdc-usdfc,true
43993,2026-04-20 03:45:02+00,eth-usdfc,true
43994,2026-04-20 03:45:10+00,fil-usdfc,true
43995,2026-04-20 03:45:13+00,base-usdc-usdfc,true
43996,2026-04-20 03:45:15+00,polygon-usdc-usdfc,true
43997,2026-04-20 03:50:01+00,eth-usdfc,true
43998,2026-04-20 03:50:03+00,fil-usdfc,true
43999,2026-04-20 03:50:04+00,base-usdc-usdfc,true
44000,2026-04-20 03:50:05+00,polygon-usdc-usdfc,true
44001,2026-04-20 03:55:02+00,eth-usdfc,true
44002,2026-04-20 03:55:04+00,fil-usdfc,true
44003,2026-04-20 03:55:05+00,base-usdc-usdfc,true
44004,2026-04-20 03:55:06+00,polygon-usdc-usdfc,true
44005,2026-04-20 04:00:02+00,eth-usdfc,true
44006,2026-04-20 04:00:07+00,fil-usdfc,true
44007,2026-04-20 04:00:08+00,base-usdc-usdfc,true
44008,2026-04-20 04:00:09+00,polygon-usdc-usdfc,true
44009,2026-04-20 04:05:01+00,eth-usdfc,true
44010,2026-04-20 04:05:03+00,fil-usdfc,true
44011,2026-04-20 04:05:04+00,base-usdc-usdfc,true
44012,2026-04-20 04:05:05+00,polygon-usdc-usdfc,true
44013,2026-04-20 04:10:01+00,eth-usdfc,true
44014,2026-04-20 04:10:02+00,fil-usdfc,true
44015,2026-04-20 04:10:03+00,base-usdc-usdfc,true
44016,2026-04-20 04:10:04+00,polygon-usdc-usdfc,true
44017,2026-04-20 04:15:01+00,eth-usdfc,true
44018,2026-04-20 04:15:04+00,fil-usdfc,true
44019,2026-04-20 04:15:05+00,base-usdc-usdfc,true
44020,2026-04-20 04:15:06+00,polygon-usdc-usdfc,true
44021,2026-04-20 04:20:02+00,eth-usdfc,true
44022,2026-04-20 04:20:03+00,fil-usdfc,true
44023,2026-04-20 04:20:05+00,base-usdc-usdfc,true
44024,2026-04-20 04:20:06+00,polygon-usdc-usdfc,true
44025,2026-04-20 04:25:02+00,eth-usdfc,true
44026,2026-04-20 04:25:04+00,fil-usdfc,true
44027,2026-04-20 04:25:05+00,base-usdc-usdfc,true
44028,2026-04-20 04:25:06+00,polygon-usdc-usdfc,true
44029,2026-04-20 04:30:02+00,eth-usdfc,true
44030,2026-04-20 04:30:05+00,fil-usdfc,true
44031,2026-04-20 04:30:06+00,base-usdc-usdfc,true
44032,2026-04-20 04:30:07+00,polygon-usdc-usdfc,true
44033,2026-04-20 04:35:01+00,eth-usdfc,true
44034,2026-04-20 04:35:03+00,fil-usdfc,true
44035,2026-04-20 04:35:05+00,base-usdc-usdfc,true
44036,2026-04-20 04:35:06+00,polygon-usdc-usdfc,true
44037,2026-04-20 04:40:01+00,eth-usdfc,true
44038,2026-04-20 04:40:05+00,fil-usdfc,true
44040,2026-04-20 04:40:06+00,polygon-usdc-usdfc,true
44039,2026-04-20 04:40:06+00,base-usdc-usdfc,true
44041,2026-04-20 04:45:01+00,eth-usdfc,true
44042,2026-04-20 04:45:04+00,fil-usdfc,true
44043,2026-04-20 04:45:05+00,base-usdc-usdfc,true
44044,2026-04-20 04:45:06+00,polygon-usdc-usdfc,true
44045,2026-04-20 04:50:01+00,eth-usdfc,true
44046,2026-04-20 04:50:02+00,fil-usdfc,true
44047,2026-04-20 04:50:03+00,base-usdc-usdfc,true
44048,2026-04-20 04:50:04+00,polygon-usdc-usdfc,true
44049,2026-04-20 04:55:02+00,eth-usdfc,true
44050,2026-04-20 04:55:05+00,fil-usdfc,true
44051,2026-04-20 04:55:06+00,base-usdc-usdfc,true
44052,2026-04-20 04:55:07+00,polygon-usdc-usdfc,true
44053,2026-04-20 05:00:01+00,eth-usdfc,true
44054,2026-04-20 05:00:02+00,fil-usdfc,true
44055,2026-04-20 05:00:03+00,base-usdc-usdfc,true
44056,2026-04-20 05:00:04+00,polygon-usdc-usdfc,true
44057,2026-04-20 05:05:02+00,eth-usdfc,true
44058,2026-04-20 05:05:03+00,fil-usdfc,true
44059,2026-04-20 05:05:04+00,base-usdc-usdfc,true
44060,2026-04-20 05:05:05+00,polygon-usdc-usdfc,true
44061,2026-04-20 05:10:02+00,eth-usdfc,true
44062,2026-04-20 05:10:03+00,fil-usdfc,true
44063,2026-04-20 05:10:04+00,base-usdc-usdfc,true
44064,2026-04-20 05:10:05+00,polygon-usdc-usdfc,true
44065,2026-04-20 05:15:02+00,eth-usdfc,true
44066,2026-04-20 05:15:03+00,fil-usdfc,true
44067,2026-04-20 05:15:04+00,base-usdc-usdfc,true
44068,2026-04-20 05:15:05+00,polygon-usdc-usdfc,true
44069,2026-04-20 05:20:02+00,eth-usdfc,true
44070,2026-04-20 05:20:03+00,fil-usdfc,true
44071,2026-04-20 05:20:04+00,base-usdc-usdfc,true
44072,2026-04-20 05:20:05+00,polygon-usdc-usdfc,true
44073,2026-04-20 05:25:01+00,eth-usdfc,true
44074,2026-04-20 05:25:02+00,fil-usdfc,true
44075,2026-04-20 05:25:03+00,base-usdc-usdfc,true
44076,2026-04-20 05:25:04+00,polygon-usdc-usdfc,true
44077,2026-04-20 05:30:02+00,eth-usdfc,true
44078,2026-04-20 05:30:03+00,fil-usdfc,true
44079,2026-04-20 05:30:04+00,base-usdc-usdfc,true
44080,2026-04-20 05:30:05+00,polygon-usdc-usdfc,true
44081,2026-04-20 05:35:01+00,eth-usdfc,true
44082,2026-04-20 05:35:02+00,fil-usdfc,true
44083,2026-04-20 05:35:03+00,base-usdc-usdfc,true
44084,2026-04-20 05:35:04+00,polygon-usdc-usdfc,true
44085,2026-04-20 05:40:02+00,eth-usdfc,true
44086,2026-04-20 05:40:03+00,fil-usdfc,true
44087,2026-04-20 05:40:04+00,base-usdc-usdfc,true
44088,2026-04-20 05:40:05+00,polygon-usdc-usdfc,true
44089,2026-04-20 05:45:01+00,eth-usdfc,true
44090,2026-04-20 05:45:02+00,fil-usdfc,true
44091,2026-04-20 05:45:03+00,base-usdc-usdfc,true
44092,2026-04-20 05:45:05+00,polygon-usdc-usdfc,true
44093,2026-04-20 05:50:02+00,eth-usdfc,true
44094,2026-04-20 05:50:03+00,fil-usdfc,true
44096,2026-04-20 05:50:04+00,polygon-usdc-usdfc,true
44095,2026-04-20 05:50:04+00,base-usdc-usdfc,true
44097,2026-04-20 05:55:02+00,eth-usdfc,true
44098,2026-04-20 05:55:03+00,fil-usdfc,true
44099,2026-04-20 05:55:04+00,base-usdc-usdfc,true
44100,2026-04-20 05:55:05+00,polygon-usdc-usdfc,true
44101,2026-04-20 06:00:02+00,eth-usdfc,true
44102,2026-04-20 06:00:05+00,fil-usdfc,true
44103,2026-04-20 06:00:06+00,base-usdc-usdfc,true
44104,2026-04-20 06:00:15+00,polygon-usdc-usdfc,true
44105,2026-04-20 06:05:02+00,eth-usdfc,true
44106,2026-04-20 06:05:07+00,fil-usdfc,true
44107,2026-04-20 06:05:09+00,base-usdc-usdfc,true
44108,2026-04-20 06:05:10+00,polygon-usdc-usdfc,true
44109,2026-04-20 06:10:02+00,eth-usdfc,true
44110,2026-04-20 06:10:03+00,fil-usdfc,true
44111,2026-04-20 06:10:04+00,base-usdc-usdfc,true
44112,2026-04-20 06:10:06+00,polygon-usdc-usdfc,true
44113,2026-04-20 06:15:01+00,eth-usdfc,true
44115,2026-04-20 06:15:03+00,base-usdc-usdfc,true
44114,2026-04-20 06:15:03+00,fil-usdfc,true
44116,2026-04-20 06:15:05+00,polygon-usdc-usdfc,true
44118,2026-04-20 06:20:02+00,fil-usdfc,true
44117,2026-04-20 06:20:02+00,eth-usdfc,true
44119,2026-04-20 06:20:07+00,base-usdc-usdfc,true
44120,2026-04-20 06:20:08+00,polygon-usdc-usdfc,true
44121,2026-04-20 06:25:02+00,eth-usdfc,true
44122,2026-04-20 06:25:04+00,fil-usdfc,true
44124,2026-04-20 06:25:05+00,polygon-usdc-usdfc,true
44123,2026-04-20 06:25:05+00,base-usdc-usdfc,true
44125,2026-04-20 06:30:02+00,eth-usdfc,true
44126,2026-04-20 06:30:03+00,fil-usdfc,true
44127,2026-04-20 06:30:04+00,base-usdc-usdfc,true
44128,2026-04-20 06:30:05+00,polygon-usdc-usdfc,true
44129,2026-04-20 06:35:02+00,eth-usdfc,true
44130,2026-04-20 06:35:03+00,fil-usdfc,true
44131,2026-04-20 06:35:04+00,base-usdc-usdfc,true
44132,2026-04-20 06:35:05+00,polygon-usdc-usdfc,true
44134,2026-04-20 06:40:02+00,fil-usdfc,true
44133,2026-04-20 06:40:02+00,eth-usdfc,true
44135,2026-04-20 06:40:03+00,base-usdc-usdfc,true
44136,2026-04-20 06:40:04+00,polygon-usdc-usdfc,true
44137,2026-04-20 06:45:02+00,eth-usdfc,true
44138,2026-04-20 06:45:03+00,fil-usdfc,true
44139,2026-04-20 06:45:04+00,base-usdc-usdfc,true
44140,2026-04-20 06:45:05+00,polygon-usdc-usdfc,true
44141,2026-04-20 06:50:01+00,eth-usdfc,true
44142,2026-04-20 06:50:02+00,fil-usdfc,true
44143,2026-04-20 06:50:03+00,base-usdc-usdfc,true
44144,2026-04-20 06:50:04+00,polygon-usdc-usdfc,true
44145,2026-04-20 06:55:01+00,eth-usdfc,true
44146,2026-04-20 06:55:02+00,fil-usdfc,true
44147,2026-04-20 06:55:03+00,base-usdc-usdfc,true
44148,2026-04-20 06:55:04+00,polygon-usdc-usdfc,true
44149,2026-04-20 07:00:01+00,eth-usdfc,true
44150,2026-04-20 07:00:02+00,fil-usdfc,true
44151,2026-04-20 07:00:04+00,base-usdc-usdfc,true
44152,2026-04-20 07:00:05+00,polygon-usdc-usdfc,true
44153,2026-04-20 07:05:02+00,eth-usdfc,true
44154,2026-04-20 07:05:03+00,fil-usdfc,true
44156,2026-04-20 07:05:04+00,polygon-usdc-usdfc,true
44155,2026-04-20 07:05:04+00,base-usdc-usdfc,true
44157,2026-04-20 07:10:01+00,eth-usdfc,true
44158,2026-04-20 07:10:03+00,fil-usdfc,true
44160,2026-04-20 07:10:04+00,polygon-usdc-usdfc,true
44159,2026-04-20 07:10:04+00,base-usdc-usdfc,true
44161,2026-04-20 07:15:02+00,eth-usdfc,true
44162,2026-04-20 07:15:03+00,fil-usdfc,true
44163,2026-04-20 07:15:04+00,base-usdc-usdfc,true
44164,2026-04-20 07:15:05+00,polygon-usdc-usdfc,true
44165,2026-04-20 07:20:02+00,eth-usdfc,true
44166,2026-04-20 07:20:03+00,fil-usdfc,true
44168,2026-04-20 07:20:04+00,polygon-usdc-usdfc,true
44167,2026-04-20 07:20:04+00,base-usdc-usdfc,true
44169,2026-04-20 07:25:01+00,eth-usdfc,true
44170,2026-04-20 07:25:02+00,fil-usdfc,true
44172,2026-04-20 07:25:03+00,polygon-usdc-usdfc,true
44171,2026-04-20 07:25:03+00,base-usdc-usdfc,true
44173,2026-04-20 07:30:02+00,eth-usdfc,true
44174,2026-04-20 07:30:03+00,fil-usdfc,true
44175,2026-04-20 07:30:04+00,base-usdc-usdfc,true
44176,2026-04-20 07:30:05+00,polygon-usdc-usdfc,true
44177,2026-04-20 07:35:02+00,eth-usdfc,true
44178,2026-04-20 07:35:05+00,fil-usdfc,true
44179,2026-04-20 07:35:06+00,base-usdc-usdfc,true
44180,2026-04-20 07:35:07+00,polygon-usdc-usdfc,true
44181,2026-04-20 07:40:02+00,eth-usdfc,true
44182,2026-04-20 07:40:03+00,fil-usdfc,true
44183,2026-04-20 07:40:06+00,base-usdc-usdfc,true
44184,2026-04-20 07:40:07+00,polygon-usdc-usdfc,true
44185,2026-04-20 07:45:02+00,eth-usdfc,true
44186,2026-04-20 07:45:03+00,fil-usdfc,true
44188,2026-04-20 07:45:04+00,polygon-usdc-usdfc,true
44187,2026-04-20 07:45:04+00,base-usdc-usdfc,true
44189,2026-04-20 07:50:02+00,eth-usdfc,true
44190,2026-04-20 07:50:04+00,fil-usdfc,true
44192,2026-04-20 07:50:06+00,polygon-usdc-usdfc,true
44191,2026-04-20 07:50:06+00,base-usdc-usdfc,true
44193,2026-04-20 07:55:01+00,eth-usdfc,true
44194,2026-04-20 07:55:02+00,fil-usdfc,true
44195,2026-04-20 07:55:04+00,base-usdc-usdfc,true
44196,2026-04-20 07:55:05+00,polygon-usdc-usdfc,true
44197,2026-04-20 08:00:02+00,eth-usdfc,true
44198,2026-04-20 08:00:03+00,fil-usdfc,true
44199,2026-04-20 08:00:04+00,base-usdc-usdfc,true
44200,2026-04-20 08:00:06+00,polygon-usdc-usdfc,true
44201,2026-04-20 08:05:02+00,eth-usdfc,true
44202,2026-04-20 08:05:03+00,fil-usdfc,true
44203,2026-04-20 08:05:04+00,base-usdc-usdfc,true
44204,2026-04-20 08:05:05+00,polygon-usdc-usdfc,true
44205,2026-04-20 08:10:02+00,eth-usdfc,true
44206,2026-04-20 08:10:03+00,fil-usdfc,true
44207,2026-04-20 08:10:04+00,base-usdc-usdfc,true
44208,2026-04-20 08:10:05+00,polygon-usdc-usdfc,true
44209,2026-04-20 08:15:02+00,eth-usdfc,true
44210,2026-04-20 08:15:04+00,fil-usdfc,true
44211,2026-04-20 08:15:05+00,base-usdc-usdfc,true
44212,2026-04-20 08:15:07+00,polygon-usdc-usdfc,true
44213,2026-04-20 08:20:02+00,eth-usdfc,true
44214,2026-04-20 08:20:03+00,fil-usdfc,true
44216,2026-04-20 08:20:04+00,polygon-usdc-usdfc,true
44215,2026-04-20 08:20:04+00,base-usdc-usdfc,true
44217,2026-04-20 08:25:01+00,eth-usdfc,true
44218,2026-04-20 08:25:02+00,fil-usdfc,true
44219,2026-04-20 08:25:03+00,base-usdc-usdfc,true
44220,2026-04-20 08:25:04+00,polygon-usdc-usdfc,true
44221,2026-04-20 08:30:01+00,eth-usdfc,true
44222,2026-04-20 08:30:02+00,fil-usdfc,true
44223,2026-04-20 08:30:03+00,base-usdc-usdfc,true
44224,2026-04-20 08:30:04+00,polygon-usdc-usdfc,true
44225,2026-04-20 08:35:02+00,eth-usdfc,true
44226,2026-04-20 08:35:03+00,fil-usdfc,true
44227,2026-04-20 08:35:04+00,base-usdc-usdfc,true
44228,2026-04-20 08:35:05+00,polygon-usdc-usdfc,true
44229,2026-04-20 08:40:02+00,eth-usdfc,true
44230,2026-04-20 08:40:03+00,fil-usdfc,true
44231,2026-04-20 08:40:04+00,base-usdc-usdfc,true
44232,2026-04-20 08:40:05+00,polygon-usdc-usdfc,true
44233,2026-04-20 08:45:02+00,eth-usdfc,true
44234,2026-04-20 08:45:03+00,fil-usdfc,true
44235,2026-04-20 08:45:05+00,base-usdc-usdfc,true
44236,2026-04-20 08:45:06+00,polygon-usdc-usdfc,true
44237,2026-04-20 08:50:02+00,eth-usdfc,true
44239,2026-04-20 08:50:03+00,base-usdc-usdfc,true
44238,2026-04-20 08:50:03+00,fil-usdfc,true
44240,2026-04-20 08:50:04+00,polygon-usdc-usdfc,true
44241,2026-04-20 08:55:01+00,eth-usdfc,true
44242,2026-04-20 08:55:02+00,fil-usdfc,true
44243,2026-04-20 08:55:03+00,base-usdc-usdfc,true
44244,2026-04-20 08:55:04+00,polygon-usdc-usdfc,true
44245,2026-04-20 09:00:02+00,eth-usdfc,true
44246,2026-04-20 09:00:03+00,fil-usdfc,true
44247,2026-04-20 09:00:04+00,base-usdc-usdfc,true
44248,2026-04-20 09:00:05+00,polygon-usdc-usdfc,true
44249,2026-04-20 09:05:01+00,eth-usdfc,true
44250,2026-04-20 09:05:03+00,fil-usdfc,true
44251,2026-04-20 09:05:04+00,base-usdc-usdfc,true
44252,2026-04-20 09:05:05+00,polygon-usdc-usdfc,true
44253,2026-04-20 09:10:02+00,eth-usdfc,true
44254,2026-04-20 09:10:04+00,fil-usdfc,true
44256,2026-04-20 09:10:05+00,polygon-usdc-usdfc,true
44255,2026-04-20 09:10:05+00,base-usdc-usdfc,true
44257,2026-04-20 09:15:01+00,eth-usdfc,true
44258,2026-04-20 09:15:02+00,fil-usdfc,true
44259,2026-04-20 09:15:03+00,base-usdc-usdfc,true
44260,2026-04-20 09:15:04+00,polygon-usdc-usdfc,true
44261,2026-04-20 09:20:02+00,eth-usdfc,true
44262,2026-04-20 09:20:03+00,fil-usdfc,true
44263,2026-04-20 09:20:04+00,base-usdc-usdfc,true
44264,2026-04-20 09:20:05+00,polygon-usdc-usdfc,true
44265,2026-04-20 09:25:01+00,eth-usdfc,true
44266,2026-04-20 09:25:02+00,fil-usdfc,true
44267,2026-04-20 09:25:03+00,base-usdc-usdfc,true
44268,2026-04-20 09:25:04+00,polygon-usdc-usdfc,true
44270,2026-04-20 09:30:02+00,fil-usdfc,true
44269,2026-04-20 09:30:02+00,eth-usdfc,true
44271,2026-04-20 09:30:03+00,base-usdc-usdfc,true
44272,2026-04-20 09:30:04+00,polygon-usdc-usdfc,true
44273,2026-04-20 09:35:01+00,eth-usdfc,true
44274,2026-04-20 09:35:02+00,fil-usdfc,true
44275,2026-04-20 09:35:03+00,base-usdc-usdfc,true
44276,2026-04-20 09:35:04+00,polygon-usdc-usdfc,true
44277,2026-04-20 09:40:02+00,eth-usdfc,true
44278,2026-04-20 09:40:03+00,fil-usdfc,true
44279,2026-04-20 09:40:04+00,base-usdc-usdfc,true
44280,2026-04-20 09:40:05+00,polygon-usdc-usdfc,true
44281,2026-04-20 09:45:01+00,eth-usdfc,true
44282,2026-04-20 09:45:02+00,fil-usdfc,true
44284,2026-04-20 09:45:03+00,polygon-usdc-usdfc,true
44283,2026-04-20 09:45:03+00,base-usdc-usdfc,true
44285,2026-04-20 09:50:01+00,eth-usdfc,true
44286,2026-04-20 09:50:02+00,fil-usdfc,true
44287,2026-04-20 09:50:03+00,base-usdc-usdfc,true
44288,2026-04-20 09:50:04+00,polygon-usdc-usdfc,true
44289,2026-04-20 09:55:02+00,eth-usdfc,true
44290,2026-04-20 09:55:04+00,fil-usdfc,true
44291,2026-04-20 09:55:06+00,base-usdc-usdfc,true
44292,2026-04-20 09:55:08+00,polygon-usdc-usdfc,true
44293,2026-04-20 10:00:01+00,eth-usdfc,true
44294,2026-04-20 10:00:03+00,fil-usdfc,true
44295,2026-04-20 10:00:04+00,base-usdc-usdfc,true
44296,2026-04-20 10:00:05+00,polygon-usdc-usdfc,true
44297,2026-04-20 10:05:02+00,eth-usdfc,true
44298,2026-04-20 10:05:03+00,fil-usdfc,true
44299,2026-04-20 10:05:04+00,base-usdc-usdfc,true
44300,2026-04-20 10:05:06+00,polygon-usdc-usdfc,true
44301,2026-04-20 10:10:02+00,eth-usdfc,true
44302,2026-04-20 10:10:03+00,fil-usdfc,true
44304,2026-04-20 10:10:05+00,polygon-usdc-usdfc,true
44303,2026-04-20 10:10:05+00,base-usdc-usdfc,true
44305,2026-04-20 10:15:02+00,eth-usdfc,true
44306,2026-04-20 10:15:03+00,fil-usdfc,true
44307,2026-04-20 10:15:04+00,base-usdc-usdfc,true
44308,2026-04-20 10:15:05+00,polygon-usdc-usdfc,true
44309,2026-04-20 10:20:02+00,eth-usdfc,true
44310,2026-04-20 10:20:03+00,fil-usdfc,true
44311,2026-04-20 10:20:04+00,base-usdc-usdfc,true
44312,2026-04-20 10:20:05+00,polygon-usdc-usdfc,true
44313,2026-04-20 10:25:02+00,eth-usdfc,true
44314,2026-04-20 10:25:03+00,fil-usdfc,true
44315,2026-04-20 10:25:04+00,base-usdc-usdfc,true
44316,2026-04-20 10:25:05+00,polygon-usdc-usdfc,true
44317,2026-04-20 10:30:02+00,eth-usdfc,true
44318,2026-04-20 10:30:03+00,fil-usdfc,true
44319,2026-04-20 10:30:04+00,base-usdc-usdfc,true
44320,2026-04-20 10:30:05+00,polygon-usdc-usdfc,true
44321,2026-04-20 10:35:02+00,eth-usdfc,true
44322,2026-04-20 10:35:03+00,fil-usdfc,true
44323,2026-04-20 10:35:05+00,base-usdc-usdfc,true
44324,2026-04-20 10:35:06+00,polygon-usdc-usdfc,true
44325,2026-04-20 10:40:01+00,eth-usdfc,true
44326,2026-04-20 10:40:03+00,fil-usdfc,true
44327,2026-04-20 10:40:04+00,base-usdc-usdfc,true
44328,2026-04-20 10:40:05+00,polygon-usdc-usdfc,true
44329,2026-04-20 10:45:01+00,eth-usdfc,true
44330,2026-04-20 10:45:03+00,fil-usdfc,true
44331,2026-04-20 10:45:04+00,base-usdc-usdfc,true
44332,2026-04-20 10:45:05+00,polygon-usdc-usdfc,true
44333,2026-04-20 10:50:01+00,eth-usdfc,true
44334,2026-04-20 10:50:03+00,fil-usdfc,true
44335,2026-04-20 10:50:04+00,base-usdc-usdfc,true
44336,2026-04-20 10:50:05+00,polygon-usdc-usdfc,true
44337,2026-04-20 10:55:03+00,eth-usdfc,true
44338,2026-04-20 10:55:04+00,fil-usdfc,true
44340,2026-04-20 10:55:05+00,polygon-usdc-usdfc,true
44339,2026-04-20 10:55:05+00,base-usdc-usdfc,true
44341,2026-04-20 11:00:02+00,eth-usdfc,true
44342,2026-04-20 11:00:03+00,fil-usdfc,true
44343,2026-04-20 11:00:04+00,base-usdc-usdfc,true
44344,2026-04-20 11:00:05+00,polygon-usdc-usdfc,true
44345,2026-04-20 11:05:02+00,eth-usdfc,true
44346,2026-04-20 11:05:10+00,fil-usdfc,true
44347,2026-04-20 11:05:11+00,base-usdc-usdfc,true
44348,2026-04-20 11:05:12+00,polygon-usdc-usdfc,true
44349,2026-04-20 11:10:02+00,eth-usdfc,true
44350,2026-04-20 11:10:03+00,fil-usdfc,true
44351,2026-04-20 11:10:04+00,base-usdc-usdfc,true
44352,2026-04-20 11:10:05+00,polygon-usdc-usdfc,true
44353,2026-04-20 11:15:02+00,eth-usdfc,true
44354,2026-04-20 11:15:03+00,fil-usdfc,true
44355,2026-04-20 11:15:04+00,base-usdc-usdfc,true
44356,2026-04-20 11:15:05+00,polygon-usdc-usdfc,true
44357,2026-04-20 11:20:02+00,eth-usdfc,true
44358,2026-04-20 11:20:03+00,fil-usdfc,true
44359,2026-04-20 11:20:04+00,base-usdc-usdfc,true
44360,2026-04-20 11:20:05+00,polygon-usdc-usdfc,true
44361,2026-04-20 11:25:02+00,eth-usdfc,true
44362,2026-04-20 11:25:17+00,fil-usdfc,true
44363,2026-04-20 11:25:19+00,base-usdc-usdfc,true
44364,2026-04-20 11:25:20+00,polygon-usdc-usdfc,true
44365,2026-04-20 11:30:01+00,eth-usdfc,true
44366,2026-04-20 11:30:07+00,fil-usdfc,true
44367,2026-04-20 11:30:09+00,base-usdc-usdfc,true
44368,2026-04-20 11:30:10+00,polygon-usdc-usdfc,true
44369,2026-04-20 11:35:01+00,eth-usdfc,true
44370,2026-04-20 11:35:02+00,fil-usdfc,true
44371,2026-04-20 11:35:04+00,base-usdc-usdfc,true
44372,2026-04-20 11:35:05+00,polygon-usdc-usdfc,true
44373,2026-04-20 11:40:02+00,eth-usdfc,true
44374,2026-04-20 11:40:04+00,fil-usdfc,true
44376,2026-04-20 11:40:05+00,polygon-usdc-usdfc,true
44375,2026-04-20 11:40:05+00,base-usdc-usdfc,true
44377,2026-04-20 11:45:02+00,eth-usdfc,true
44378,2026-04-20 11:45:03+00,fil-usdfc,true
44380,2026-04-20 11:45:04+00,polygon-usdc-usdfc,true
44379,2026-04-20 11:45:04+00,base-usdc-usdfc,true
44381,2026-04-20 11:50:02+00,eth-usdfc,true
44382,2026-04-20 11:50:03+00,fil-usdfc,true
44384,2026-04-20 11:50:04+00,polygon-usdc-usdfc,true
44383,2026-04-20 11:50:04+00,base-usdc-usdfc,true
44385,2026-04-20 11:55:01+00,eth-usdfc,true
44386,2026-04-20 11:55:02+00,fil-usdfc,true
44387,2026-04-20 11:55:03+00,base-usdc-usdfc,true
44388,2026-04-20 11:55:04+00,polygon-usdc-usdfc,true
44389,2026-04-20 12:00:01+00,eth-usdfc,true
44390,2026-04-20 12:00:02+00,fil-usdfc,true
44391,2026-04-20 12:00:04+00,base-usdc-usdfc,true
44392,2026-04-20 12:00:05+00,polygon-usdc-usdfc,true
44393,2026-04-20 12:05:02+00,eth-usdfc,true
44394,2026-04-20 12:05:04+00,fil-usdfc,true
44395,2026-04-20 12:05:05+00,base-usdc-usdfc,true
44396,2026-04-20 12:05:06+00,polygon-usdc-usdfc,true
44397,2026-04-20 12:10:01+00,eth-usdfc,true
44398,2026-04-20 12:10:02+00,fil-usdfc,true
44399,2026-04-20 12:10:10+00,base-usdc-usdfc,true
44400,2026-04-20 12:10:18+00,polygon-usdc-usdfc,true
44401,2026-04-20 12:15:02+00,eth-usdfc,true
44402,2026-04-20 12:15:03+00,fil-usdfc,true
44403,2026-04-20 12:15:04+00,base-usdc-usdfc,true
44404,2026-04-20 12:15:05+00,polygon-usdc-usdfc,true
44405,2026-04-20 12:20:01+00,eth-usdfc,true
44406,2026-04-20 12:20:03+00,fil-usdfc,true
44407,2026-04-20 12:20:04+00,base-usdc-usdfc,true
44408,2026-04-20 12:20:05+00,polygon-usdc-usdfc,true
44410,2026-04-20 12:25:02+00,fil-usdfc,true
44409,2026-04-20 12:25:02+00,eth-usdfc,true
44411,2026-04-20 12:25:04+00,base-usdc-usdfc,true
44412,2026-04-20 12:25:05+00,polygon-usdc-usdfc,true
44413,2026-04-20 12:30:02+00,eth-usdfc,true
44414,2026-04-20 12:30:05+00,fil-usdfc,true
44415,2026-04-20 12:30:07+00,base-usdc-usdfc,true
44416,2026-04-20 12:30:09+00,polygon-usdc-usdfc,true
44417,2026-04-20 12:35:02+00,eth-usdfc,true
44418,2026-04-20 12:35:04+00,fil-usdfc,true
44419,2026-04-20 12:35:05+00,base-usdc-usdfc,true
44420,2026-04-20 12:35:06+00,polygon-usdc-usdfc,true
44421,2026-04-20 12:40:02+00,eth-usdfc,true
44422,2026-04-20 12:40:04+00,fil-usdfc,true
44423,2026-04-20 12:40:05+00,base-usdc-usdfc,true
44424,2026-04-20 12:40:06+00,polygon-usdc-usdfc,true
44425,2026-04-20 12:45:02+00,eth-usdfc,true
44426,2026-04-20 12:45:06+00,fil-usdfc,true
44427,2026-04-20 12:45:08+00,base-usdc-usdfc,true
44428,2026-04-20 12:45:09+00,polygon-usdc-usdfc,true
44429,2026-04-20 12:50:01+00,eth-usdfc,true
44430,2026-04-20 12:50:02+00,fil-usdfc,true
44431,2026-04-20 12:50:03+00,base-usdc-usdfc,true
44432,2026-04-20 12:50:04+00,polygon-usdc-usdfc,true
44433,2026-04-20 12:55:02+00,eth-usdfc,true
44434,2026-04-20 12:55:05+00,fil-usdfc,true
44435,2026-04-20 12:55:07+00,base-usdc-usdfc,true
44436,2026-04-20 12:55:08+00,polygon-usdc-usdfc,true
44437,2026-04-20 13:00:02+00,eth-usdfc,true
44438,2026-04-20 13:00:03+00,fil-usdfc,true
44439,2026-04-20 13:00:04+00,base-usdc-usdfc,true
44440,2026-04-20 13:00:07+00,polygon-usdc-usdfc,true
44441,2026-04-20 13:05:02+00,eth-usdfc,true
44442,2026-04-20 13:05:03+00,fil-usdfc,true
44443,2026-04-20 13:05:04+00,base-usdc-usdfc,true
44444,2026-04-20 13:05:07+00,polygon-usdc-usdfc,true
44445,2026-04-20 13:10:02+00,eth-usdfc,true
44446,2026-04-20 13:10:04+00,fil-usdfc,true
44447,2026-04-20 13:10:06+00,base-usdc-usdfc,true
44448,2026-04-20 13:10:09+00,polygon-usdc-usdfc,true
44449,2026-04-20 13:15:01+00,eth-usdfc,true
44450,2026-04-20 13:15:06+00,fil-usdfc,true
44451,2026-04-20 13:16:05+00,base-usdc-usdfc,true
44452,2026-04-20 13:16:07+00,polygon-usdc-usdfc,true
44453,2026-04-20 13:20:02+00,eth-usdfc,true
44454,2026-04-20 13:20:12+00,fil-usdfc,true
44455,2026-04-20 13:20:14+00,base-usdc-usdfc,true
44456,2026-04-20 13:20:15+00,polygon-usdc-usdfc,true
44457,2026-04-20 13:25:02+00,eth-usdfc,true
44458,2026-04-20 13:25:05+00,fil-usdfc,true
44459,2026-04-20 13:25:07+00,base-usdc-usdfc,true
44460,2026-04-20 13:25:14+00,polygon-usdc-usdfc,true
44461,2026-04-20 13:30:02+00,eth-usdfc,true
44462,2026-04-20 13:30:03+00,fil-usdfc,true
44463,2026-04-20 13:30:05+00,base-usdc-usdfc,true
44464,2026-04-20 13:30:14+00,polygon-usdc-usdfc,true
44465,2026-04-20 13:35:02+00,eth-usdfc,true
44466,2026-04-20 13:35:07+00,fil-usdfc,true
44467,2026-04-20 13:35:09+00,base-usdc-usdfc,true
44468,2026-04-20 13:35:11+00,polygon-usdc-usdfc,true
44469,2026-04-20 13:40:02+00,eth-usdfc,true
44470,2026-04-20 13:40:04+00,fil-usdfc,true
44471,2026-04-20 13:40:06+00,base-usdc-usdfc,true
44472,2026-04-20 13:40:07+00,polygon-usdc-usdfc,true
44473,2026-04-20 13:45:01+00,eth-usdfc,true
44474,2026-04-20 13:45:03+00,fil-usdfc,true
44475,2026-04-20 13:45:04+00,base-usdc-usdfc,true
44476,2026-04-20 13:45:05+00,polygon-usdc-usdfc,true
44477,2026-04-20 13:50:02+00,eth-usdfc,true
44478,2026-04-20 13:50:04+00,fil-usdfc,true
44479,2026-04-20 13:50:05+00,base-usdc-usdfc,true
44480,2026-04-20 13:50:06+00,polygon-usdc-usdfc,true
44481,2026-04-20 13:55:02+00,eth-usdfc,true
44482,2026-04-20 13:55:03+00,fil-usdfc,true
44483,2026-04-20 13:55:05+00,base-usdc-usdfc,true
44484,2026-04-20 13:55:07+00,polygon-usdc-usdfc,true
44485,2026-04-20 14:00:01+00,eth-usdfc,true
44486,2026-04-20 14:00:03+00,fil-usdfc,true
44487,2026-04-20 14:00:04+00,base-usdc-usdfc,true
44488,2026-04-20 14:00:05+00,polygon-usdc-usdfc,true
44489,2026-04-20 14:05:02+00,eth-usdfc,true
44490,2026-04-20 14:05:03+00,fil-usdfc,true
44491,2026-04-20 14:05:05+00,base-usdc-usdfc,true
44492,2026-04-20 14:05:06+00,polygon-usdc-usdfc,true
44493,2026-04-20 14:10:02+00,eth-usdfc,true
44494,2026-04-20 14:10:03+00,fil-usdfc,true
44495,2026-04-20 14:10:04+00,base-usdc-usdfc,true
44496,2026-04-20 14:10:07+00,polygon-usdc-usdfc,true
44497,2026-04-20 14:15:01+00,eth-usdfc,true
44498,2026-04-20 14:15:03+00,fil-usdfc,true
44499,2026-04-20 14:15:05+00,base-usdc-usdfc,true
44500,2026-04-20 14:15:07+00,polygon-usdc-usdfc,true
44501,2026-04-20 14:20:02+00,eth-usdfc,true
44502,2026-04-20 14:20:04+00,fil-usdfc,true
44503,2026-04-20 14:20:06+00,base-usdc-usdfc,true
44504,2026-04-20 14:20:07+00,polygon-usdc-usdfc,true
44505,2026-04-20 14:25:02+00,eth-usdfc,true
44506,2026-04-20 14:25:03+00,fil-usdfc,true
44508,2026-04-20 14:25:04+00,polygon-usdc-usdfc,true
44507,2026-04-20 14:25:04+00,base-usdc-usdfc,true
44509,2026-04-20 14:30:02+00,eth-usdfc,true
44510,2026-04-20 14:30:04+00,fil-usdfc,true
44511,2026-04-20 14:30:08+00,base-usdc-usdfc,true
44512,2026-04-20 14:30:10+00,polygon-usdc-usdfc,true
44513,2026-04-20 14:35:02+00,eth-usdfc,true
44514,2026-04-20 14:35:05+00,fil-usdfc,true
44515,2026-04-20 14:35:11+00,base-usdc-usdfc,true
44516,2026-04-20 14:35:12+00,polygon-usdc-usdfc,true
44517,2026-04-20 14:40:02+00,eth-usdfc,true
44518,2026-04-20 14:40:04+00,fil-usdfc,true
44520,2026-04-20 14:40:05+00,polygon-usdc-usdfc,true
44519,2026-04-20 14:40:05+00,base-usdc-usdfc,true
44521,2026-04-20 14:45:01+00,eth-usdfc,true
44522,2026-04-20 14:45:02+00,fil-usdfc,true
44523,2026-04-20 14:45:04+00,base-usdc-usdfc,true
44524,2026-04-20 14:45:05+00,polygon-usdc-usdfc,true
44525,2026-04-20 14:50:02+00,eth-usdfc,true
44526,2026-04-20 14:50:03+00,fil-usdfc,true
44527,2026-04-20 14:50:04+00,base-usdc-usdfc,true
44528,2026-04-20 14:50:05+00,polygon-usdc-usdfc,true
44529,2026-04-20 14:55:02+00,eth-usdfc,true
44530,2026-04-20 14:55:03+00,fil-usdfc,true
44532,2026-04-20 14:55:04+00,polygon-usdc-usdfc,true
44531,2026-04-20 14:55:04+00,base-usdc-usdfc,true
44533,2026-04-20 15:00:02+00,eth-usdfc,true
44534,2026-04-20 15:00:03+00,fil-usdfc,true
44535,2026-04-20 15:00:04+00,base-usdc-usdfc,true
44536,2026-04-20 15:00:05+00,polygon-usdc-usdfc,true
44537,2026-04-20 15:05:02+00,eth-usdfc,true
44539,2026-04-20 15:05:03+00,base-usdc-usdfc,true
44538,2026-04-20 15:05:03+00,fil-usdfc,true
44540,2026-04-20 15:05:04+00,polygon-usdc-usdfc,true
44541,2026-04-20 15:10:02+00,eth-usdfc,true
44542,2026-04-20 15:10:03+00,fil-usdfc,true
44543,2026-04-20 15:10:04+00,base-usdc-usdfc,true
44544,2026-04-20 15:10:05+00,polygon-usdc-usdfc,true
44545,2026-04-20 15:15:02+00,eth-usdfc,true
44546,2026-04-20 15:15:03+00,fil-usdfc,true
44547,2026-04-20 15:15:04+00,base-usdc-usdfc,true
44548,2026-04-20 15:15:05+00,polygon-usdc-usdfc,true
44549,2026-04-20 15:20:02+00,eth-usdfc,true
44550,2026-04-20 15:20:03+00,fil-usdfc,true
44551,2026-04-20 15:20:05+00,base-usdc-usdfc,true
44552,2026-04-20 15:20:06+00,polygon-usdc-usdfc,true
44553,2026-04-20 15:25:01+00,eth-usdfc,true
44554,2026-04-20 15:25:03+00,fil-usdfc,true
44556,2026-04-20 15:25:04+00,polygon-usdc-usdfc,true
44555,2026-04-20 15:25:04+00,base-usdc-usdfc,true
44557,2026-04-20 15:30:01+00,eth-usdfc,true
44558,2026-04-20 15:30:07+00,fil-usdfc,true
44560,2026-04-20 15:30:08+00,polygon-usdc-usdfc,true
44559,2026-04-20 15:30:08+00,base-usdc-usdfc,true
44561,2026-04-20 15:35:02+00,eth-usdfc,true
44562,2026-04-20 15:35:03+00,fil-usdfc,true
44563,2026-04-20 15:35:04+00,base-usdc-usdfc,true
44564,2026-04-20 15:35:05+00,polygon-usdc-usdfc,true
44565,2026-04-20 15:40:02+00,eth-usdfc,true
44566,2026-04-20 15:40:07+00,fil-usdfc,true
44567,2026-04-20 15:40:27+00,base-usdc-usdfc,true
44568,2026-04-20 15:40:28+00,polygon-usdc-usdfc,true
44569,2026-04-20 15:45:02+00,eth-usdfc,true
44570,2026-04-20 15:45:09+00,fil-usdfc,true
44571,2026-04-20 15:45:11+00,base-usdc-usdfc,true
44572,2026-04-20 15:45:15+00,polygon-usdc-usdfc,true
44573,2026-04-20 15:50:02+00,eth-usdfc,true
44574,2026-04-20 15:50:08+00,fil-usdfc,true
44575,2026-04-20 15:50:21+00,base-usdc-usdfc,true
44576,2026-04-20 15:50:23+00,polygon-usdc-usdfc,true
44577,2026-04-20 15:55:02+00,eth-usdfc,true
44578,2026-04-20 15:55:05+00,fil-usdfc,true
44579,2026-04-20 15:55:07+00,base-usdc-usdfc,true
44580,2026-04-20 15:55:08+00,polygon-usdc-usdfc,true
44581,2026-04-20 16:00:02+00,eth-usdfc,true
44582,2026-04-20 16:00:05+00,fil-usdfc,true
44583,2026-04-20 16:00:10+00,base-usdc-usdfc,true
44584,2026-04-20 16:00:28+00,polygon-usdc-usdfc,true
44585,2026-04-20 16:05:01+00,eth-usdfc,true
44586,2026-04-20 16:05:03+00,fil-usdfc,true
44587,2026-04-20 16:05:04+00,base-usdc-usdfc,true
44588,2026-04-20 16:05:05+00,polygon-usdc-usdfc,true
44589,2026-04-20 16:10:02+00,eth-usdfc,true
44590,2026-04-20 16:10:04+00,fil-usdfc,true
44591,2026-04-20 16:10:05+00,base-usdc-usdfc,true
44592,2026-04-20 16:10:06+00,polygon-usdc-usdfc,true
44593,2026-04-20 16:15:02+00,eth-usdfc,true
44594,2026-04-20 16:15:03+00,fil-usdfc,true
44595,2026-04-20 16:15:04+00,base-usdc-usdfc,true
44596,2026-04-20 16:15:06+00,polygon-usdc-usdfc,true
44597,2026-04-20 16:20:02+00,eth-usdfc,true
44598,2026-04-20 16:20:03+00,fil-usdfc,true
44600,2026-04-20 16:20:04+00,polygon-usdc-usdfc,true
44599,2026-04-20 16:20:04+00,base-usdc-usdfc,true
44601,2026-04-20 16:25:02+00,eth-usdfc,true
44602,2026-04-20 16:25:05+00,fil-usdfc,true
44604,2026-04-20 16:25:07+00,polygon-usdc-usdfc,true
44603,2026-04-20 16:25:07+00,base-usdc-usdfc,true
44605,2026-04-20 16:30:02+00,eth-usdfc,true
44606,2026-04-20 16:30:03+00,fil-usdfc,true
44607,2026-04-20 16:30:04+00,base-usdc-usdfc,true
44608,2026-04-20 16:30:05+00,polygon-usdc-usdfc,true
44609,2026-04-20 16:35:01+00,eth-usdfc,true
44611,2026-04-20 16:35:03+00,base-usdc-usdfc,true
44610,2026-04-20 16:35:03+00,fil-usdfc,true
44612,2026-04-20 16:35:04+00,polygon-usdc-usdfc,true
44613,2026-04-20 16:40:02+00,eth-usdfc,true
44614,2026-04-20 16:40:03+00,fil-usdfc,true
44616,2026-04-20 16:40:04+00,polygon-usdc-usdfc,true
44615,2026-04-20 16:40:04+00,base-usdc-usdfc,true
44617,2026-04-20 16:45:02+00,eth-usdfc,true
44618,2026-04-20 16:45:09+00,fil-usdfc,true
44619,2026-04-20 16:45:19+00,base-usdc-usdfc,true
44620,2026-04-20 16:45:21+00,polygon-usdc-usdfc,true
44621,2026-04-20 16:50:02+00,eth-usdfc,true
44622,2026-04-20 16:50:05+00,fil-usdfc,true
44623,2026-04-20 16:50:06+00,base-usdc-usdfc,true
44624,2026-04-20 16:50:07+00,polygon-usdc-usdfc,true
44625,2026-04-20 16:55:02+00,eth-usdfc,true
44626,2026-04-20 16:55:03+00,fil-usdfc,true
44627,2026-04-20 16:55:05+00,base-usdc-usdfc,true
44628,2026-04-20 16:55:06+00,polygon-usdc-usdfc,true
44629,2026-04-20 17:00:01+00,eth-usdfc,true
44630,2026-04-20 17:00:02+00,fil-usdfc,true
44632,2026-04-20 17:00:04+00,polygon-usdc-usdfc,true
44631,2026-04-20 17:00:04+00,base-usdc-usdfc,true
44633,2026-04-20 17:05:01+00,eth-usdfc,true
44634,2026-04-20 17:05:09+00,fil-usdfc,true
44635,2026-04-20 17:05:11+00,base-usdc-usdfc,true
44636,2026-04-20 17:05:12+00,polygon-usdc-usdfc,true
44637,2026-04-20 17:10:02+00,eth-usdfc,true
44638,2026-04-20 17:10:06+00,fil-usdfc,true
44639,2026-04-20 17:10:09+00,base-usdc-usdfc,true
44640,2026-04-20 17:10:13+00,polygon-usdc-usdfc,true
44641,2026-04-20 17:15:02+00,eth-usdfc,true
44642,2026-04-20 17:15:26+00,fil-usdfc,true
44643,2026-04-20 17:15:31+00,base-usdc-usdfc,true
44644,2026-04-20 17:15:33+00,polygon-usdc-usdfc,true
44645,2026-04-20 17:20:01+00,eth-usdfc,true
44646,2026-04-20 17:20:04+00,fil-usdfc,true
44648,2026-04-20 17:20:12+00,polygon-usdc-usdfc,true
44647,2026-04-20 17:20:12+00,base-usdc-usdfc,true
44649,2026-04-20 17:25:02+00,eth-usdfc,true
44650,2026-04-20 17:25:03+00,fil-usdfc,true
44651,2026-04-20 17:25:05+00,base-usdc-usdfc,true
44652,2026-04-20 17:25:06+00,polygon-usdc-usdfc,true
44653,2026-04-20 17:30:02+00,eth-usdfc,true
44654,2026-04-20 17:30:08+00,fil-usdfc,true
44655,2026-04-20 17:30:09+00,base-usdc-usdfc,true
44656,2026-04-20 17:30:10+00,polygon-usdc-usdfc,true
44657,2026-04-20 17:35:01+00,eth-usdfc,true
44658,2026-04-20 17:35:02+00,fil-usdfc,true
44659,2026-04-20 17:35:03+00,base-usdc-usdfc,true
44660,2026-04-20 17:35:04+00,polygon-usdc-usdfc,true
44661,2026-04-20 17:40:02+00,eth-usdfc,true
44662,2026-04-20 17:40:03+00,fil-usdfc,true
44663,2026-04-20 17:40:04+00,base-usdc-usdfc,true
44664,2026-04-20 17:40:05+00,polygon-usdc-usdfc,true
44665,2026-04-20 17:45:02+00,eth-usdfc,true
44666,2026-04-20 17:45:03+00,fil-usdfc,true
44667,2026-04-20 17:45:04+00,base-usdc-usdfc,true
44668,2026-04-20 17:45:05+00,polygon-usdc-usdfc,true
44669,2026-04-20 17:50:02+00,eth-usdfc,true
44670,2026-04-20 17:50:13+00,fil-usdfc,true
44671,2026-04-20 17:50:14+00,base-usdc-usdfc,true
44672,2026-04-20 17:50:15+00,polygon-usdc-usdfc,true
44673,2026-04-20 17:55:02+00,eth-usdfc,true
44674,2026-04-20 17:55:03+00,fil-usdfc,true
44675,2026-04-20 17:55:04+00,base-usdc-usdfc,true
44676,2026-04-20 17:55:05+00,polygon-usdc-usdfc,true
44677,2026-04-20 18:00:02+00,eth-usdfc,true
44678,2026-04-20 18:00:03+00,fil-usdfc,true
44679,2026-04-20 18:00:04+00,base-usdc-usdfc,true
44680,2026-04-20 18:00:05+00,polygon-usdc-usdfc,true
44681,2026-04-20 18:05:01+00,eth-usdfc,true
44682,2026-04-20 18:05:02+00,fil-usdfc,true
44683,2026-04-20 18:05:03+00,base-usdc-usdfc,true
44684,2026-04-20 18:05:04+00,polygon-usdc-usdfc,true
44686,2026-04-20 18:10:02+00,fil-usdfc,true
44685,2026-04-20 18:10:02+00,eth-usdfc,true
44688,2026-04-20 18:10:04+00,polygon-usdc-usdfc,true
44687,2026-04-20 18:10:04+00,base-usdc-usdfc,true
44689,2026-04-20 18:15:02+00,eth-usdfc,true
44690,2026-04-20 18:15:03+00,fil-usdfc,true
44691,2026-04-20 18:15:04+00,base-usdc-usdfc,true
44692,2026-04-20 18:15:05+00,polygon-usdc-usdfc,true
44693,2026-04-20 18:20:01+00,eth-usdfc,true
44694,2026-04-20 18:20:02+00,fil-usdfc,true
44695,2026-04-20 18:20:03+00,base-usdc-usdfc,true
44696,2026-04-20 18:20:04+00,polygon-usdc-usdfc,true
44697,2026-04-20 18:25:02+00,eth-usdfc,true
44698,2026-04-20 18:25:03+00,fil-usdfc,true
44699,2026-04-20 18:25:04+00,base-usdc-usdfc,true
44700,2026-04-20 18:25:05+00,polygon-usdc-usdfc,true
44701,2026-04-20 18:30:02+00,eth-usdfc,true
44702,2026-04-20 18:30:03+00,fil-usdfc,true
44703,2026-04-20 18:30:05+00,base-usdc-usdfc,true
44704,2026-04-20 18:30:07+00,polygon-usdc-usdfc,true
44705,2026-04-20 18:35:02+00,eth-usdfc,true
44706,2026-04-20 18:35:03+00,fil-usdfc,true
44707,2026-04-20 18:35:04+00,base-usdc-usdfc,true
44708,2026-04-20 18:35:05+00,polygon-usdc-usdfc,true
44709,2026-04-20 18:40:01+00,eth-usdfc,true
44710,2026-04-20 18:40:03+00,fil-usdfc,true
44711,2026-04-20 18:40:04+00,base-usdc-usdfc,true
44712,2026-04-20 18:40:05+00,polygon-usdc-usdfc,true
44713,2026-04-20 18:45:02+00,eth-usdfc,true
44714,2026-04-20 18:45:03+00,fil-usdfc,true
44715,2026-04-20 18:45:04+00,base-usdc-usdfc,true
44716,2026-04-20 18:45:06+00,polygon-usdc-usdfc,true
44717,2026-04-20 18:50:01+00,eth-usdfc,true
44718,2026-04-20 18:50:03+00,fil-usdfc,true
44719,2026-04-20 18:50:04+00,base-usdc-usdfc,true
44720,2026-04-20 18:50:05+00,polygon-usdc-usdfc,true
44721,2026-04-20 18:55:02+00,eth-usdfc,true
44722,2026-04-20 18:55:03+00,fil-usdfc,true
44723,2026-04-20 18:55:04+00,base-usdc-usdfc,true
44724,2026-04-20 18:55:05+00,polygon-usdc-usdfc,true
44725,2026-04-20 19:00:02+00,eth-usdfc,true
44726,2026-04-20 19:00:37+00,fil-usdfc,true
44727,2026-04-20 19:00:39+00,base-usdc-usdfc,true
44728,2026-04-20 19:00:41+00,polygon-usdc-usdfc,true
44729,2026-04-20 19:05:01+00,eth-usdfc,true
44730,2026-04-20 19:05:29+00,fil-usdfc,true
44731,2026-04-20 19:05:32+00,base-usdc-usdfc,true
44732,2026-04-20 19:05:35+00,polygon-usdc-usdfc,true
44733,2026-04-20 19:10:02+00,eth-usdfc,true
44734,2026-04-20 19:10:05+00,fil-usdfc,true
44735,2026-04-20 19:10:10+00,base-usdc-usdfc,true
44736,2026-04-20 19:10:12+00,polygon-usdc-usdfc,true
44737,2026-04-20 19:15:02+00,eth-usdfc,true
44738,2026-04-20 19:15:05+00,fil-usdfc,true
44739,2026-04-20 19:15:07+00,base-usdc-usdfc,true
44740,2026-04-20 19:15:09+00,polygon-usdc-usdfc,true
44741,2026-04-20 19:20:01+00,eth-usdfc,true
44742,2026-04-20 19:20:15+00,fil-usdfc,true
44743,2026-04-20 19:20:17+00,base-usdc-usdfc,true
44744,2026-04-20 19:20:21+00,polygon-usdc-usdfc,true
44745,2026-04-20 19:25:02+00,eth-usdfc,true
44746,2026-04-20 19:25:03+00,fil-usdfc,true
44748,2026-04-20 19:25:04+00,polygon-usdc-usdfc,true
44747,2026-04-20 19:25:04+00,base-usdc-usdfc,true
44749,2026-04-20 19:30:02+00,eth-usdfc,true
44750,2026-04-20 19:30:03+00,fil-usdfc,true
44751,2026-04-20 19:30:04+00,base-usdc-usdfc,true
44752,2026-04-20 19:30:05+00,polygon-usdc-usdfc,true
44753,2026-04-20 19:35:02+00,eth-usdfc,true
44754,2026-04-20 19:35:03+00,fil-usdfc,true
44755,2026-04-20 19:35:04+00,base-usdc-usdfc,true
44756,2026-04-20 19:35:05+00,polygon-usdc-usdfc,true
44758,2026-04-20 19:40:02+00,fil-usdfc,true
44757,2026-04-20 19:40:02+00,eth-usdfc,true
44760,2026-04-20 19:40:04+00,polygon-usdc-usdfc,true
44759,2026-04-20 19:40:04+00,base-usdc-usdfc,true
44761,2026-04-20 19:45:01+00,eth-usdfc,true
44762,2026-04-20 19:45:03+00,fil-usdfc,true
44764,2026-04-20 19:45:04+00,polygon-usdc-usdfc,true
44763,2026-04-20 19:45:04+00,base-usdc-usdfc,true
44765,2026-04-20 19:50:02+00,eth-usdfc,true
44766,2026-04-20 19:50:03+00,fil-usdfc,true
44767,2026-04-20 19:50:05+00,base-usdc-usdfc,true
44768,2026-04-20 19:50:06+00,polygon-usdc-usdfc,true
44769,2026-04-20 19:55:02+00,eth-usdfc,true
44770,2026-04-20 19:55:03+00,fil-usdfc,true
44771,2026-04-20 19:55:04+00,base-usdc-usdfc,true
44772,2026-04-20 19:55:05+00,polygon-usdc-usdfc,true
44773,2026-04-20 20:00:02+00,eth-usdfc,true
44774,2026-04-20 20:00:03+00,fil-usdfc,true
44775,2026-04-20 20:00:04+00,base-usdc-usdfc,true
44776,2026-04-20 20:00:05+00,polygon-usdc-usdfc,true
44777,2026-04-20 20:05:02+00,eth-usdfc,true
44778,2026-04-20 20:05:03+00,fil-usdfc,true
44780,2026-04-20 20:05:04+00,polygon-usdc-usdfc,true
44779,2026-04-20 20:05:04+00,base-usdc-usdfc,true
44781,2026-04-20 20:10:02+00,eth-usdfc,true
44782,2026-04-20 20:10:03+00,fil-usdfc,true
44783,2026-04-20 20:10:04+00,base-usdc-usdfc,true
44784,2026-04-20 20:10:05+00,polygon-usdc-usdfc,true
44785,2026-04-20 20:15:02+00,eth-usdfc,true
44786,2026-04-20 20:15:03+00,fil-usdfc,true
44787,2026-04-20 20:15:04+00,base-usdc-usdfc,true
44788,2026-04-20 20:15:05+00,polygon-usdc-usdfc,true
44789,2026-04-20 20:20:01+00,eth-usdfc,true
44790,2026-04-20 20:20:02+00,fil-usdfc,true
44792,2026-04-20 20:20:04+00,polygon-usdc-usdfc,true
44791,2026-04-20 20:20:04+00,base-usdc-usdfc,true
44793,2026-04-20 20:25:02+00,eth-usdfc,true
44794,2026-04-20 20:25:03+00,fil-usdfc,true
44796,2026-04-20 20:25:04+00,polygon-usdc-usdfc,true
44795,2026-04-20 20:25:04+00,base-usdc-usdfc,true
44797,2026-04-20 20:30:01+00,eth-usdfc,true
44798,2026-04-20 20:30:02+00,fil-usdfc,true
44799,2026-04-20 20:30:04+00,base-usdc-usdfc,true
44800,2026-04-20 20:30:05+00,polygon-usdc-usdfc,true
44801,2026-04-20 20:35:02+00,eth-usdfc,true
44802,2026-04-20 20:35:03+00,fil-usdfc,true
44803,2026-04-20 20:35:04+00,base-usdc-usdfc,true
44804,2026-04-20 20:35:05+00,polygon-usdc-usdfc,true
44805,2026-04-20 20:40:02+00,eth-usdfc,true
44806,2026-04-20 20:40:03+00,fil-usdfc,true
44808,2026-04-20 20:40:04+00,polygon-usdc-usdfc,true
44807,2026-04-20 20:40:04+00,base-usdc-usdfc,true
44809,2026-04-20 20:45:01+00,eth-usdfc,true
44810,2026-04-20 20:45:03+00,fil-usdfc,true
44811,2026-04-20 20:45:05+00,base-usdc-usdfc,true
44812,2026-04-20 20:45:06+00,polygon-usdc-usdfc,true
44813,2026-04-20 20:50:02+00,eth-usdfc,true
44814,2026-04-20 20:50:03+00,fil-usdfc,true
44815,2026-04-20 20:50:04+00,base-usdc-usdfc,true
44816,2026-04-20 20:50:05+00,polygon-usdc-usdfc,true
44817,2026-04-20 20:55:01+00,eth-usdfc,true
44818,2026-04-20 20:55:02+00,fil-usdfc,true
44819,2026-04-20 20:55:03+00,base-usdc-usdfc,true
44820,2026-04-20 20:55:04+00,polygon-usdc-usdfc,true
44821,2026-04-20 21:00:02+00,eth-usdfc,true
44822,2026-04-20 21:00:04+00,fil-usdfc,true
44823,2026-04-20 21:00:06+00,base-usdc-usdfc,true
44824,2026-04-20 21:00:07+00,polygon-usdc-usdfc,true
44825,2026-04-20 21:05:02+00,eth-usdfc,true
44826,2026-04-20 21:05:03+00,fil-usdfc,true
44827,2026-04-20 21:05:05+00,base-usdc-usdfc,true
44828,2026-04-20 21:05:06+00,polygon-usdc-usdfc,true
44829,2026-04-20 21:10:02+00,eth-usdfc,true
44830,2026-04-20 21:10:32+00,fil-usdfc,true
44831,2026-04-20 21:10:34+00,base-usdc-usdfc,true
44832,2026-04-20 21:10:35+00,polygon-usdc-usdfc,true
44833,2026-04-20 21:15:01+00,eth-usdfc,true
44834,2026-04-20 21:15:28+00,fil-usdfc,true
44835,2026-04-20 21:15:30+00,base-usdc-usdfc,true
44836,2026-04-20 21:15:31+00,polygon-usdc-usdfc,true
44837,2026-04-20 21:20:01+00,eth-usdfc,true
44838,2026-04-20 21:20:27+00,fil-usdfc,true
44839,2026-04-20 21:20:30+00,base-usdc-usdfc,true
44840,2026-04-20 21:20:31+00,polygon-usdc-usdfc,true
44841,2026-04-20 21:25:01+00,eth-usdfc,true
44842,2026-04-20 21:25:12+00,fil-usdfc,true
44843,2026-04-20 21:25:16+00,base-usdc-usdfc,true
44844,2026-04-20 21:25:18+00,polygon-usdc-usdfc,true
44845,2026-04-20 21:30:02+00,eth-usdfc,true
44846,2026-04-20 21:30:13+00,fil-usdfc,true
44847,2026-04-20 21:30:16+00,base-usdc-usdfc,true
44848,2026-04-20 21:30:18+00,polygon-usdc-usdfc,true
44849,2026-04-20 21:35:01+00,eth-usdfc,true
44850,2026-04-20 21:35:26+00,fil-usdfc,true
44851,2026-04-20 21:35:29+00,base-usdc-usdfc,true
44852,2026-04-20 21:35:30+00,polygon-usdc-usdfc,true
44853,2026-04-20 21:40:02+00,eth-usdfc,true
44854,2026-04-20 21:40:05+00,fil-usdfc,true
44855,2026-04-20 21:40:08+00,base-usdc-usdfc,true
44856,2026-04-20 21:40:10+00,polygon-usdc-usdfc,true
44857,2026-04-20 21:45:02+00,eth-usdfc,true
44858,2026-04-20 21:45:05+00,fil-usdfc,true
44859,2026-04-20 21:45:09+00,base-usdc-usdfc,true
44860,2026-04-20 21:45:11+00,polygon-usdc-usdfc,true
44861,2026-04-20 21:50:02+00,eth-usdfc,true
44862,2026-04-20 21:50:23+00,fil-usdfc,true
44863,2026-04-20 21:50:25+00,base-usdc-usdfc,true
44864,2026-04-20 21:50:27+00,polygon-usdc-usdfc,true
44865,2026-04-20 21:55:02+00,eth-usdfc,true
44866,2026-04-20 21:55:15+00,fil-usdfc,true
44867,2026-04-20 21:55:27+00,base-usdc-usdfc,true
44868,2026-04-20 21:55:29+00,polygon-usdc-usdfc,true
44869,2026-04-20 22:00:02+00,eth-usdfc,true
44870,2026-04-20 22:00:29+00,fil-usdfc,true
44871,2026-04-20 22:00:32+00,base-usdc-usdfc,true
44872,2026-04-20 22:00:39+00,polygon-usdc-usdfc,true
44873,2026-04-20 22:05:02+00,eth-usdfc,true
44874,2026-04-20 22:05:04+00,fil-usdfc,true
44875,2026-04-20 22:05:07+00,base-usdc-usdfc,true
44876,2026-04-20 22:05:09+00,polygon-usdc-usdfc,true
44877,2026-04-20 22:10:02+00,eth-usdfc,true
44878,2026-04-20 22:10:04+00,fil-usdfc,true
44879,2026-04-20 22:10:06+00,base-usdc-usdfc,true
44880,2026-04-20 22:10:12+00,polygon-usdc-usdfc,true
44881,2026-04-20 22:15:02+00,eth-usdfc,true
44882,2026-04-20 22:15:19+00,fil-usdfc,true
44883,2026-04-20 22:15:21+00,base-usdc-usdfc,true
44884,2026-04-20 22:15:23+00,polygon-usdc-usdfc,true
44885,2026-04-20 22:20:02+00,eth-usdfc,true
44886,2026-04-20 22:20:05+00,fil-usdfc,true
44887,2026-04-20 22:20:09+00,base-usdc-usdfc,true
44888,2026-04-20 22:20:10+00,polygon-usdc-usdfc,true
44889,2026-04-20 22:25:02+00,eth-usdfc,true
44890,2026-04-20 22:25:20+00,fil-usdfc,true
44891,2026-04-20 22:25:22+00,base-usdc-usdfc,true
44892,2026-04-20 22:25:24+00,polygon-usdc-usdfc,true
44893,2026-04-20 22:30:06+00,eth-usdfc,true
44894,2026-04-20 22:30:11+00,fil-usdfc,true
44895,2026-04-20 22:30:18+00,base-usdc-usdfc,true
44896,2026-04-20 22:30:20+00,polygon-usdc-usdfc,true
44897,2026-04-20 22:35:04+00,eth-usdfc,true
44898,2026-04-20 22:35:08+00,fil-usdfc,true
44899,2026-04-20 22:35:10+00,base-usdc-usdfc,true
44900,2026-04-20 22:35:11+00,polygon-usdc-usdfc,true
44901,2026-04-20 22:40:02+00,eth-usdfc,true
44902,2026-04-20 22:40:03+00,fil-usdfc,true
44903,2026-04-20 22:40:05+00,base-usdc-usdfc,true
44904,2026-04-20 22:40:06+00,polygon-usdc-usdfc,true
44905,2026-04-20 22:45:02+00,eth-usdfc,true
44907,2026-04-20 22:45:03+00,base-usdc-usdfc,true
44906,2026-04-20 22:45:03+00,fil-usdfc,true
44908,2026-04-20 22:45:05+00,polygon-usdc-usdfc,true
44909,2026-04-20 22:50:02+00,eth-usdfc,true
44910,2026-04-20 22:50:08+00,fil-usdfc,true
44911,2026-04-20 22:50:09+00,base-usdc-usdfc,true
44912,2026-04-20 22:50:11+00,polygon-usdc-usdfc,true
44913,2026-04-20 22:55:01+00,eth-usdfc,true
44914,2026-04-20 22:55:15+00,fil-usdfc,true
44915,2026-04-20 22:55:16+00,base-usdc-usdfc,true
44916,2026-04-20 22:55:19+00,polygon-usdc-usdfc,true
44917,2026-04-20 23:00:02+00,eth-usdfc,true
44918,2026-04-20 23:00:05+00,fil-usdfc,true
44919,2026-04-20 23:00:06+00,base-usdc-usdfc,true
44920,2026-04-20 23:00:09+00,polygon-usdc-usdfc,true
44921,2026-04-20 23:05:02+00,eth-usdfc,true
44922,2026-04-20 23:05:06+00,fil-usdfc,true
44923,2026-04-20 23:05:07+00,base-usdc-usdfc,true
44924,2026-04-20 23:05:09+00,polygon-usdc-usdfc,true
44925,2026-04-20 23:10:02+00,eth-usdfc,true
44926,2026-04-20 23:10:04+00,fil-usdfc,true
44927,2026-04-20 23:10:05+00,base-usdc-usdfc,true
44928,2026-04-20 23:10:07+00,polygon-usdc-usdfc,true
44929,2026-04-20 23:15:02+00,eth-usdfc,true
44930,2026-04-20 23:15:03+00,fil-usdfc,true
44931,2026-04-20 23:15:08+00,base-usdc-usdfc,true
44932,2026-04-20 23:15:10+00,polygon-usdc-usdfc,true
44933,2026-04-20 23:20:02+00,eth-usdfc,true
44934,2026-04-20 23:21:09+00,fil-usdfc,true
44935,2026-04-20 23:21:13+00,base-usdc-usdfc,true
44936,2026-04-20 23:21:18+00,polygon-usdc-usdfc,true
44937,2026-04-20 23:25:02+00,eth-usdfc,true
44938,2026-04-20 23:25:05+00,fil-usdfc,true
44939,2026-04-20 23:25:10+00,base-usdc-usdfc,true
44940,2026-04-20 23:25:13+00,polygon-usdc-usdfc,true
44941,2026-04-20 23:30:02+00,eth-usdfc,true
44942,2026-04-20 23:30:04+00,fil-usdfc,true
44943,2026-04-20 23:30:07+00,base-usdc-usdfc,true
44944,2026-04-20 23:30:08+00,polygon-usdc-usdfc,true
44945,2026-04-20 23:35:02+00,eth-usdfc,true
44946,2026-04-20 23:35:05+00,fil-usdfc,true
44947,2026-04-20 23:35:07+00,base-usdc-usdfc,true
44948,2026-04-20 23:35:10+00,polygon-usdc-usdfc,true
44949,2026-04-20 23:40:02+00,eth-usdfc,true
44950,2026-04-20 23:40:30+00,fil-usdfc,true
44951,2026-04-20 23:40:33+00,base-usdc-usdfc,true
44952,2026-04-20 23:40:36+00,polygon-usdc-usdfc,true
44953,2026-04-20 23:45:02+00,eth-usdfc,true
44954,2026-04-20 23:45:17+00,fil-usdfc,true
44955,2026-04-20 23:45:26+00,base-usdc-usdfc,true
44956,2026-04-20 23:45:28+00,polygon-usdc-usdfc,true
44957,2026-04-20 23:50:02+00,eth-usdfc,true
44958,2026-04-20 23:50:12+00,fil-usdfc,true
44959,2026-04-20 23:50:13+00,base-usdc-usdfc,true
44960,2026-04-20 23:50:16+00,polygon-usdc-usdfc,true
44962,2026-04-20 23:55:02+00,fil-usdfc,true
44961,2026-04-20 23:55:02+00,eth-usdfc,true
44963,2026-04-20 23:55:04+00,base-usdc-usdfc,true
44964,2026-04-20 23:55:05+00,polygon-usdc-usdfc,true
44965,2026-04-21 00:00:02+00,eth-usdfc,true
44966,2026-04-21 00:00:58+00,fil-usdfc,true
44967,2026-04-21 00:01:02+00,base-usdc-usdfc,true
44968,2026-04-21 00:01:04+00,polygon-usdc-usdfc,true
44969,2026-04-21 00:05:01+00,eth-usdfc,true
44970,2026-04-21 00:08:36+00,fil-usdfc,true
44971,2026-04-21 00:08:38+00,base-usdc-usdfc,true
44972,2026-04-21 00:08:41+00,polygon-usdc-usdfc,true
44973,2026-04-21 00:10:02+00,eth-usdfc,true
44974,2026-04-21 00:10:14+00,fil-usdfc,true
44975,2026-04-21 00:14:45+00,base-usdc-usdfc,true
44976,2026-04-21 00:14:47+00,polygon-usdc-usdfc,true
44977,2026-04-21 00:15:02+00,eth-usdfc,true
44978,2026-04-21 00:15:03+00,fil-usdfc,true
44979,2026-04-21 00:15:04+00,base-usdc-usdfc,true
44980,2026-04-21 00:15:05+00,polygon-usdc-usdfc,true
44981,2026-04-21 00:20:01+00,eth-usdfc,true
44982,2026-04-21 00:21:49+00,fil-usdfc,true
44983,2026-04-21 00:21:50+00,base-usdc-usdfc,true
44984,2026-04-21 00:21:52+00,polygon-usdc-usdfc,true
44985,2026-04-21 00:25:01+00,eth-usdfc,true
44986,2026-04-21 00:27:15+00,fil-usdfc,true
44987,2026-04-21 00:27:17+00,base-usdc-usdfc,true
44988,2026-04-21 00:27:18+00,polygon-usdc-usdfc,true
44989,2026-04-21 00:30:02+00,eth-usdfc,true
44990,2026-04-21 00:30:18+00,fil-usdfc,true
44991,2026-04-21 00:30:21+00,base-usdc-usdfc,true
44992,2026-04-21 00:30:23+00,polygon-usdc-usdfc,true
44993,2026-04-21 00:35:02+00,eth-usdfc,true
44994,2026-04-21 00:36:19+00,fil-usdfc,true
44996,2026-04-21 00:36:21+00,polygon-usdc-usdfc,true
44995,2026-04-21 00:36:21+00,base-usdc-usdfc,true
44997,2026-04-21 00:40:02+00,eth-usdfc,true
44998,2026-04-21 00:40:04+00,fil-usdfc,true
44999,2026-04-21 00:40:06+00,base-usdc-usdfc,true
45000,2026-04-21 00:40:07+00,polygon-usdc-usdfc,true
45001,2026-04-21 00:45:01+00,eth-usdfc,true
45002,2026-04-21 00:46:06+00,fil-usdfc,true
45003,2026-04-21 00:46:08+00,base-usdc-usdfc,true
45004,2026-04-21 00:46:09+00,polygon-usdc-usdfc,true
45005,2026-04-21 00:50:01+00,eth-usdfc,true
45006,2026-04-21 00:50:03+00,fil-usdfc,true
45007,2026-04-21 00:50:05+00,base-usdc-usdfc,true
45008,2026-04-21 00:50:07+00,polygon-usdc-usdfc,true
45009,2026-04-21 00:55:01+00,eth-usdfc,true
45010,2026-04-21 00:55:27+00,fil-usdfc,true
45011,2026-04-21 00:55:29+00,base-usdc-usdfc,true
45012,2026-04-21 00:55:31+00,polygon-usdc-usdfc,true
45013,2026-04-21 01:00:02+00,eth-usdfc,true
45014,2026-04-21 01:00:04+00,fil-usdfc,true
45015,2026-04-21 01:00:07+00,base-usdc-usdfc,true
45016,2026-04-21 01:00:08+00,polygon-usdc-usdfc,true
45017,2026-04-21 01:05:01+00,eth-usdfc,true
45018,2026-04-21 01:06:42+00,fil-usdfc,true
45019,2026-04-21 01:06:44+00,base-usdc-usdfc,true
45020,2026-04-21 01:06:46+00,polygon-usdc-usdfc,true
45021,2026-04-21 01:10:02+00,eth-usdfc,true
45022,2026-04-21 01:11:04+00,fil-usdfc,true
45023,2026-04-21 01:11:07+00,base-usdc-usdfc,true
45024,2026-04-21 01:11:08+00,polygon-usdc-usdfc,true
45025,2026-04-21 01:15:02+00,eth-usdfc,true
45026,2026-04-21 01:15:03+00,fil-usdfc,true
45027,2026-04-21 01:15:05+00,base-usdc-usdfc,true
45028,2026-04-21 01:15:07+00,polygon-usdc-usdfc,true
45029,2026-04-21 01:20:01+00,eth-usdfc,true
45030,2026-04-21 01:20:03+00,fil-usdfc,true
45031,2026-04-21 01:20:04+00,base-usdc-usdfc,true
45032,2026-04-21 01:20:07+00,polygon-usdc-usdfc,true
45033,2026-04-21 01:25:01+00,eth-usdfc,true
45034,2026-04-21 01:25:23+00,fil-usdfc,true
45035,2026-04-21 01:25:25+00,base-usdc-usdfc,true
45036,2026-04-21 01:25:26+00,polygon-usdc-usdfc,true
45037,2026-04-21 01:30:02+00,eth-usdfc,true
45038,2026-04-21 01:30:04+00,fil-usdfc,true
45039,2026-04-21 01:30:05+00,base-usdc-usdfc,true
45040,2026-04-21 01:30:07+00,polygon-usdc-usdfc,true
45041,2026-04-21 01:35:01+00,eth-usdfc,true
45042,2026-04-21 01:35:19+00,fil-usdfc,true
45043,2026-04-21 01:35:22+00,base-usdc-usdfc,true
45044,2026-04-21 01:35:24+00,polygon-usdc-usdfc,true
45045,2026-04-21 01:40:02+00,eth-usdfc,true
45046,2026-04-21 01:40:12+00,fil-usdfc,true
45047,2026-04-21 01:40:13+00,base-usdc-usdfc,true
45048,2026-04-21 01:40:14+00,polygon-usdc-usdfc,true
45049,2026-04-21 01:45:02+00,eth-usdfc,true
45050,2026-04-21 01:47:32+00,fil-usdfc,true
45051,2026-04-21 01:47:34+00,base-usdc-usdfc,true
45052,2026-04-21 01:47:36+00,polygon-usdc-usdfc,true
45053,2026-04-21 01:50:02+00,eth-usdfc,true
45054,2026-04-21 01:51:09+00,fil-usdfc,true
45055,2026-04-21 01:51:11+00,base-usdc-usdfc,true
45056,2026-04-21 01:51:12+00,polygon-usdc-usdfc,true
45057,2026-04-21 01:55:01+00,eth-usdfc,true
45058,2026-04-21 01:55:02+00,fil-usdfc,true
45059,2026-04-21 01:55:03+00,base-usdc-usdfc,true
45060,2026-04-21 01:55:04+00,polygon-usdc-usdfc,true
45061,2026-04-21 02:00:02+00,eth-usdfc,true
45062,2026-04-21 02:00:03+00,fil-usdfc,true
45063,2026-04-21 02:00:04+00,base-usdc-usdfc,true
45064,2026-04-21 02:00:05+00,polygon-usdc-usdfc,true
45065,2026-04-21 02:05:02+00,eth-usdfc,false
45066,2026-04-21 02:05:03+00,fil-usdfc,false
45067,2026-04-21 02:05:05+00,base-usdc-usdfc,false
45068,2026-04-21 02:05:07+00,polygon-usdc-usdfc,false
45069,2026-04-21 02:10:01+00,eth-usdfc,false
45070,2026-04-21 02:10:52+00,fil-usdfc,true
45071,2026-04-21 02:10:54+00,base-usdc-usdfc,true
45072,2026-04-21 02:10:56+00,polygon-usdc-usdfc,true
45073,2026-04-21 02:15:01+00,eth-usdfc,true
45074,2026-04-21 02:15:03+00,fil-usdfc,true
45075,2026-04-21 02:15:04+00,base-usdc-usdfc,true
45076,2026-04-21 02:15:05+00,polygon-usdc-usdfc,true
45077,2026-04-21 02:20:02+00,eth-usdfc,true
45078,2026-04-21 02:20:03+00,fil-usdfc,true
45079,2026-04-21 02:20:05+00,base-usdc-usdfc,true
45080,2026-04-21 02:20:06+00,polygon-usdc-usdfc,true
45081,2026-04-21 02:25:02+00,eth-usdfc,true
45082,2026-04-21 02:25:03+00,fil-usdfc,true
45084,2026-04-21 02:25:04+00,polygon-usdc-usdfc,true
45083,2026-04-21 02:25:04+00,base-usdc-usdfc,true
45085,2026-04-21 02:30:02+00,eth-usdfc,true
45086,2026-04-21 02:31:34+00,fil-usdfc,true
45087,2026-04-21 02:31:36+00,base-usdc-usdfc,true
45088,2026-04-21 02:31:37+00,polygon-usdc-usdfc,true
45089,2026-04-21 02:35:02+00,eth-usdfc,true
45090,2026-04-21 02:35:56+00,fil-usdfc,true
45091,2026-04-21 02:35:57+00,base-usdc-usdfc,true
45092,2026-04-21 02:35:58+00,polygon-usdc-usdfc,true
45093,2026-04-21 02:40:02+00,eth-usdfc,true
45094,2026-04-21 02:40:03+00,fil-usdfc,true
45095,2026-04-21 02:40:04+00,base-usdc-usdfc,true
45096,2026-04-21 02:40:05+00,polygon-usdc-usdfc,true
45097,2026-04-21 02:45:01+00,eth-usdfc,true
45098,2026-04-21 02:46:29+00,fil-usdfc,true
45099,2026-04-21 02:46:30+00,base-usdc-usdfc,true
45100,2026-04-21 02:46:31+00,polygon-usdc-usdfc,true
45101,2026-04-21 02:50:01+00,eth-usdfc,true
45102,2026-04-21 02:50:09+00,fil-usdfc,true
45103,2026-04-21 02:50:10+00,base-usdc-usdfc,true
45104,2026-04-21 02:50:12+00,polygon-usdc-usdfc,true
45105,2026-04-21 02:55:01+00,eth-usdfc,true
45106,2026-04-21 02:55:03+00,fil-usdfc,true
45107,2026-04-21 02:55:04+00,base-usdc-usdfc,true
45108,2026-04-21 02:55:05+00,polygon-usdc-usdfc,true
45109,2026-04-21 03:00:02+00,eth-usdfc,true
45110,2026-04-21 03:00:04+00,fil-usdfc,true
45111,2026-04-21 03:00:07+00,base-usdc-usdfc,true
45112,2026-04-21 03:00:08+00,polygon-usdc-usdfc,true
45113,2026-04-21 03:05:01+00,eth-usdfc,true
45114,2026-04-21 03:05:12+00,fil-usdfc,true
45115,2026-04-21 03:05:14+00,base-usdc-usdfc,true
45116,2026-04-21 03:05:15+00,polygon-usdc-usdfc,true
45117,2026-04-21 03:10:02+00,eth-usdfc,true
45118,2026-04-21 03:10:31+00,fil-usdfc,true
45119,2026-04-21 03:10:32+00,base-usdc-usdfc,true
45120,2026-04-21 03:10:33+00,polygon-usdc-usdfc,true
45121,2026-04-21 03:15:01+00,eth-usdfc,true
45122,2026-04-21 03:15:29+00,fil-usdfc,true
45123,2026-04-21 03:15:30+00,base-usdc-usdfc,true
45124,2026-04-21 03:15:32+00,polygon-usdc-usdfc,true
45125,2026-04-21 03:20:02+00,eth-usdfc,true
45126,2026-04-21 03:20:03+00,fil-usdfc,true
45127,2026-04-21 03:20:05+00,base-usdc-usdfc,true
45128,2026-04-21 03:20:07+00,polygon-usdc-usdfc,true
45129,2026-04-21 03:25:02+00,eth-usdfc,true
45130,2026-04-21 03:25:04+00,fil-usdfc,true
45131,2026-04-21 03:25:05+00,base-usdc-usdfc,true
45132,2026-04-21 03:25:06+00,polygon-usdc-usdfc,true
45133,2026-04-21 03:30:01+00,eth-usdfc,true
45134,2026-04-21 03:30:25+00,fil-usdfc,true
45135,2026-04-21 03:30:27+00,base-usdc-usdfc,true
45136,2026-04-21 03:30:28+00,polygon-usdc-usdfc,true
45137,2026-04-21 03:35:02+00,eth-usdfc,true
45138,2026-04-21 03:35:04+00,fil-usdfc,true
45139,2026-04-21 03:35:08+00,base-usdc-usdfc,true
45140,2026-04-21 03:35:09+00,polygon-usdc-usdfc,true
45141,2026-04-21 03:40:01+00,eth-usdfc,true
45142,2026-04-21 03:40:04+00,fil-usdfc,true
45143,2026-04-21 03:40:05+00,base-usdc-usdfc,true
45144,2026-04-21 03:40:06+00,polygon-usdc-usdfc,true
45145,2026-04-21 03:45:02+00,eth-usdfc,true
45146,2026-04-21 03:45:03+00,fil-usdfc,true
45147,2026-04-21 03:45:04+00,base-usdc-usdfc,true
45148,2026-04-21 03:45:05+00,polygon-usdc-usdfc,true
45149,2026-04-21 03:50:02+00,eth-usdfc,true
45150,2026-04-21 03:52:33+00,fil-usdfc,true
45151,2026-04-21 03:52:35+00,base-usdc-usdfc,true
45152,2026-04-21 03:52:36+00,polygon-usdc-usdfc,true
45153,2026-04-21 03:55:02+00,eth-usdfc,true
45154,2026-04-21 03:55:05+00,fil-usdfc,true
45156,2026-04-21 03:55:06+00,polygon-usdc-usdfc,true
45155,2026-04-21 03:55:06+00,base-usdc-usdfc,true
45157,2026-04-21 04:00:02+00,eth-usdfc,true
45158,2026-04-21 04:00:03+00,fil-usdfc,true
45159,2026-04-21 04:00:04+00,base-usdc-usdfc,true
45160,2026-04-21 04:00:05+00,polygon-usdc-usdfc,true
45162,2026-04-21 04:05:02+00,fil-usdfc,true
45161,2026-04-21 04:05:02+00,eth-usdfc,true
45163,2026-04-21 04:05:03+00,base-usdc-usdfc,true
45164,2026-04-21 04:05:05+00,polygon-usdc-usdfc,true
45165,2026-04-21 04:10:02+00,eth-usdfc,true
45166,2026-04-21 04:10:36+00,fil-usdfc,true
45167,2026-04-21 04:10:41+00,base-usdc-usdfc,true
45168,2026-04-21 04:10:43+00,polygon-usdc-usdfc,true
45169,2026-04-21 04:15:02+00,eth-usdfc,true
45170,2026-04-21 04:15:03+00,fil-usdfc,true
45171,2026-04-21 04:15:04+00,base-usdc-usdfc,true
45172,2026-04-21 04:15:05+00,polygon-usdc-usdfc,true
45173,2026-04-21 04:20:02+00,eth-usdfc,true
45174,2026-04-21 04:20:05+00,fil-usdfc,true
45175,2026-04-21 04:20:08+00,base-usdc-usdfc,true
45176,2026-04-21 04:20:15+00,polygon-usdc-usdfc,true
45177,2026-04-21 04:25:02+00,eth-usdfc,true
45178,2026-04-21 04:25:59+00,fil-usdfc,true
45179,2026-04-21 04:26:02+00,base-usdc-usdfc,true
45180,2026-04-21 04:26:03+00,polygon-usdc-usdfc,true
45181,2026-04-21 04:30:02+00,eth-usdfc,true
45182,2026-04-21 04:30:52+00,fil-usdfc,true
45183,2026-04-21 04:30:54+00,base-usdc-usdfc,true
45184,2026-04-21 04:30:55+00,polygon-usdc-usdfc,true
45185,2026-04-21 04:35:02+00,eth-usdfc,true
45186,2026-04-21 04:35:11+00,fil-usdfc,true
45187,2026-04-21 04:35:15+00,base-usdc-usdfc,true
45188,2026-04-21 04:35:16+00,polygon-usdc-usdfc,true
45189,2026-04-21 04:40:02+00,eth-usdfc,true
45190,2026-04-21 04:40:41+00,fil-usdfc,true
45191,2026-04-21 04:40:51+00,base-usdc-usdfc,true
45192,2026-04-21 04:40:52+00,polygon-usdc-usdfc,true
45193,2026-04-21 04:45:01+00,eth-usdfc,true
45194,2026-04-21 04:45:06+00,fil-usdfc,true
45195,2026-04-21 04:45:10+00,base-usdc-usdfc,true
45196,2026-04-21 04:45:18+00,polygon-usdc-usdfc,true
45198,2026-04-21 04:50:02+00,fil-usdfc,true
45197,2026-04-21 04:50:02+00,eth-usdfc,true
45200,2026-04-21 04:50:04+00,polygon-usdc-usdfc,true
45199,2026-04-21 04:50:04+00,base-usdc-usdfc,true
45201,2026-04-21 04:55:02+00,eth-usdfc,true
45203,2026-04-21 04:55:04+00,base-usdc-usdfc,true
45202,2026-04-21 04:55:04+00,fil-usdfc,true
45204,2026-04-21 04:55:05+00,polygon-usdc-usdfc,true
45205,2026-04-21 05:00:02+00,eth-usdfc,true
45206,2026-04-21 05:00:08+00,fil-usdfc,true
45208,2026-04-21 05:00:09+00,polygon-usdc-usdfc,true
45207,2026-04-21 05:00:09+00,base-usdc-usdfc,true
45209,2026-04-21 05:05:02+00,eth-usdfc,true
45210,2026-04-21 05:05:03+00,fil-usdfc,true
45211,2026-04-21 05:05:05+00,base-usdc-usdfc,true
45212,2026-04-21 05:05:06+00,polygon-usdc-usdfc,true
45213,2026-04-21 05:10:02+00,eth-usdfc,true
45214,2026-04-21 05:10:14+00,fil-usdfc,true
45215,2026-04-21 05:10:31+00,base-usdc-usdfc,true
45216,2026-04-21 05:10:37+00,polygon-usdc-usdfc,true
45217,2026-04-21 05:15:02+00,eth-usdfc,true
45218,2026-04-21 05:18:20+00,fil-usdfc,true
45219,2026-04-21 05:18:22+00,base-usdc-usdfc,false
45220,2026-04-21 05:18:23+00,polygon-usdc-usdfc,false
45221,2026-04-21 05:20:03+00,eth-usdfc,true
45222,2026-04-21 05:23:02+00,fil-usdfc,true
45223,2026-04-21 05:23:04+00,base-usdc-usdfc,true
45224,2026-04-21 05:23:05+00,polygon-usdc-usdfc,true
45225,2026-04-21 05:25:02+00,eth-usdfc,true
45226,2026-04-21 05:25:14+00,fil-usdfc,true
45227,2026-04-21 05:26:10+00,base-usdc-usdfc,true
45228,2026-04-21 05:26:15+00,polygon-usdc-usdfc,true
45230,2026-04-21 05:30:02+00,fil-usdfc,true
45229,2026-04-21 05:30:02+00,eth-usdfc,true
45231,2026-04-21 05:30:03+00,base-usdc-usdfc,true
45232,2026-04-21 05:30:04+00,polygon-usdc-usdfc,true
45233,2026-04-21 05:35:02+00,eth-usdfc,true
45234,2026-04-21 05:35:37+00,fil-usdfc,true
45235,2026-04-21 05:35:41+00,base-usdc-usdfc,true
45236,2026-04-21 05:35:43+00,polygon-usdc-usdfc,true
45237,2026-04-21 05:40:02+00,eth-usdfc,true
45238,2026-04-21 05:41:45+00,fil-usdfc,true
45239,2026-04-21 05:41:54+00,base-usdc-usdfc,true
45240,2026-04-21 05:42:02+00,polygon-usdc-usdfc,true
45241,2026-04-21 05:45:02+00,eth-usdfc,true
45242,2026-04-21 05:45:08+00,fil-usdfc,true
45243,2026-04-21 05:45:09+00,base-usdc-usdfc,true
45244,2026-04-21 05:45:16+00,polygon-usdc-usdfc,true
45245,2026-04-21 05:50:01+00,eth-usdfc,true
45246,2026-04-21 05:50:20+00,fil-usdfc,true
45247,2026-04-21 05:50:27+00,base-usdc-usdfc,true
45248,2026-04-21 05:50:45+00,polygon-usdc-usdfc,true
45249,2026-04-21 05:55:01+00,eth-usdfc,true
45250,2026-04-21 05:55:03+00,fil-usdfc,true
45251,2026-04-21 05:55:05+00,base-usdc-usdfc,true
45252,2026-04-21 05:55:06+00,polygon-usdc-usdfc,true
45253,2026-04-21 06:00:02+00,eth-usdfc,true
45254,2026-04-21 06:00:03+00,fil-usdfc,true
45255,2026-04-21 06:00:05+00,base-usdc-usdfc,true
45256,2026-04-21 06:00:07+00,polygon-usdc-usdfc,true
45257,2026-04-21 06:05:02+00,eth-usdfc,true
45258,2026-04-21 06:05:04+00,fil-usdfc,true
45259,2026-04-21 06:05:05+00,base-usdc-usdfc,true
45260,2026-04-21 06:05:06+00,polygon-usdc-usdfc,true
45261,2026-04-21 06:10:02+00,eth-usdfc,true
45262,2026-04-21 06:10:04+00,fil-usdfc,true
45263,2026-04-21 06:10:05+00,base-usdc-usdfc,true
45264,2026-04-21 06:10:06+00,polygon-usdc-usdfc,true
45265,2026-04-21 06:15:01+00,eth-usdfc,true
45266,2026-04-21 06:15:28+00,fil-usdfc,true
45267,2026-04-21 06:15:30+00,base-usdc-usdfc,true
45268,2026-04-21 06:15:31+00,polygon-usdc-usdfc,true
45269,2026-04-21 06:20:02+00,eth-usdfc,true
45270,2026-04-21 06:20:05+00,fil-usdfc,true
45271,2026-04-21 06:20:08+00,base-usdc-usdfc,true
45272,2026-04-21 06:20:12+00,polygon-usdc-usdfc,true
45273,2026-04-21 06:25:02+00,eth-usdfc,true
45274,2026-04-21 06:25:09+00,fil-usdfc,true
45275,2026-04-21 06:25:18+00,base-usdc-usdfc,true
45276,2026-04-21 06:25:29+00,polygon-usdc-usdfc,true
45277,2026-04-21 06:30:02+00,eth-usdfc,true
45278,2026-04-21 06:30:03+00,fil-usdfc,true
45279,2026-04-21 06:30:07+00,base-usdc-usdfc,true
45280,2026-04-21 06:30:24+00,polygon-usdc-usdfc,true
45281,2026-04-21 06:35:01+00,eth-usdfc,true
45282,2026-04-21 06:35:44+00,fil-usdfc,true
45283,2026-04-21 06:35:55+00,base-usdc-usdfc,true
45284,2026-04-21 06:36:03+00,polygon-usdc-usdfc,true
45285,2026-04-21 06:40:01+00,eth-usdfc,true
45286,2026-04-21 06:40:04+00,fil-usdfc,true
45287,2026-04-21 06:40:26+00,base-usdc-usdfc,true
45288,2026-04-21 06:40:28+00,polygon-usdc-usdfc,true
45289,2026-04-21 06:45:02+00,eth-usdfc,true
45290,2026-04-21 06:47:01+00,fil-usdfc,true
45291,2026-04-21 06:47:17+00,base-usdc-usdfc,true
45292,2026-04-21 06:47:19+00,polygon-usdc-usdfc,true
45293,2026-04-21 06:50:02+00,eth-usdfc,true
45294,2026-04-21 06:50:08+00,fil-usdfc,true
45295,2026-04-21 06:50:14+00,base-usdc-usdfc,true
45296,2026-04-21 06:50:22+00,polygon-usdc-usdfc,true
45297,2026-04-21 06:55:02+00,eth-usdfc,true
45298,2026-04-21 06:55:11+00,fil-usdfc,true
45299,2026-04-21 06:55:18+00,base-usdc-usdfc,true
45300,2026-04-21 06:56:03+00,polygon-usdc-usdfc,true
45301,2026-04-21 07:00:02+00,eth-usdfc,true
45302,2026-04-21 07:00:08+00,fil-usdfc,true
45303,2026-04-21 07:00:19+00,base-usdc-usdfc,true
45304,2026-04-21 07:00:20+00,polygon-usdc-usdfc,true
45305,2026-04-21 07:05:02+00,eth-usdfc,true
45306,2026-04-21 07:05:25+00,fil-usdfc,true
45307,2026-04-21 07:05:49+00,base-usdc-usdfc,true
45308,2026-04-21 07:05:57+00,polygon-usdc-usdfc,true
45309,2026-04-21 07:10:02+00,eth-usdfc,true
45310,2026-04-21 07:10:13+00,fil-usdfc,true
45311,2026-04-21 07:10:23+00,base-usdc-usdfc,true
45312,2026-04-21 07:10:28+00,polygon-usdc-usdfc,true
45313,2026-04-21 07:15:02+00,eth-usdfc,true
45314,2026-04-21 07:15:03+00,fil-usdfc,true
45315,2026-04-21 07:15:04+00,base-usdc-usdfc,true
45316,2026-04-21 07:15:05+00,polygon-usdc-usdfc,true
45317,2026-04-21 07:20:01+00,eth-usdfc,true
45318,2026-04-21 07:20:14+00,fil-usdfc,true
45319,2026-04-21 07:20:15+00,base-usdc-usdfc,true
45320,2026-04-21 07:20:17+00,polygon-usdc-usdfc,true
45321,2026-04-21 07:25:02+00,eth-usdfc,true
45322,2026-04-21 07:25:21+00,fil-usdfc,true
45323,2026-04-21 07:25:22+00,base-usdc-usdfc,true
45324,2026-04-21 07:25:23+00,polygon-usdc-usdfc,true
45325,2026-04-21 07:30:02+00,eth-usdfc,true
45326,2026-04-21 07:30:03+00,fil-usdfc,true
45327,2026-04-21 07:30:04+00,base-usdc-usdfc,true
45328,2026-04-21 07:30:06+00,polygon-usdc-usdfc,true
45329,2026-04-21 07:35:02+00,eth-usdfc,true
45330,2026-04-21 07:35:03+00,fil-usdfc,true
45331,2026-04-21 07:35:05+00,base-usdc-usdfc,true
45332,2026-04-21 07:35:07+00,polygon-usdc-usdfc,true
45333,2026-04-21 07:40:02+00,eth-usdfc,true
45334,2026-04-21 07:40:03+00,fil-usdfc,true
45335,2026-04-21 07:40:04+00,base-usdc-usdfc,true
45336,2026-04-21 07:40:05+00,polygon-usdc-usdfc,true
45337,2026-04-21 07:45:02+00,eth-usdfc,true
45338,2026-04-21 07:45:07+00,fil-usdfc,true
45339,2026-04-21 07:45:09+00,base-usdc-usdfc,true
45340,2026-04-21 07:45:11+00,polygon-usdc-usdfc,true
45341,2026-04-21 07:50:01+00,eth-usdfc,true
45342,2026-04-21 07:50:02+00,fil-usdfc,true
45343,2026-04-21 07:50:03+00,base-usdc-usdfc,true
45344,2026-04-21 07:50:04+00,polygon-usdc-usdfc,true
45345,2026-04-21 07:55:02+00,eth-usdfc,true
45346,2026-04-21 07:55:03+00,fil-usdfc,true
45348,2026-04-21 07:55:04+00,polygon-usdc-usdfc,true
45347,2026-04-21 07:55:04+00,base-usdc-usdfc,true
45349,2026-04-21 08:00:02+00,eth-usdfc,true
45350,2026-04-21 08:00:03+00,fil-usdfc,true
45351,2026-04-21 08:00:04+00,base-usdc-usdfc,true
45352,2026-04-21 08:00:05+00,polygon-usdc-usdfc,true
45353,2026-04-21 08:05:01+00,eth-usdfc,true
45354,2026-04-21 08:05:02+00,fil-usdfc,true
45355,2026-04-21 08:05:03+00,base-usdc-usdfc,true
45356,2026-04-21 08:05:05+00,polygon-usdc-usdfc,true
45357,2026-04-21 08:10:02+00,eth-usdfc,true
45358,2026-04-21 08:10:08+00,fil-usdfc,true
45359,2026-04-21 08:10:09+00,base-usdc-usdfc,true
45360,2026-04-21 08:10:10+00,polygon-usdc-usdfc,true
45361,2026-04-21 08:15:02+00,eth-usdfc,true
45362,2026-04-21 08:15:03+00,fil-usdfc,true
45363,2026-04-21 08:15:05+00,base-usdc-usdfc,true
45364,2026-04-21 08:15:06+00,polygon-usdc-usdfc,true
45365,2026-04-21 08:20:01+00,eth-usdfc,true
45366,2026-04-21 08:20:03+00,fil-usdfc,true
45367,2026-04-21 08:20:04+00,base-usdc-usdfc,true
45368,2026-04-21 08:20:05+00,polygon-usdc-usdfc,true
45369,2026-04-21 08:25:02+00,eth-usdfc,true
45370,2026-04-21 08:25:04+00,fil-usdfc,true
45371,2026-04-21 08:25:06+00,base-usdc-usdfc,true
45372,2026-04-21 08:25:08+00,polygon-usdc-usdfc,true
45373,2026-04-21 08:30:02+00,eth-usdfc,true
45374,2026-04-21 08:30:03+00,fil-usdfc,true
45375,2026-04-21 08:30:04+00,base-usdc-usdfc,true
45376,2026-04-21 08:30:05+00,polygon-usdc-usdfc,true
45377,2026-04-21 08:35:02+00,eth-usdfc,true
45378,2026-04-21 08:35:06+00,fil-usdfc,true
45380,2026-04-21 08:35:07+00,polygon-usdc-usdfc,true
45379,2026-04-21 08:35:07+00,base-usdc-usdfc,true
45381,2026-04-21 08:40:01+00,eth-usdfc,true
45382,2026-04-21 08:40:03+00,fil-usdfc,true
45383,2026-04-21 08:40:04+00,base-usdc-usdfc,true
45384,2026-04-21 08:40:05+00,polygon-usdc-usdfc,true
45385,2026-04-21 08:45:02+00,eth-usdfc,true
45386,2026-04-21 08:45:03+00,fil-usdfc,true
45388,2026-04-21 08:45:04+00,polygon-usdc-usdfc,true
45387,2026-04-21 08:45:04+00,base-usdc-usdfc,true
45390,2026-04-21 08:50:02+00,fil-usdfc,true
45389,2026-04-21 08:50:02+00,eth-usdfc,true
45392,2026-04-21 08:50:04+00,polygon-usdc-usdfc,true
45391,2026-04-21 08:50:04+00,base-usdc-usdfc,true
45394,2026-04-21 08:55:02+00,fil-usdfc,true
45393,2026-04-21 08:55:02+00,eth-usdfc,true
45396,2026-04-21 08:55:04+00,polygon-usdc-usdfc,true
45395,2026-04-21 08:55:04+00,base-usdc-usdfc,true
45397,2026-04-21 09:00:02+00,eth-usdfc,true
45398,2026-04-21 09:00:04+00,fil-usdfc,true
45400,2026-04-21 09:00:05+00,polygon-usdc-usdfc,true
45399,2026-04-21 09:00:05+00,base-usdc-usdfc,true
45401,2026-04-21 09:05:02+00,eth-usdfc,true
45402,2026-04-21 09:05:04+00,fil-usdfc,true
45403,2026-04-21 09:05:05+00,base-usdc-usdfc,true
45404,2026-04-21 09:05:06+00,polygon-usdc-usdfc,true
45405,2026-04-21 09:10:01+00,eth-usdfc,true
45406,2026-04-21 09:10:02+00,fil-usdfc,true
45407,2026-04-21 09:10:04+00,base-usdc-usdfc,true
45408,2026-04-21 09:10:05+00,polygon-usdc-usdfc,true
45409,2026-04-21 09:15:02+00,eth-usdfc,true
45410,2026-04-21 09:15:03+00,fil-usdfc,true
45411,2026-04-21 09:15:05+00,base-usdc-usdfc,true
45412,2026-04-21 09:15:08+00,polygon-usdc-usdfc,true
45413,2026-04-21 09:20:01+00,eth-usdfc,true
45414,2026-04-21 09:20:02+00,fil-usdfc,true
45415,2026-04-21 09:20:03+00,base-usdc-usdfc,true
45416,2026-04-21 09:20:04+00,polygon-usdc-usdfc,true
45417,2026-04-21 09:25:02+00,eth-usdfc,true
45418,2026-04-21 09:25:08+00,fil-usdfc,true
45419,2026-04-21 09:25:10+00,base-usdc-usdfc,true
45420,2026-04-21 09:25:16+00,polygon-usdc-usdfc,true
45421,2026-04-21 09:30:02+00,eth-usdfc,true
45422,2026-04-21 09:30:03+00,fil-usdfc,true
45423,2026-04-21 09:30:04+00,base-usdc-usdfc,true
45424,2026-04-21 09:30:05+00,polygon-usdc-usdfc,true
45425,2026-04-21 09:35:01+00,eth-usdfc,true
45426,2026-04-21 09:35:14+00,fil-usdfc,true
45427,2026-04-21 09:35:15+00,base-usdc-usdfc,true
45428,2026-04-21 09:35:16+00,polygon-usdc-usdfc,true
45429,2026-04-21 09:40:01+00,eth-usdfc,true
45430,2026-04-21 09:40:03+00,fil-usdfc,true
45431,2026-04-21 09:40:04+00,base-usdc-usdfc,true
45432,2026-04-21 09:40:05+00,polygon-usdc-usdfc,true
45433,2026-04-21 09:45:02+00,eth-usdfc,true
45434,2026-04-21 09:45:05+00,fil-usdfc,true
45435,2026-04-21 09:45:06+00,base-usdc-usdfc,true
45436,2026-04-21 09:45:07+00,polygon-usdc-usdfc,true
45438,2026-04-21 09:50:02+00,fil-usdfc,true
45437,2026-04-21 09:50:02+00,eth-usdfc,true
45439,2026-04-21 09:50:03+00,base-usdc-usdfc,true
45440,2026-04-21 09:50:04+00,polygon-usdc-usdfc,true
45441,2026-04-21 09:55:02+00,eth-usdfc,true
45442,2026-04-21 09:55:03+00,fil-usdfc,true
45443,2026-04-21 09:55:04+00,base-usdc-usdfc,true
45444,2026-04-21 09:55:05+00,polygon-usdc-usdfc,true
45445,2026-04-21 10:00:02+00,eth-usdfc,true
45446,2026-04-21 10:00:03+00,fil-usdfc,true
45447,2026-04-21 10:00:04+00,base-usdc-usdfc,true
45448,2026-04-21 10:00:05+00,polygon-usdc-usdfc,true
45449,2026-04-21 10:05:02+00,eth-usdfc,true
45450,2026-04-21 10:05:03+00,fil-usdfc,true
45451,2026-04-21 10:05:04+00,base-usdc-usdfc,true
45452,2026-04-21 10:05:05+00,polygon-usdc-usdfc,true
45453,2026-04-21 10:10:02+00,eth-usdfc,true
45454,2026-04-21 10:10:03+00,fil-usdfc,true
45455,2026-04-21 10:10:04+00,base-usdc-usdfc,true
45456,2026-04-21 10:10:05+00,polygon-usdc-usdfc,true
45457,2026-04-21 10:15:01+00,eth-usdfc,true
45458,2026-04-21 10:15:05+00,fil-usdfc,true
45459,2026-04-21 10:15:07+00,base-usdc-usdfc,true
45460,2026-04-21 10:15:08+00,polygon-usdc-usdfc,true
45461,2026-04-21 10:20:02+00,eth-usdfc,true
45462,2026-04-21 10:20:04+00,fil-usdfc,true
45463,2026-04-21 10:20:05+00,base-usdc-usdfc,true
45464,2026-04-21 10:20:06+00,polygon-usdc-usdfc,true
45465,2026-04-21 10:25:02+00,eth-usdfc,true
45466,2026-04-21 10:25:03+00,fil-usdfc,true
45467,2026-04-21 10:25:04+00,base-usdc-usdfc,true
45468,2026-04-21 10:25:05+00,polygon-usdc-usdfc,true
45469,2026-04-21 10:30:02+00,eth-usdfc,true
45470,2026-04-21 10:30:03+00,fil-usdfc,true
45471,2026-04-21 10:30:05+00,base-usdc-usdfc,true
45472,2026-04-21 10:30:06+00,polygon-usdc-usdfc,true
45473,2026-04-21 10:35:02+00,eth-usdfc,true
45475,2026-04-21 10:35:03+00,base-usdc-usdfc,true
45474,2026-04-21 10:35:03+00,fil-usdfc,true
45476,2026-04-21 10:35:04+00,polygon-usdc-usdfc,true
45477,2026-04-21 10:40:01+00,eth-usdfc,true
45478,2026-04-21 10:40:02+00,fil-usdfc,true
45479,2026-04-21 10:40:03+00,base-usdc-usdfc,true
45480,2026-04-21 10:40:05+00,polygon-usdc-usdfc,true
45481,2026-04-21 10:45:02+00,eth-usdfc,true
45482,2026-04-21 10:45:03+00,fil-usdfc,true
45484,2026-04-21 10:45:04+00,polygon-usdc-usdfc,true
45483,2026-04-21 10:45:04+00,base-usdc-usdfc,true
45485,2026-04-21 10:50:01+00,eth-usdfc,true
45486,2026-04-21 10:50:02+00,fil-usdfc,true
45487,2026-04-21 10:50:04+00,base-usdc-usdfc,true
45488,2026-04-21 10:50:05+00,polygon-usdc-usdfc,true
45489,2026-04-21 10:55:01+00,eth-usdfc,true
45490,2026-04-21 10:55:02+00,fil-usdfc,true
45491,2026-04-21 10:55:03+00,base-usdc-usdfc,true
45492,2026-04-21 10:55:04+00,polygon-usdc-usdfc,true
45493,2026-04-21 11:00:01+00,eth-usdfc,true
45494,2026-04-21 11:00:02+00,fil-usdfc,true
45496,2026-04-21 11:00:04+00,polygon-usdc-usdfc,true
45495,2026-04-21 11:00:04+00,base-usdc-usdfc,true
45497,2026-04-21 11:05:02+00,eth-usdfc,true
45498,2026-04-21 11:05:03+00,fil-usdfc,true
45500,2026-04-21 11:05:04+00,polygon-usdc-usdfc,true
45499,2026-04-21 11:05:04+00,base-usdc-usdfc,true
45501,2026-04-21 11:10:02+00,eth-usdfc,true
45502,2026-04-21 11:10:03+00,fil-usdfc,true
45503,2026-04-21 11:10:04+00,base-usdc-usdfc,true
45504,2026-04-21 11:10:05+00,polygon-usdc-usdfc,true
45505,2026-04-21 11:15:02+00,eth-usdfc,true
45506,2026-04-21 11:15:03+00,fil-usdfc,true
45507,2026-04-21 11:15:04+00,base-usdc-usdfc,true
45508,2026-04-21 11:15:05+00,polygon-usdc-usdfc,true
45509,2026-04-21 11:20:02+00,eth-usdfc,true
45510,2026-04-21 11:20:03+00,fil-usdfc,true
45511,2026-04-21 11:20:04+00,base-usdc-usdfc,true
45512,2026-04-21 11:20:05+00,polygon-usdc-usdfc,true
45513,2026-04-21 11:25:01+00,eth-usdfc,true
45514,2026-04-21 11:25:02+00,fil-usdfc,true
45515,2026-04-21 11:25:03+00,base-usdc-usdfc,true
45516,2026-04-21 11:25:04+00,polygon-usdc-usdfc,true
45517,2026-04-21 11:30:02+00,eth-usdfc,true
45518,2026-04-21 11:30:04+00,fil-usdfc,true
45519,2026-04-21 11:30:05+00,base-usdc-usdfc,true
45520,2026-04-21 11:30:06+00,polygon-usdc-usdfc,true
45521,2026-04-21 11:35:02+00,eth-usdfc,true
45522,2026-04-21 11:35:03+00,fil-usdfc,true
45523,2026-04-21 11:35:04+00,base-usdc-usdfc,true
45524,2026-04-21 11:35:06+00,polygon-usdc-usdfc,true
45525,2026-04-21 11:40:01+00,eth-usdfc,true
45526,2026-04-21 11:40:03+00,fil-usdfc,true
45527,2026-04-21 11:40:05+00,base-usdc-usdfc,true
45528,2026-04-21 11:40:06+00,polygon-usdc-usdfc,true
45529,2026-04-21 11:45:01+00,eth-usdfc,true
45530,2026-04-21 11:45:02+00,fil-usdfc,true
45531,2026-04-21 11:45:04+00,base-usdc-usdfc,true
45532,2026-04-21 11:45:05+00,polygon-usdc-usdfc,true
45533,2026-04-21 11:50:02+00,eth-usdfc,true
45534,2026-04-21 11:50:04+00,fil-usdfc,true
45535,2026-04-21 11:50:05+00,base-usdc-usdfc,true
45536,2026-04-21 11:50:07+00,polygon-usdc-usdfc,true
45537,2026-04-21 11:55:02+00,eth-usdfc,true
45538,2026-04-21 11:55:05+00,fil-usdfc,true
45539,2026-04-21 11:55:07+00,base-usdc-usdfc,true
45540,2026-04-21 11:55:08+00,polygon-usdc-usdfc,true
45541,2026-04-21 12:00:02+00,eth-usdfc,true
45542,2026-04-21 12:00:03+00,fil-usdfc,true
45543,2026-04-21 12:00:04+00,base-usdc-usdfc,true
45544,2026-04-21 12:00:05+00,polygon-usdc-usdfc,true
45545,2026-04-21 12:05:02+00,eth-usdfc,true
45546,2026-04-21 12:05:06+00,fil-usdfc,true
45547,2026-04-21 12:05:07+00,base-usdc-usdfc,true
45548,2026-04-21 12:05:08+00,polygon-usdc-usdfc,true
45549,2026-04-21 12:10:02+00,eth-usdfc,true
45550,2026-04-21 12:10:03+00,fil-usdfc,true
45551,2026-04-21 12:10:05+00,base-usdc-usdfc,true
45552,2026-04-21 12:10:06+00,polygon-usdc-usdfc,true
45553,2026-04-21 12:15:02+00,eth-usdfc,true
45555,2026-04-21 12:15:04+00,base-usdc-usdfc,true
45554,2026-04-21 12:15:04+00,fil-usdfc,true
45556,2026-04-21 12:15:05+00,polygon-usdc-usdfc,true
45557,2026-04-21 12:20:02+00,eth-usdfc,true
45558,2026-04-21 12:20:03+00,fil-usdfc,true
45560,2026-04-21 12:20:04+00,polygon-usdc-usdfc,true
45559,2026-04-21 12:20:04+00,base-usdc-usdfc,true
45561,2026-04-21 12:25:01+00,eth-usdfc,true
45562,2026-04-21 12:25:03+00,fil-usdfc,true
45563,2026-04-21 12:25:05+00,base-usdc-usdfc,true
45564,2026-04-21 12:25:06+00,polygon-usdc-usdfc,true
45565,2026-04-21 12:30:02+00,eth-usdfc,true
45566,2026-04-21 12:30:03+00,fil-usdfc,true
45567,2026-04-21 12:30:05+00,base-usdc-usdfc,true
45568,2026-04-21 12:30:06+00,polygon-usdc-usdfc,true
45569,2026-04-21 12:35:02+00,eth-usdfc,true
45570,2026-04-21 12:35:03+00,fil-usdfc,true
45572,2026-04-21 12:35:04+00,polygon-usdc-usdfc,true
45571,2026-04-21 12:35:04+00,base-usdc-usdfc,true
45573,2026-04-21 12:40:01+00,eth-usdfc,true
45574,2026-04-21 12:40:27+00,fil-usdfc,true
45575,2026-04-21 12:40:28+00,base-usdc-usdfc,true
45576,2026-04-21 12:40:30+00,polygon-usdc-usdfc,true
45577,2026-04-21 12:45:02+00,eth-usdfc,true
45578,2026-04-21 12:45:06+00,fil-usdfc,true
45579,2026-04-21 12:45:07+00,base-usdc-usdfc,true
45580,2026-04-21 12:45:08+00,polygon-usdc-usdfc,true
45581,2026-04-21 12:50:02+00,eth-usdfc,true
45582,2026-04-21 12:50:04+00,fil-usdfc,true
45584,2026-04-21 12:50:09+00,polygon-usdc-usdfc,true
45583,2026-04-21 12:50:09+00,base-usdc-usdfc,true
45585,2026-04-21 12:55:01+00,eth-usdfc,true
45586,2026-04-21 12:55:02+00,fil-usdfc,true
45587,2026-04-21 12:55:04+00,base-usdc-usdfc,true
45588,2026-04-21 12:55:05+00,polygon-usdc-usdfc,true
45589,2026-04-21 13:00:02+00,eth-usdfc,true
45590,2026-04-21 13:00:03+00,fil-usdfc,true
45592,2026-04-21 13:00:05+00,polygon-usdc-usdfc,true
45591,2026-04-21 13:00:05+00,base-usdc-usdfc,true
45593,2026-04-21 13:05:02+00,eth-usdfc,true
45594,2026-04-21 13:05:04+00,fil-usdfc,true
45595,2026-04-21 13:05:05+00,base-usdc-usdfc,true
45596,2026-04-21 13:05:07+00,polygon-usdc-usdfc,true
45597,2026-04-21 13:10:02+00,eth-usdfc,true
45598,2026-04-21 13:10:18+00,fil-usdfc,true
45599,2026-04-21 13:10:21+00,base-usdc-usdfc,true
45600,2026-04-21 13:10:22+00,polygon-usdc-usdfc,true
45601,2026-04-21 13:15:01+00,eth-usdfc,true
45602,2026-04-21 13:15:04+00,fil-usdfc,true
45603,2026-04-21 13:15:06+00,base-usdc-usdfc,true
45604,2026-04-21 13:15:21+00,polygon-usdc-usdfc,true
45605,2026-04-21 13:20:01+00,eth-usdfc,true
45606,2026-04-21 13:20:03+00,fil-usdfc,true
45608,2026-04-21 13:20:04+00,polygon-usdc-usdfc,true
45607,2026-04-21 13:20:04+00,base-usdc-usdfc,true
45609,2026-04-21 13:25:02+00,eth-usdfc,true
45610,2026-04-21 13:25:03+00,fil-usdfc,true
45612,2026-04-21 13:25:04+00,polygon-usdc-usdfc,true
45611,2026-04-21 13:25:04+00,base-usdc-usdfc,true
45613,2026-04-21 13:30:01+00,eth-usdfc,true
45614,2026-04-21 13:30:02+00,fil-usdfc,true
45615,2026-04-21 13:30:04+00,base-usdc-usdfc,true
45616,2026-04-21 13:30:05+00,polygon-usdc-usdfc,true
45617,2026-04-21 13:35:02+00,eth-usdfc,true
45618,2026-04-21 13:35:04+00,fil-usdfc,true
45620,2026-04-21 13:35:05+00,polygon-usdc-usdfc,true
45619,2026-04-21 13:35:05+00,base-usdc-usdfc,true
45621,2026-04-21 13:40:02+00,eth-usdfc,true
45622,2026-04-21 13:40:05+00,fil-usdfc,true
45623,2026-04-21 13:40:07+00,base-usdc-usdfc,true
45624,2026-04-21 13:40:09+00,polygon-usdc-usdfc,true
45625,2026-04-21 13:45:01+00,eth-usdfc,true
45626,2026-04-21 13:45:03+00,fil-usdfc,true
45627,2026-04-21 13:45:04+00,base-usdc-usdfc,true
45628,2026-04-21 13:45:07+00,polygon-usdc-usdfc,true
45629,2026-04-21 13:50:01+00,eth-usdfc,true
45630,2026-04-21 13:50:02+00,fil-usdfc,true
45631,2026-04-21 13:50:03+00,base-usdc-usdfc,true
45632,2026-04-21 13:50:06+00,polygon-usdc-usdfc,true
45633,2026-04-21 13:55:02+00,eth-usdfc,true
45634,2026-04-21 13:55:03+00,fil-usdfc,true
45635,2026-04-21 13:55:04+00,base-usdc-usdfc,true
45636,2026-04-21 13:55:05+00,polygon-usdc-usdfc,true
45637,2026-04-21 14:00:01+00,eth-usdfc,true
45638,2026-04-21 14:00:02+00,fil-usdfc,true
45639,2026-04-21 14:00:03+00,base-usdc-usdfc,true
45640,2026-04-21 14:00:04+00,polygon-usdc-usdfc,true
45641,2026-04-21 14:05:01+00,eth-usdfc,true
45642,2026-04-21 14:05:03+00,fil-usdfc,true
45643,2026-04-21 14:05:04+00,base-usdc-usdfc,true
45644,2026-04-21 14:05:05+00,polygon-usdc-usdfc,true
45645,2026-04-21 14:10:01+00,eth-usdfc,true
45646,2026-04-21 14:10:02+00,fil-usdfc,true
45647,2026-04-21 14:10:04+00,base-usdc-usdfc,true
45648,2026-04-21 14:10:05+00,polygon-usdc-usdfc,true
45649,2026-04-21 14:15:02+00,eth-usdfc,true
45650,2026-04-21 14:15:04+00,fil-usdfc,true
45651,2026-04-21 14:15:05+00,base-usdc-usdfc,true
45652,2026-04-21 14:15:06+00,polygon-usdc-usdfc,true
45653,2026-04-21 14:20:02+00,eth-usdfc,true
45654,2026-04-21 14:20:03+00,fil-usdfc,true
45656,2026-04-21 14:20:04+00,polygon-usdc-usdfc,true
45655,2026-04-21 14:20:04+00,base-usdc-usdfc,true
45658,2026-04-21 14:25:02+00,fil-usdfc,true
45657,2026-04-21 14:25:02+00,eth-usdfc,true
45659,2026-04-21 14:25:03+00,base-usdc-usdfc,true
45660,2026-04-21 14:25:04+00,polygon-usdc-usdfc,true
45661,2026-04-21 14:30:02+00,eth-usdfc,true
45662,2026-04-21 14:30:03+00,fil-usdfc,true
45663,2026-04-21 14:30:04+00,base-usdc-usdfc,true
45664,2026-04-21 14:30:05+00,polygon-usdc-usdfc,true
45665,2026-04-21 14:35:01+00,eth-usdfc,true
45666,2026-04-21 14:35:11+00,fil-usdfc,true
45668,2026-04-21 14:35:12+00,polygon-usdc-usdfc,true
45667,2026-04-21 14:35:12+00,base-usdc-usdfc,true
45669,2026-04-21 14:40:01+00,eth-usdfc,true
45670,2026-04-21 14:40:02+00,fil-usdfc,true
45671,2026-04-21 14:40:03+00,base-usdc-usdfc,true
45672,2026-04-21 14:40:05+00,polygon-usdc-usdfc,true
45673,2026-04-21 14:45:02+00,eth-usdfc,true
45674,2026-04-21 14:45:04+00,fil-usdfc,true
45675,2026-04-21 14:45:05+00,base-usdc-usdfc,true
45676,2026-04-21 14:45:07+00,polygon-usdc-usdfc,true
45677,2026-04-21 14:50:02+00,eth-usdfc,true
45678,2026-04-21 14:50:03+00,fil-usdfc,true
45679,2026-04-21 14:50:04+00,base-usdc-usdfc,true
45680,2026-04-21 14:50:05+00,polygon-usdc-usdfc,true
45681,2026-04-21 14:55:02+00,eth-usdfc,true
45682,2026-04-21 14:55:08+00,fil-usdfc,true
45683,2026-04-21 14:55:09+00,base-usdc-usdfc,true
45684,2026-04-21 14:55:12+00,polygon-usdc-usdfc,true
45685,2026-04-21 15:00:02+00,eth-usdfc,true
45686,2026-04-21 15:00:03+00,fil-usdfc,true
45687,2026-04-21 15:00:04+00,base-usdc-usdfc,true
45688,2026-04-21 15:00:05+00,polygon-usdc-usdfc,true
45689,2026-04-21 15:05:02+00,eth-usdfc,true
45690,2026-04-21 15:05:04+00,fil-usdfc,true
45691,2026-04-21 15:05:05+00,base-usdc-usdfc,true
45692,2026-04-21 15:05:06+00,polygon-usdc-usdfc,true
45693,2026-04-21 15:10:02+00,eth-usdfc,true
45694,2026-04-21 15:10:08+00,fil-usdfc,true
45695,2026-04-21 15:10:09+00,base-usdc-usdfc,true
45696,2026-04-21 15:10:11+00,polygon-usdc-usdfc,true
45697,2026-04-21 15:15:02+00,eth-usdfc,true
45698,2026-04-21 15:15:03+00,fil-usdfc,true
45699,2026-04-21 15:15:05+00,base-usdc-usdfc,true
45700,2026-04-21 15:15:06+00,polygon-usdc-usdfc,true
45701,2026-04-21 15:20:01+00,eth-usdfc,true
45702,2026-04-21 15:20:25+00,fil-usdfc,true
45703,2026-04-21 15:20:27+00,base-usdc-usdfc,true
45704,2026-04-21 15:20:29+00,polygon-usdc-usdfc,true
45705,2026-04-21 15:25:02+00,eth-usdfc,true
45706,2026-04-21 15:25:03+00,fil-usdfc,true
45707,2026-04-21 15:25:05+00,base-usdc-usdfc,true
45708,2026-04-21 15:25:06+00,polygon-usdc-usdfc,true
45709,2026-04-21 15:30:01+00,eth-usdfc,true
45710,2026-04-21 15:30:02+00,fil-usdfc,true
45711,2026-04-21 15:30:05+00,base-usdc-usdfc,true
45712,2026-04-21 15:30:06+00,polygon-usdc-usdfc,true
45713,2026-04-21 15:35:02+00,eth-usdfc,true
45714,2026-04-21 15:35:03+00,fil-usdfc,true
45715,2026-04-21 15:35:04+00,base-usdc-usdfc,true
45716,2026-04-21 15:35:05+00,polygon-usdc-usdfc,true
45717,2026-04-21 15:40:02+00,eth-usdfc,true
45718,2026-04-21 15:40:03+00,fil-usdfc,true
45719,2026-04-21 15:40:04+00,base-usdc-usdfc,true
45720,2026-04-21 15:40:05+00,polygon-usdc-usdfc,true
45721,2026-04-21 15:45:02+00,eth-usdfc,true
45722,2026-04-21 15:45:03+00,fil-usdfc,true
45723,2026-04-21 15:45:04+00,base-usdc-usdfc,true
45724,2026-04-21 15:45:05+00,polygon-usdc-usdfc,true
45725,2026-04-21 15:50:02+00,eth-usdfc,true
45726,2026-04-21 15:50:03+00,fil-usdfc,true
45727,2026-04-21 15:50:04+00,base-usdc-usdfc,true
45728,2026-04-21 15:50:05+00,polygon-usdc-usdfc,true
45729,2026-04-21 15:55:01+00,eth-usdfc,true
45731,2026-04-21 15:55:03+00,base-usdc-usdfc,true
45730,2026-04-21 15:55:03+00,fil-usdfc,true
45732,2026-04-21 15:55:04+00,polygon-usdc-usdfc,true
45733,2026-04-21 16:00:01+00,eth-usdfc,true
45734,2026-04-21 16:00:03+00,fil-usdfc,true
45735,2026-04-21 16:00:04+00,base-usdc-usdfc,true
45736,2026-04-21 16:00:05+00,polygon-usdc-usdfc,true
45737,2026-04-21 16:05:02+00,eth-usdfc,true
45738,2026-04-21 16:05:03+00,fil-usdfc,true
45739,2026-04-21 16:05:05+00,base-usdc-usdfc,true
45740,2026-04-21 16:05:06+00,polygon-usdc-usdfc,true
45741,2026-04-21 16:10:01+00,eth-usdfc,true
45742,2026-04-21 16:10:07+00,fil-usdfc,true
45743,2026-04-21 16:10:08+00,base-usdc-usdfc,true
45744,2026-04-21 16:10:09+00,polygon-usdc-usdfc,true
45745,2026-04-21 16:15:02+00,eth-usdfc,true
45746,2026-04-21 16:15:05+00,fil-usdfc,true
45747,2026-04-21 16:15:07+00,base-usdc-usdfc,true
45748,2026-04-21 16:15:09+00,polygon-usdc-usdfc,true
45749,2026-04-21 16:20:02+00,eth-usdfc,true
45750,2026-04-21 16:20:06+00,fil-usdfc,true
45752,2026-04-21 16:20:07+00,polygon-usdc-usdfc,true
45751,2026-04-21 16:20:07+00,base-usdc-usdfc,true
45753,2026-04-21 16:25:02+00,eth-usdfc,true
45754,2026-04-21 16:25:04+00,fil-usdfc,true
45755,2026-04-21 16:25:05+00,base-usdc-usdfc,true
45756,2026-04-21 16:25:07+00,polygon-usdc-usdfc,true
45757,2026-04-21 16:30:02+00,eth-usdfc,true
45758,2026-04-21 16:30:03+00,fil-usdfc,true
45759,2026-04-21 16:30:04+00,base-usdc-usdfc,true
45760,2026-04-21 16:30:17+00,polygon-usdc-usdfc,true
45761,2026-04-21 16:35:02+00,eth-usdfc,true
45762,2026-04-21 16:35:04+00,fil-usdfc,true
45763,2026-04-21 16:35:05+00,base-usdc-usdfc,true
45764,2026-04-21 16:35:07+00,polygon-usdc-usdfc,true
45765,2026-04-21 16:40:02+00,eth-usdfc,true
45766,2026-04-21 16:40:03+00,fil-usdfc,true
45767,2026-04-21 16:40:11+00,base-usdc-usdfc,true
45768,2026-04-21 16:40:15+00,polygon-usdc-usdfc,true
45769,2026-04-21 16:45:02+00,eth-usdfc,true
45770,2026-04-21 16:45:05+00,fil-usdfc,true
45771,2026-04-21 16:45:06+00,base-usdc-usdfc,true
45772,2026-04-21 16:45:07+00,polygon-usdc-usdfc,true
45773,2026-04-21 16:50:02+00,eth-usdfc,true
45774,2026-04-21 16:50:03+00,fil-usdfc,true
45775,2026-04-21 16:50:04+00,base-usdc-usdfc,true
45776,2026-04-21 16:50:05+00,polygon-usdc-usdfc,true
45777,2026-04-21 16:55:02+00,eth-usdfc,true
45778,2026-04-21 16:55:03+00,fil-usdfc,true
45779,2026-04-21 16:55:04+00,base-usdc-usdfc,true
45780,2026-04-21 16:55:05+00,polygon-usdc-usdfc,true
45781,2026-04-21 17:00:02+00,eth-usdfc,true
45782,2026-04-21 17:00:03+00,fil-usdfc,true
45783,2026-04-21 17:00:04+00,base-usdc-usdfc,true
45784,2026-04-21 17:00:06+00,polygon-usdc-usdfc,true
45785,2026-04-21 17:05:01+00,eth-usdfc,true
45786,2026-04-21 17:05:03+00,fil-usdfc,true
45787,2026-04-21 17:05:04+00,base-usdc-usdfc,true
45788,2026-04-21 17:05:05+00,polygon-usdc-usdfc,true
45789,2026-04-21 17:10:01+00,eth-usdfc,true
45790,2026-04-21 17:10:10+00,fil-usdfc,true
45791,2026-04-21 17:10:53+00,base-usdc-usdfc,true
45792,2026-04-21 17:10:56+00,polygon-usdc-usdfc,true
45793,2026-04-21 17:15:02+00,eth-usdfc,true
45794,2026-04-21 17:15:04+00,fil-usdfc,true
45795,2026-04-21 17:15:06+00,base-usdc-usdfc,true
45796,2026-04-21 17:15:08+00,polygon-usdc-usdfc,true
45797,2026-04-21 17:20:02+00,eth-usdfc,true
45798,2026-04-21 17:20:05+00,fil-usdfc,true
45799,2026-04-21 17:20:07+00,base-usdc-usdfc,true
45800,2026-04-21 17:20:09+00,polygon-usdc-usdfc,true
45801,2026-04-21 17:25:02+00,eth-usdfc,true
45802,2026-04-21 17:25:09+00,fil-usdfc,true
45803,2026-04-21 17:25:21+00,base-usdc-usdfc,true
45804,2026-04-21 17:25:30+00,polygon-usdc-usdfc,true
45805,2026-04-21 17:35:01+00,eth-usdfc,true
45806,2026-04-21 17:35:18+00,fil-usdfc,true
45807,2026-04-21 17:35:20+00,base-usdc-usdfc,true
45808,2026-04-21 17:35:33+00,polygon-usdc-usdfc,true
45809,2026-04-21 17:45:02+00,eth-usdfc,true
45810,2026-04-21 17:45:26+00,fil-usdfc,true
45811,2026-04-21 17:45:49+00,base-usdc-usdfc,true
45812,2026-04-21 17:45:55+00,polygon-usdc-usdfc,true
45813,2026-04-21 17:50:02+00,eth-usdfc,true
45814,2026-04-21 17:50:28+00,fil-usdfc,true
45815,2026-04-21 17:50:36+00,base-usdc-usdfc,true
45816,2026-04-21 17:50:40+00,polygon-usdc-usdfc,true
45817,2026-04-21 17:55:01+00,eth-usdfc,true
45818,2026-04-21 17:55:19+00,fil-usdfc,true
45819,2026-04-21 17:55:28+00,base-usdc-usdfc,true
45820,2026-04-21 17:55:35+00,polygon-usdc-usdfc,true
45821,2026-04-21 18:00:01+00,eth-usdfc,true
45822,2026-04-21 18:00:42+00,fil-usdfc,true
45823,2026-04-21 18:00:49+00,base-usdc-usdfc,true
45824,2026-04-21 18:00:55+00,polygon-usdc-usdfc,true
45825,2026-04-21 18:05:02+00,eth-usdfc,true
45826,2026-04-21 18:05:07+00,fil-usdfc,true
45827,2026-04-21 18:05:22+00,base-usdc-usdfc,true
45828,2026-04-21 18:05:28+00,polygon-usdc-usdfc,true
45829,2026-04-21 18:10:02+00,eth-usdfc,true
45830,2026-04-21 18:10:13+00,fil-usdfc,true
45831,2026-04-21 18:10:22+00,base-usdc-usdfc,true
45832,2026-04-21 18:10:56+00,polygon-usdc-usdfc,true
45833,2026-04-21 18:15:02+00,eth-usdfc,true
45834,2026-04-21 18:15:42+00,fil-usdfc,true
45835,2026-04-21 18:15:44+00,base-usdc-usdfc,true
45836,2026-04-21 18:15:47+00,polygon-usdc-usdfc,true
45837,2026-04-21 18:20:02+00,eth-usdfc,true
45838,2026-04-21 18:20:12+00,fil-usdfc,true
45839,2026-04-21 18:20:16+00,base-usdc-usdfc,true
45840,2026-04-21 18:20:20+00,polygon-usdc-usdfc,true
45841,2026-04-21 18:25:02+00,eth-usdfc,true
45842,2026-04-21 18:26:07+00,fil-usdfc,true
45843,2026-04-21 18:26:37+00,base-usdc-usdfc,true
45844,2026-04-21 18:26:54+00,polygon-usdc-usdfc,true
45845,2026-04-21 18:35:02+00,eth-usdfc,true
45846,2026-04-21 18:35:23+00,fil-usdfc,true
45847,2026-04-21 18:35:28+00,base-usdc-usdfc,true
45848,2026-04-21 18:35:32+00,polygon-usdc-usdfc,true
45849,2026-04-21 18:40:02+00,eth-usdfc,true
45850,2026-04-21 18:40:15+00,fil-usdfc,true
45851,2026-04-21 18:40:17+00,base-usdc-usdfc,true
45852,2026-04-21 18:40:23+00,polygon-usdc-usdfc,true
45853,2026-04-21 18:45:01+00,eth-usdfc,true
45854,2026-04-21 18:45:04+00,fil-usdfc,true
45855,2026-04-21 18:45:05+00,base-usdc-usdfc,true
45856,2026-04-21 18:45:15+00,polygon-usdc-usdfc,true
45857,2026-04-21 18:50:02+00,eth-usdfc,true
45858,2026-04-21 18:50:17+00,fil-usdfc,true
45859,2026-04-21 18:50:20+00,base-usdc-usdfc,true
45860,2026-04-21 18:50:21+00,polygon-usdc-usdfc,true
45861,2026-04-21 18:55:01+00,eth-usdfc,true
45862,2026-04-21 18:55:09+00,fil-usdfc,true
45863,2026-04-21 18:55:11+00,base-usdc-usdfc,true
45864,2026-04-21 18:55:16+00,polygon-usdc-usdfc,true
45865,2026-04-21 19:00:01+00,eth-usdfc,true
45866,2026-04-21 19:00:05+00,fil-usdfc,true
45867,2026-04-21 19:00:09+00,base-usdc-usdfc,true
45868,2026-04-21 19:00:14+00,polygon-usdc-usdfc,true
45869,2026-04-21 19:05:02+00,eth-usdfc,true
45870,2026-04-21 19:05:07+00,fil-usdfc,true
45871,2026-04-21 19:05:12+00,base-usdc-usdfc,true
45872,2026-04-21 19:05:15+00,polygon-usdc-usdfc,true
45873,2026-04-21 19:10:02+00,eth-usdfc,true
45874,2026-04-21 19:10:04+00,fil-usdfc,true
45875,2026-04-21 19:10:15+00,base-usdc-usdfc,true
45876,2026-04-21 19:10:18+00,polygon-usdc-usdfc,true
45877,2026-04-21 19:15:01+00,eth-usdfc,true
45878,2026-04-21 19:15:06+00,fil-usdfc,true
45879,2026-04-21 19:15:13+00,base-usdc-usdfc,true
45880,2026-04-21 19:15:17+00,polygon-usdc-usdfc,true
45881,2026-04-21 19:20:02+00,eth-usdfc,true
45882,2026-04-21 19:20:08+00,fil-usdfc,true
45883,2026-04-21 19:20:12+00,base-usdc-usdfc,true
45884,2026-04-21 19:20:17+00,polygon-usdc-usdfc,true
45885,2026-04-21 19:25:03+00,eth-usdfc,true
45886,2026-04-21 19:25:12+00,fil-usdfc,true
45887,2026-04-21 19:25:18+00,base-usdc-usdfc,true
45888,2026-04-21 19:25:50+00,polygon-usdc-usdfc,true
45889,2026-04-21 19:30:02+00,eth-usdfc,true
45890,2026-04-21 19:30:12+00,fil-usdfc,true
45891,2026-04-21 19:30:16+00,base-usdc-usdfc,true
45892,2026-04-21 19:30:22+00,polygon-usdc-usdfc,true
45893,2026-04-21 19:35:02+00,eth-usdfc,true
45894,2026-04-21 19:35:10+00,fil-usdfc,true
45895,2026-04-21 19:35:14+00,base-usdc-usdfc,true
45896,2026-04-21 19:35:21+00,polygon-usdc-usdfc,true
45897,2026-04-21 19:40:01+00,eth-usdfc,true
45898,2026-04-21 19:43:54+00,fil-usdfc,true
45899,2026-04-21 19:44:02+00,base-usdc-usdfc,true
45900,2026-04-21 19:44:41+00,polygon-usdc-usdfc,true
45901,2026-04-21 19:50:02+00,eth-usdfc,true
45902,2026-04-21 19:52:04+00,fil-usdfc,true
45903,2026-04-21 19:52:10+00,base-usdc-usdfc,true
45904,2026-04-21 19:52:16+00,polygon-usdc-usdfc,true
45905,2026-04-21 19:55:02+00,eth-usdfc,true
45906,2026-04-21 19:55:06+00,fil-usdfc,true
45907,2026-04-21 19:55:10+00,base-usdc-usdfc,true
45908,2026-04-21 19:55:16+00,polygon-usdc-usdfc,true
45909,2026-04-21 20:00:02+00,eth-usdfc,true
45910,2026-04-21 20:00:53+00,fil-usdfc,true
45911,2026-04-21 20:01:33+00,base-usdc-usdfc,true
45912,2026-04-21 20:01:37+00,polygon-usdc-usdfc,true
45913,2026-04-21 20:05:02+00,eth-usdfc,true
45914,2026-04-21 20:06:18+00,fil-usdfc,true
45915,2026-04-21 20:06:27+00,base-usdc-usdfc,true
45916,2026-04-21 20:06:32+00,polygon-usdc-usdfc,false
45917,2026-04-21 20:15:01+00,eth-usdfc,true
45918,2026-04-21 20:15:09+00,fil-usdfc,true
45919,2026-04-21 20:15:13+00,base-usdc-usdfc,true
45920,2026-04-21 20:15:23+00,polygon-usdc-usdfc,true
45921,2026-04-21 20:20:01+00,eth-usdfc,true
45922,2026-04-21 20:20:45+00,fil-usdfc,true
45923,2026-04-21 20:20:50+00,base-usdc-usdfc,true
45924,2026-04-21 20:21:00+00,polygon-usdc-usdfc,true
45925,2026-04-21 20:25:02+00,eth-usdfc,true
45926,2026-04-21 20:25:10+00,fil-usdfc,true
45927,2026-04-21 20:25:13+00,base-usdc-usdfc,true
45928,2026-04-21 20:25:19+00,polygon-usdc-usdfc,true
45929,2026-04-21 20:30:01+00,eth-usdfc,true
45930,2026-04-21 20:32:25+00,fil-usdfc,true
45931,2026-04-21 20:32:31+00,base-usdc-usdfc,true
45932,2026-04-21 20:32:36+00,polygon-usdc-usdfc,true
45933,2026-04-21 20:35:01+00,eth-usdfc,false
45934,2026-04-21 20:35:13+00,fil-usdfc,true
45935,2026-04-21 20:36:23+00,base-usdc-usdfc,true
45936,2026-04-21 20:36:48+00,polygon-usdc-usdfc,true
45937,2026-04-21 20:40:02+00,eth-usdfc,true
45938,2026-04-21 20:40:05+00,fil-usdfc,true
45939,2026-04-21 20:40:16+00,base-usdc-usdfc,true
45940,2026-04-21 20:40:21+00,polygon-usdc-usdfc,true
45941,2026-04-21 20:45:02+00,eth-usdfc,true
45942,2026-04-21 20:45:13+00,fil-usdfc,true
45943,2026-04-21 20:45:25+00,base-usdc-usdfc,true
45944,2026-04-21 20:45:36+00,polygon-usdc-usdfc,true
45945,2026-04-21 20:50:02+00,eth-usdfc,true
45946,2026-04-21 20:52:33+00,fil-usdfc,true
45947,2026-04-21 20:53:26+00,base-usdc-usdfc,true
45948,2026-04-21 20:53:31+00,polygon-usdc-usdfc,true
45949,2026-04-21 20:55:02+00,eth-usdfc,true
45950,2026-04-21 20:55:03+00,fil-usdfc,true
45951,2026-04-21 20:55:04+00,base-usdc-usdfc,true
45952,2026-04-21 20:55:05+00,polygon-usdc-usdfc,true
45953,2026-04-21 21:00:02+00,eth-usdfc,true
45954,2026-04-21 21:00:09+00,fil-usdfc,true
45955,2026-04-21 21:00:11+00,base-usdc-usdfc,true
45956,2026-04-21 21:00:15+00,polygon-usdc-usdfc,true
45957,2026-04-21 21:05:11+00,eth-usdfc,true
45958,2026-04-21 21:05:16+00,fil-usdfc,true
45959,2026-04-21 21:05:17+00,base-usdc-usdfc,true
45960,2026-04-21 21:05:20+00,polygon-usdc-usdfc,true
45961,2026-04-21 21:10:02+00,eth-usdfc,true
45962,2026-04-21 21:10:15+00,fil-usdfc,true
45963,2026-04-21 21:10:22+00,base-usdc-usdfc,true
45964,2026-04-21 21:10:24+00,polygon-usdc-usdfc,true
45965,2026-04-21 21:15:02+00,eth-usdfc,true
45966,2026-04-21 21:15:14+00,fil-usdfc,true
45967,2026-04-21 21:15:18+00,base-usdc-usdfc,true
45968,2026-04-21 21:15:23+00,polygon-usdc-usdfc,true
45969,2026-04-21 21:20:02+00,eth-usdfc,true
45970,2026-04-21 21:20:10+00,fil-usdfc,false
45971,2026-04-21 21:20:11+00,base-usdc-usdfc,false
45972,2026-04-21 21:20:22+00,polygon-usdc-usdfc,false
45973,2026-04-21 21:25:01+00,eth-usdfc,true
45974,2026-04-21 21:25:04+00,fil-usdfc,true
45975,2026-04-21 21:25:08+00,base-usdc-usdfc,true
45976,2026-04-21 21:25:20+00,polygon-usdc-usdfc,true
45977,2026-04-21 21:30:01+00,eth-usdfc,true
45978,2026-04-21 21:30:11+00,fil-usdfc,true
45979,2026-04-21 21:30:14+00,base-usdc-usdfc,true
45980,2026-04-21 21:30:20+00,polygon-usdc-usdfc,true
45981,2026-04-21 21:35:01+00,eth-usdfc,true
45982,2026-04-21 21:35:06+00,fil-usdfc,true
45983,2026-04-21 21:35:08+00,base-usdc-usdfc,true
45984,2026-04-21 21:35:09+00,polygon-usdc-usdfc,true
45985,2026-04-21 21:40:02+00,eth-usdfc,true
45986,2026-04-21 21:40:04+00,fil-usdfc,true
45987,2026-04-21 21:40:10+00,base-usdc-usdfc,true
45988,2026-04-21 21:40:12+00,polygon-usdc-usdfc,true
45989,2026-04-21 21:45:01+00,eth-usdfc,true
45990,2026-04-21 21:45:04+00,fil-usdfc,true
45991,2026-04-21 21:45:14+00,base-usdc-usdfc,true
45992,2026-04-21 21:45:15+00,polygon-usdc-usdfc,true
45993,2026-04-21 21:50:02+00,eth-usdfc,true
45994,2026-04-21 21:50:04+00,fil-usdfc,true
45995,2026-04-21 21:50:06+00,base-usdc-usdfc,true
45996,2026-04-21 21:50:07+00,polygon-usdc-usdfc,true
45997,2026-04-21 21:55:02+00,eth-usdfc,true
45998,2026-04-21 21:55:06+00,fil-usdfc,true
45999,2026-04-21 21:55:08+00,base-usdc-usdfc,true
46000,2026-04-21 21:55:09+00,polygon-usdc-usdfc,true
46001,2026-04-21 22:00:01+00,eth-usdfc,true
46002,2026-04-21 22:00:03+00,fil-usdfc,true
46003,2026-04-21 22:00:04+00,base-usdc-usdfc,true
46004,2026-04-21 22:00:06+00,polygon-usdc-usdfc,true
46005,2026-04-21 22:05:02+00,eth-usdfc,true
46006,2026-04-21 22:05:09+00,fil-usdfc,true
46007,2026-04-21 22:05:10+00,base-usdc-usdfc,true
46008,2026-04-21 22:05:11+00,polygon-usdc-usdfc,true
46009,2026-04-21 22:10:02+00,eth-usdfc,true
46010,2026-04-21 22:10:11+00,fil-usdfc,true
46011,2026-04-21 22:10:13+00,base-usdc-usdfc,true
46012,2026-04-21 22:10:16+00,polygon-usdc-usdfc,true
46013,2026-04-21 22:15:02+00,eth-usdfc,true
46014,2026-04-21 22:15:05+00,fil-usdfc,true
46015,2026-04-21 22:15:07+00,base-usdc-usdfc,true
46016,2026-04-21 22:15:09+00,polygon-usdc-usdfc,true
46017,2026-04-21 22:20:02+00,eth-usdfc,true
46018,2026-04-21 22:20:06+00,fil-usdfc,true
46019,2026-04-21 22:20:08+00,base-usdc-usdfc,true
46020,2026-04-21 22:20:10+00,polygon-usdc-usdfc,true
46021,2026-04-21 22:25:02+00,eth-usdfc,true
46022,2026-04-21 22:25:13+00,fil-usdfc,true
46023,2026-04-21 22:25:17+00,base-usdc-usdfc,true
46024,2026-04-21 22:25:19+00,polygon-usdc-usdfc,true
46025,2026-04-21 22:30:01+00,eth-usdfc,true
46026,2026-04-21 22:30:12+00,fil-usdfc,true
46027,2026-04-21 22:30:15+00,base-usdc-usdfc,true
46028,2026-04-21 22:30:16+00,polygon-usdc-usdfc,true
46029,2026-04-21 22:35:02+00,eth-usdfc,true
46030,2026-04-21 22:35:10+00,fil-usdfc,true
46031,2026-04-21 22:35:14+00,base-usdc-usdfc,true
46032,2026-04-21 22:35:17+00,polygon-usdc-usdfc,true
46033,2026-04-21 22:40:02+00,eth-usdfc,true
46034,2026-04-21 22:40:14+00,fil-usdfc,true
46035,2026-04-21 22:40:17+00,base-usdc-usdfc,true
46036,2026-04-21 22:40:20+00,polygon-usdc-usdfc,true
46037,2026-04-21 22:45:02+00,eth-usdfc,true
46038,2026-04-21 22:45:08+00,fil-usdfc,true
46039,2026-04-21 22:45:11+00,base-usdc-usdfc,true
46040,2026-04-21 22:45:12+00,polygon-usdc-usdfc,true
46041,2026-04-21 22:50:02+00,eth-usdfc,true
46042,2026-04-21 22:50:04+00,fil-usdfc,true
46043,2026-04-21 22:50:09+00,base-usdc-usdfc,true
46044,2026-04-21 22:50:11+00,polygon-usdc-usdfc,true
46045,2026-04-21 22:55:02+00,eth-usdfc,true
46046,2026-04-21 22:55:06+00,fil-usdfc,true
46047,2026-04-21 22:55:12+00,base-usdc-usdfc,true
46048,2026-04-21 22:55:13+00,polygon-usdc-usdfc,true
46049,2026-04-21 23:00:02+00,eth-usdfc,true
46050,2026-04-21 23:00:10+00,fil-usdfc,true
46051,2026-04-21 23:00:15+00,base-usdc-usdfc,true
46052,2026-04-21 23:00:17+00,polygon-usdc-usdfc,true
46053,2026-04-21 23:05:02+00,eth-usdfc,true
46054,2026-04-21 23:05:07+00,fil-usdfc,true
46055,2026-04-21 23:05:09+00,base-usdc-usdfc,true
46056,2026-04-21 23:05:10+00,polygon-usdc-usdfc,true
46057,2026-04-21 23:10:01+00,eth-usdfc,true
46058,2026-04-21 23:10:12+00,fil-usdfc,true
46059,2026-04-21 23:10:19+00,base-usdc-usdfc,true
46060,2026-04-21 23:10:21+00,polygon-usdc-usdfc,true
46061,2026-04-21 23:15:02+00,eth-usdfc,true
46062,2026-04-21 23:15:05+00,fil-usdfc,true
46063,2026-04-21 23:15:10+00,base-usdc-usdfc,true
46064,2026-04-21 23:15:11+00,polygon-usdc-usdfc,true
46065,2026-04-21 23:20:02+00,eth-usdfc,true
46066,2026-04-21 23:20:06+00,fil-usdfc,true
46067,2026-04-21 23:20:08+00,base-usdc-usdfc,true
46068,2026-04-21 23:20:13+00,polygon-usdc-usdfc,true
46069,2026-04-21 23:25:02+00,eth-usdfc,true
46070,2026-04-21 23:25:04+00,fil-usdfc,true
46071,2026-04-21 23:25:09+00,base-usdc-usdfc,true
46072,2026-04-21 23:25:11+00,polygon-usdc-usdfc,true
46073,2026-04-21 23:30:02+00,eth-usdfc,true
46074,2026-04-21 23:30:06+00,fil-usdfc,true
46075,2026-04-21 23:30:08+00,base-usdc-usdfc,true
46076,2026-04-21 23:30:12+00,polygon-usdc-usdfc,true
46077,2026-04-21 23:35:02+00,eth-usdfc,true
46078,2026-04-21 23:35:05+00,fil-usdfc,true
46079,2026-04-21 23:35:07+00,base-usdc-usdfc,true
46080,2026-04-21 23:35:12+00,polygon-usdc-usdfc,true
46081,2026-04-21 23:40:02+00,eth-usdfc,true
46082,2026-04-21 23:40:12+00,fil-usdfc,true
46083,2026-04-21 23:40:13+00,base-usdc-usdfc,true
46084,2026-04-21 23:40:15+00,polygon-usdc-usdfc,true
46085,2026-04-21 23:45:01+00,eth-usdfc,true
46086,2026-04-21 23:45:07+00,fil-usdfc,true
46087,2026-04-21 23:45:10+00,base-usdc-usdfc,true
46088,2026-04-21 23:45:16+00,polygon-usdc-usdfc,true
46089,2026-04-21 23:50:01+00,eth-usdfc,true
46090,2026-04-21 23:50:10+00,fil-usdfc,true
46091,2026-04-21 23:50:13+00,base-usdc-usdfc,true
46092,2026-04-21 23:50:15+00,polygon-usdc-usdfc,true
46093,2026-04-21 23:55:02+00,eth-usdfc,true
46094,2026-04-21 23:55:04+00,fil-usdfc,true
46095,2026-04-21 23:55:06+00,base-usdc-usdfc,true
46096,2026-04-21 23:55:11+00,polygon-usdc-usdfc,true
46097,2026-04-22 00:00:02+00,eth-usdfc,true
46098,2026-04-22 00:00:04+00,fil-usdfc,true
46099,2026-04-22 00:00:10+00,base-usdc-usdfc,true
46100,2026-04-22 00:00:11+00,polygon-usdc-usdfc,true
46101,2026-04-22 00:05:02+00,eth-usdfc,true
46102,2026-04-22 00:05:11+00,fil-usdfc,true
46103,2026-04-22 00:05:13+00,base-usdc-usdfc,true
46104,2026-04-22 00:05:14+00,polygon-usdc-usdfc,true
46105,2026-04-22 00:10:02+00,eth-usdfc,true
46106,2026-04-22 00:10:06+00,fil-usdfc,true
46107,2026-04-22 00:10:08+00,base-usdc-usdfc,true
46108,2026-04-22 00:10:09+00,polygon-usdc-usdfc,true
46109,2026-04-22 00:15:02+00,eth-usdfc,true
46110,2026-04-22 00:15:04+00,fil-usdfc,true
46111,2026-04-22 00:15:13+00,base-usdc-usdfc,true
46112,2026-04-22 00:15:25+00,polygon-usdc-usdfc,true
46113,2026-04-22 00:20:02+00,eth-usdfc,true
46114,2026-04-22 00:20:05+00,fil-usdfc,true
46115,2026-04-22 00:20:06+00,base-usdc-usdfc,true
46116,2026-04-22 00:20:10+00,polygon-usdc-usdfc,true
46117,2026-04-22 00:25:02+00,eth-usdfc,true
46118,2026-04-22 00:25:09+00,fil-usdfc,true
46119,2026-04-22 00:25:14+00,base-usdc-usdfc,true
46120,2026-04-22 00:25:17+00,polygon-usdc-usdfc,true
46121,2026-04-22 00:30:02+00,eth-usdfc,true
46122,2026-04-22 00:30:08+00,fil-usdfc,true
46123,2026-04-22 00:30:10+00,base-usdc-usdfc,true
46124,2026-04-22 00:30:11+00,polygon-usdc-usdfc,true
46125,2026-04-22 00:35:02+00,eth-usdfc,true
46126,2026-04-22 00:35:03+00,fil-usdfc,true
46127,2026-04-22 00:35:06+00,base-usdc-usdfc,true
46128,2026-04-22 00:35:09+00,polygon-usdc-usdfc,true
46129,2026-04-22 00:40:01+00,eth-usdfc,true
46130,2026-04-22 00:40:03+00,fil-usdfc,true
46131,2026-04-22 00:40:05+00,base-usdc-usdfc,true
46132,2026-04-22 00:40:08+00,polygon-usdc-usdfc,true
46133,2026-04-22 00:45:02+00,eth-usdfc,true
46134,2026-04-22 00:45:06+00,fil-usdfc,true
46135,2026-04-22 00:45:08+00,base-usdc-usdfc,true
46136,2026-04-22 00:45:09+00,polygon-usdc-usdfc,true
46137,2026-04-22 00:50:01+00,eth-usdfc,true
46138,2026-04-22 00:50:04+00,fil-usdfc,true
46139,2026-04-22 00:50:05+00,base-usdc-usdfc,true
46140,2026-04-22 00:50:06+00,polygon-usdc-usdfc,true
46141,2026-04-22 00:55:01+00,eth-usdfc,true
46142,2026-04-22 00:55:05+00,fil-usdfc,true
46143,2026-04-22 00:55:06+00,base-usdc-usdfc,true
46144,2026-04-22 00:55:08+00,polygon-usdc-usdfc,true
46145,2026-04-22 01:00:01+00,eth-usdfc,true
46146,2026-04-22 01:00:06+00,fil-usdfc,true
46147,2026-04-22 01:00:09+00,base-usdc-usdfc,true
46148,2026-04-22 01:00:11+00,polygon-usdc-usdfc,true
46149,2026-04-22 01:05:02+00,eth-usdfc,true
46150,2026-04-22 01:05:04+00,fil-usdfc,true
46151,2026-04-22 01:05:16+00,base-usdc-usdfc,true
46152,2026-04-22 01:05:18+00,polygon-usdc-usdfc,true
46153,2026-04-22 01:10:01+00,eth-usdfc,true
46154,2026-04-22 01:10:14+00,fil-usdfc,true
46155,2026-04-22 01:10:16+00,base-usdc-usdfc,true
46156,2026-04-22 01:10:17+00,polygon-usdc-usdfc,true
46157,2026-04-22 01:15:02+00,eth-usdfc,true
46158,2026-04-22 01:15:07+00,fil-usdfc,true
46159,2026-04-22 01:15:08+00,base-usdc-usdfc,true
46160,2026-04-22 01:15:11+00,polygon-usdc-usdfc,true
46161,2026-04-22 01:20:02+00,eth-usdfc,true
46162,2026-04-22 01:20:07+00,fil-usdfc,true
46163,2026-04-22 01:20:09+00,base-usdc-usdfc,true
46164,2026-04-22 01:20:10+00,polygon-usdc-usdfc,true
46165,2026-04-22 01:25:02+00,eth-usdfc,true
46166,2026-04-22 01:25:09+00,fil-usdfc,true
46167,2026-04-22 01:25:11+00,base-usdc-usdfc,true
46168,2026-04-22 01:25:15+00,polygon-usdc-usdfc,true
46169,2026-04-22 01:30:01+00,eth-usdfc,true
46170,2026-04-22 01:30:04+00,fil-usdfc,true
46171,2026-04-22 01:30:06+00,base-usdc-usdfc,true
46172,2026-04-22 01:30:07+00,polygon-usdc-usdfc,true
46173,2026-04-22 01:35:02+00,eth-usdfc,true
46174,2026-04-22 01:35:03+00,fil-usdfc,true
46175,2026-04-22 01:35:04+00,base-usdc-usdfc,true
46176,2026-04-22 01:35:05+00,polygon-usdc-usdfc,true
46177,2026-04-22 01:40:01+00,eth-usdfc,true
46178,2026-04-22 01:40:02+00,fil-usdfc,true
46179,2026-04-22 01:40:04+00,base-usdc-usdfc,true
46180,2026-04-22 01:40:11+00,polygon-usdc-usdfc,true
46181,2026-04-22 01:45:02+00,eth-usdfc,true
46182,2026-04-22 01:45:10+00,fil-usdfc,true
46183,2026-04-22 01:45:12+00,base-usdc-usdfc,true
46184,2026-04-22 01:45:13+00,polygon-usdc-usdfc,true
46185,2026-04-22 01:50:02+00,eth-usdfc,true
46186,2026-04-22 01:50:13+00,fil-usdfc,true
46187,2026-04-22 01:50:18+00,base-usdc-usdfc,true
46188,2026-04-22 01:50:19+00,polygon-usdc-usdfc,true
46189,2026-04-22 01:55:02+00,eth-usdfc,true
46190,2026-04-22 01:55:07+00,fil-usdfc,true
46191,2026-04-22 01:55:08+00,base-usdc-usdfc,true
46192,2026-04-22 01:55:14+00,polygon-usdc-usdfc,true
46193,2026-04-22 02:00:02+00,eth-usdfc,true
46194,2026-04-22 02:00:04+00,fil-usdfc,true
46195,2026-04-22 02:00:06+00,base-usdc-usdfc,true
46196,2026-04-22 02:00:09+00,polygon-usdc-usdfc,true
46197,2026-04-22 02:05:02+00,eth-usdfc,true
46198,2026-04-22 02:05:14+00,fil-usdfc,true
46199,2026-04-22 02:05:16+00,base-usdc-usdfc,true
46200,2026-04-22 02:05:17+00,polygon-usdc-usdfc,true
46201,2026-04-22 02:10:01+00,eth-usdfc,true
46202,2026-04-22 02:10:03+00,fil-usdfc,true
46203,2026-04-22 02:10:07+00,base-usdc-usdfc,true
46204,2026-04-22 02:10:10+00,polygon-usdc-usdfc,true
46205,2026-04-22 02:15:02+00,eth-usdfc,true
46206,2026-04-22 02:15:04+00,fil-usdfc,true
46207,2026-04-22 02:15:06+00,base-usdc-usdfc,true
46208,2026-04-22 02:15:08+00,polygon-usdc-usdfc,true
46209,2026-04-22 02:20:02+00,eth-usdfc,true
46210,2026-04-22 02:20:05+00,fil-usdfc,true
46211,2026-04-22 02:20:07+00,base-usdc-usdfc,true
46212,2026-04-22 02:20:10+00,polygon-usdc-usdfc,true
46213,2026-04-22 02:25:02+00,eth-usdfc,true
46214,2026-04-22 02:25:09+00,fil-usdfc,true
46215,2026-04-22 02:25:12+00,base-usdc-usdfc,true
46216,2026-04-22 02:25:13+00,polygon-usdc-usdfc,true
46217,2026-04-22 02:30:02+00,eth-usdfc,true
46218,2026-04-22 02:30:06+00,fil-usdfc,true
46219,2026-04-22 02:30:08+00,base-usdc-usdfc,true
46220,2026-04-22 02:30:10+00,polygon-usdc-usdfc,true
46221,2026-04-22 02:35:01+00,eth-usdfc,true
46222,2026-04-22 02:35:05+00,fil-usdfc,true
46223,2026-04-22 02:35:07+00,base-usdc-usdfc,true
46224,2026-04-22 02:35:08+00,polygon-usdc-usdfc,true
46225,2026-04-22 02:40:02+00,eth-usdfc,true
46226,2026-04-22 02:40:03+00,fil-usdfc,true
46227,2026-04-22 02:40:04+00,base-usdc-usdfc,true
46228,2026-04-22 02:40:05+00,polygon-usdc-usdfc,true
46229,2026-04-22 02:45:02+00,eth-usdfc,true
46230,2026-04-22 02:45:07+00,fil-usdfc,true
46231,2026-04-22 02:45:09+00,base-usdc-usdfc,true
46232,2026-04-22 02:45:14+00,polygon-usdc-usdfc,true
46233,2026-04-22 02:50:02+00,eth-usdfc,true
46234,2026-04-22 02:50:06+00,fil-usdfc,true
46235,2026-04-22 02:50:08+00,base-usdc-usdfc,true
46236,2026-04-22 02:50:10+00,polygon-usdc-usdfc,true
46237,2026-04-22 02:55:02+00,eth-usdfc,true
46238,2026-04-22 02:55:09+00,fil-usdfc,true
46239,2026-04-22 02:55:10+00,base-usdc-usdfc,true
46240,2026-04-22 02:55:12+00,polygon-usdc-usdfc,true
46241,2026-04-22 03:00:02+00,eth-usdfc,true
46242,2026-04-22 03:00:05+00,fil-usdfc,true
46243,2026-04-22 03:00:09+00,base-usdc-usdfc,true
46244,2026-04-22 03:00:10+00,polygon-usdc-usdfc,true
46245,2026-04-22 03:05:01+00,eth-usdfc,true
46246,2026-04-22 03:05:05+00,fil-usdfc,true
46247,2026-04-22 03:05:09+00,base-usdc-usdfc,true
46248,2026-04-22 03:05:10+00,polygon-usdc-usdfc,true
46249,2026-04-22 03:10:02+00,eth-usdfc,true
46250,2026-04-22 03:10:06+00,fil-usdfc,true
46251,2026-04-22 03:10:08+00,base-usdc-usdfc,true
46252,2026-04-22 03:10:14+00,polygon-usdc-usdfc,false
46253,2026-04-22 03:15:01+00,eth-usdfc,true
46254,2026-04-22 03:15:08+00,fil-usdfc,true
46255,2026-04-22 03:15:12+00,base-usdc-usdfc,true
46256,2026-04-22 03:15:13+00,polygon-usdc-usdfc,true
46257,2026-04-22 03:20:02+00,eth-usdfc,true
46258,2026-04-22 03:20:07+00,fil-usdfc,true
46259,2026-04-22 03:20:10+00,base-usdc-usdfc,true
46260,2026-04-22 03:20:14+00,polygon-usdc-usdfc,false
46261,2026-04-22 03:25:02+00,eth-usdfc,true
46262,2026-04-22 03:25:09+00,fil-usdfc,true
46263,2026-04-22 03:25:11+00,base-usdc-usdfc,true
46264,2026-04-22 03:25:12+00,polygon-usdc-usdfc,true
46265,2026-04-22 03:30:02+00,eth-usdfc,true
46266,2026-04-22 03:30:10+00,fil-usdfc,true
46267,2026-04-22 03:30:13+00,base-usdc-usdfc,true
46268,2026-04-22 03:30:16+00,polygon-usdc-usdfc,true
46269,2026-04-22 03:35:02+00,eth-usdfc,true
46270,2026-04-22 03:35:10+00,fil-usdfc,true
46271,2026-04-22 03:35:19+00,base-usdc-usdfc,true
46272,2026-04-22 03:35:21+00,polygon-usdc-usdfc,true
46273,2026-04-22 03:40:01+00,eth-usdfc,true
46274,2026-04-22 03:40:11+00,fil-usdfc,true
46275,2026-04-22 03:40:13+00,base-usdc-usdfc,true
46276,2026-04-22 03:40:15+00,polygon-usdc-usdfc,true
46277,2026-04-22 03:45:02+00,eth-usdfc,true
46278,2026-04-22 03:45:09+00,fil-usdfc,true
46279,2026-04-22 03:45:12+00,base-usdc-usdfc,true
46280,2026-04-22 03:45:21+00,polygon-usdc-usdfc,true
46281,2026-04-22 03:50:02+00,eth-usdfc,true
46282,2026-04-22 03:50:03+00,fil-usdfc,true
46283,2026-04-22 03:50:05+00,base-usdc-usdfc,true
46284,2026-04-22 03:50:07+00,polygon-usdc-usdfc,true
46285,2026-04-22 03:55:02+00,eth-usdfc,true
46286,2026-04-22 03:55:07+00,fil-usdfc,true
46287,2026-04-22 03:55:08+00,base-usdc-usdfc,true
46288,2026-04-22 03:55:10+00,polygon-usdc-usdfc,true
46289,2026-04-22 04:00:01+00,eth-usdfc,true
46290,2026-04-22 04:00:02+00,fil-usdfc,true
46291,2026-04-22 04:00:03+00,base-usdc-usdfc,true
46292,2026-04-22 04:00:04+00,polygon-usdc-usdfc,true
46293,2026-04-22 04:05:02+00,eth-usdfc,true
46294,2026-04-22 04:05:03+00,fil-usdfc,true
46295,2026-04-22 04:05:05+00,base-usdc-usdfc,true
46296,2026-04-22 04:05:07+00,polygon-usdc-usdfc,true
46297,2026-04-22 04:10:02+00,eth-usdfc,true
46298,2026-04-22 04:10:03+00,fil-usdfc,true
46299,2026-04-22 04:10:05+00,base-usdc-usdfc,true
46300,2026-04-22 04:10:06+00,polygon-usdc-usdfc,true
46301,2026-04-22 04:15:02+00,eth-usdfc,true
46302,2026-04-22 04:15:03+00,fil-usdfc,true
46303,2026-04-22 04:15:04+00,base-usdc-usdfc,true
46304,2026-04-22 04:15:07+00,polygon-usdc-usdfc,true
46305,2026-04-22 04:20:02+00,eth-usdfc,true
46306,2026-04-22 04:20:03+00,fil-usdfc,true
46307,2026-04-22 04:20:04+00,base-usdc-usdfc,true
46308,2026-04-22 04:20:05+00,polygon-usdc-usdfc,true
46309,2026-04-22 04:25:01+00,eth-usdfc,true
46310,2026-04-22 04:25:09+00,fil-usdfc,true
46311,2026-04-22 04:25:11+00,base-usdc-usdfc,true
46312,2026-04-22 04:25:13+00,polygon-usdc-usdfc,true
46313,2026-04-22 04:30:02+00,eth-usdfc,true
46314,2026-04-22 04:30:05+00,fil-usdfc,true
46315,2026-04-22 04:30:07+00,base-usdc-usdfc,true
46316,2026-04-22 04:30:08+00,polygon-usdc-usdfc,true
46317,2026-04-22 04:35:02+00,eth-usdfc,true
46318,2026-04-22 04:35:11+00,fil-usdfc,true
46319,2026-04-22 04:35:14+00,base-usdc-usdfc,true
46320,2026-04-22 04:35:23+00,polygon-usdc-usdfc,true
46321,2026-04-22 04:40:01+00,eth-usdfc,true
46322,2026-04-22 04:40:05+00,fil-usdfc,true
46323,2026-04-22 04:40:06+00,base-usdc-usdfc,true
46324,2026-04-22 04:40:07+00,polygon-usdc-usdfc,true
46325,2026-04-22 04:45:02+00,eth-usdfc,true
46326,2026-04-22 04:45:08+00,fil-usdfc,true
46327,2026-04-22 04:45:13+00,base-usdc-usdfc,true
46328,2026-04-22 04:45:14+00,polygon-usdc-usdfc,true
46329,2026-04-22 04:50:02+00,eth-usdfc,true
46330,2026-04-22 04:50:12+00,fil-usdfc,true
46331,2026-04-22 04:50:15+00,base-usdc-usdfc,true
46332,2026-04-22 04:50:17+00,polygon-usdc-usdfc,true
46333,2026-04-22 04:55:02+00,eth-usdfc,true
46334,2026-04-22 04:55:06+00,fil-usdfc,true
46335,2026-04-22 04:55:08+00,base-usdc-usdfc,true
46336,2026-04-22 04:55:09+00,polygon-usdc-usdfc,true
46337,2026-04-22 05:00:02+00,eth-usdfc,true
46338,2026-04-22 05:00:06+00,fil-usdfc,true
46339,2026-04-22 05:00:08+00,base-usdc-usdfc,true
46340,2026-04-22 05:00:18+00,polygon-usdc-usdfc,true
46341,2026-04-22 05:05:02+00,eth-usdfc,true
46342,2026-04-22 05:05:04+00,fil-usdfc,true
46343,2026-04-22 05:05:05+00,base-usdc-usdfc,true
46344,2026-04-22 05:05:07+00,polygon-usdc-usdfc,true
46345,2026-04-22 05:10:02+00,eth-usdfc,true
46346,2026-04-22 05:10:03+00,fil-usdfc,true
46347,2026-04-22 05:10:09+00,base-usdc-usdfc,true
46348,2026-04-22 05:10:11+00,polygon-usdc-usdfc,true
46349,2026-04-22 05:15:02+00,eth-usdfc,true
46350,2026-04-22 05:15:12+00,fil-usdfc,true
46351,2026-04-22 05:15:16+00,base-usdc-usdfc,true
46352,2026-04-22 05:15:32+00,polygon-usdc-usdfc,true
46353,2026-04-22 05:20:02+00,eth-usdfc,true
46354,2026-04-22 05:20:03+00,fil-usdfc,true
46355,2026-04-22 05:20:04+00,base-usdc-usdfc,true
46356,2026-04-22 05:20:06+00,polygon-usdc-usdfc,true
46357,2026-04-22 05:25:02+00,eth-usdfc,true
46358,2026-04-22 05:25:09+00,fil-usdfc,true
46359,2026-04-22 05:25:11+00,base-usdc-usdfc,true
46360,2026-04-22 05:25:12+00,polygon-usdc-usdfc,true
46361,2026-04-22 05:30:02+00,eth-usdfc,true
46362,2026-04-22 05:30:03+00,fil-usdfc,true
46363,2026-04-22 05:30:05+00,base-usdc-usdfc,true
46364,2026-04-22 05:30:06+00,polygon-usdc-usdfc,true
46365,2026-04-22 05:35:02+00,eth-usdfc,true
46366,2026-04-22 05:35:09+00,fil-usdfc,true
46367,2026-04-22 05:35:12+00,base-usdc-usdfc,true
46368,2026-04-22 05:35:14+00,polygon-usdc-usdfc,true
46369,2026-04-22 05:40:01+00,eth-usdfc,true
46370,2026-04-22 05:40:07+00,fil-usdfc,true
46371,2026-04-22 05:40:09+00,base-usdc-usdfc,true
46372,2026-04-22 05:40:11+00,polygon-usdc-usdfc,true
46373,2026-04-22 05:45:02+00,eth-usdfc,true
46374,2026-04-22 05:45:04+00,fil-usdfc,true
46375,2026-04-22 05:45:10+00,base-usdc-usdfc,true
46376,2026-04-22 05:45:12+00,polygon-usdc-usdfc,true
46377,2026-04-22 05:50:02+00,eth-usdfc,true
46378,2026-04-22 05:50:09+00,fil-usdfc,true
46379,2026-04-22 05:50:11+00,base-usdc-usdfc,true
46380,2026-04-22 05:50:14+00,polygon-usdc-usdfc,true
46381,2026-04-22 05:55:01+00,eth-usdfc,true
46382,2026-04-22 05:55:09+00,fil-usdfc,true
46383,2026-04-22 05:55:10+00,base-usdc-usdfc,true
46384,2026-04-22 05:55:14+00,polygon-usdc-usdfc,true
46385,2026-04-22 06:00:02+00,eth-usdfc,true
46386,2026-04-22 06:00:06+00,fil-usdfc,true
46387,2026-04-22 06:00:08+00,base-usdc-usdfc,true
46388,2026-04-22 06:00:09+00,polygon-usdc-usdfc,true
46389,2026-04-22 06:05:02+00,eth-usdfc,true
46390,2026-04-22 06:05:06+00,fil-usdfc,true
46391,2026-04-22 06:05:08+00,base-usdc-usdfc,true
46392,2026-04-22 06:05:09+00,polygon-usdc-usdfc,true
46393,2026-04-22 06:10:02+00,eth-usdfc,true
46394,2026-04-22 06:10:06+00,fil-usdfc,true
46395,2026-04-22 06:10:10+00,base-usdc-usdfc,true
46396,2026-04-22 06:10:12+00,polygon-usdc-usdfc,true
46397,2026-04-22 06:15:02+00,eth-usdfc,true
46398,2026-04-22 06:15:10+00,fil-usdfc,true
46399,2026-04-22 06:15:11+00,base-usdc-usdfc,true
46400,2026-04-22 06:15:17+00,polygon-usdc-usdfc,true
46401,2026-04-22 06:20:02+00,eth-usdfc,true
46402,2026-04-22 06:20:06+00,fil-usdfc,true
46403,2026-04-22 06:20:07+00,base-usdc-usdfc,true
46404,2026-04-22 06:20:09+00,polygon-usdc-usdfc,true
46405,2026-04-22 06:25:02+00,eth-usdfc,true
46406,2026-04-22 06:25:04+00,fil-usdfc,true
46407,2026-04-22 06:25:07+00,base-usdc-usdfc,true
46408,2026-04-22 06:25:09+00,polygon-usdc-usdfc,true
46409,2026-04-22 06:30:02+00,eth-usdfc,true
46410,2026-04-22 06:30:09+00,fil-usdfc,true
46411,2026-04-22 06:30:14+00,base-usdc-usdfc,true
46412,2026-04-22 06:30:19+00,polygon-usdc-usdfc,true
46413,2026-04-22 06:35:02+00,eth-usdfc,true
46414,2026-04-22 06:35:04+00,fil-usdfc,true
46415,2026-04-22 06:35:06+00,base-usdc-usdfc,true
46416,2026-04-22 06:35:07+00,polygon-usdc-usdfc,true
46417,2026-04-22 06:40:02+00,eth-usdfc,true
46418,2026-04-22 06:40:05+00,fil-usdfc,true
46419,2026-04-22 06:40:07+00,base-usdc-usdfc,true
46420,2026-04-22 06:40:08+00,polygon-usdc-usdfc,true
46421,2026-04-22 06:45:02+00,eth-usdfc,true
46422,2026-04-22 06:45:07+00,fil-usdfc,true
46423,2026-04-22 06:45:09+00,base-usdc-usdfc,true
46424,2026-04-22 06:45:12+00,polygon-usdc-usdfc,true
46425,2026-04-22 06:50:02+00,eth-usdfc,true
46426,2026-04-22 06:50:06+00,fil-usdfc,true
46427,2026-04-22 06:50:08+00,base-usdc-usdfc,true
46428,2026-04-22 06:50:10+00,polygon-usdc-usdfc,true
46429,2026-04-22 06:55:02+00,eth-usdfc,true
46430,2026-04-22 06:55:07+00,fil-usdfc,true
46431,2026-04-22 06:55:09+00,base-usdc-usdfc,true
46432,2026-04-22 06:55:10+00,polygon-usdc-usdfc,true
46433,2026-04-22 07:00:01+00,eth-usdfc,true
46434,2026-04-22 07:00:23+00,fil-usdfc,true
46435,2026-04-22 07:00:34+00,base-usdc-usdfc,true
46436,2026-04-22 07:00:40+00,polygon-usdc-usdfc,true
46437,2026-04-22 07:05:01+00,eth-usdfc,true
46438,2026-04-22 07:05:05+00,fil-usdfc,true
46439,2026-04-22 07:05:10+00,base-usdc-usdfc,true
46440,2026-04-22 07:05:11+00,polygon-usdc-usdfc,true
46441,2026-04-22 07:10:02+00,eth-usdfc,true
46442,2026-04-22 07:10:07+00,fil-usdfc,true
46443,2026-04-22 07:10:08+00,base-usdc-usdfc,true
46444,2026-04-22 07:10:20+00,polygon-usdc-usdfc,true
46445,2026-04-22 07:15:01+00,eth-usdfc,true
46446,2026-04-22 07:15:12+00,fil-usdfc,true
46447,2026-04-22 07:15:13+00,base-usdc-usdfc,true
46448,2026-04-22 07:15:20+00,polygon-usdc-usdfc,true
46449,2026-04-22 07:20:01+00,eth-usdfc,true
46450,2026-04-22 07:20:12+00,fil-usdfc,true
46451,2026-04-22 07:20:21+00,base-usdc-usdfc,true
46452,2026-04-22 07:20:22+00,polygon-usdc-usdfc,true
46453,2026-04-22 07:25:02+00,eth-usdfc,true
46454,2026-04-22 07:25:11+00,fil-usdfc,true
46455,2026-04-22 07:25:14+00,base-usdc-usdfc,true
46456,2026-04-22 07:25:23+00,polygon-usdc-usdfc,true
46457,2026-04-22 07:30:01+00,eth-usdfc,true
46458,2026-04-22 07:30:04+00,fil-usdfc,true
46459,2026-04-22 07:30:07+00,base-usdc-usdfc,true
46460,2026-04-22 07:30:14+00,polygon-usdc-usdfc,true
46461,2026-04-22 07:35:01+00,eth-usdfc,true
46462,2026-04-22 07:35:06+00,fil-usdfc,true
46463,2026-04-22 07:35:08+00,base-usdc-usdfc,true
46464,2026-04-22 07:35:12+00,polygon-usdc-usdfc,true
46465,2026-04-22 07:40:02+00,eth-usdfc,false
46466,2026-04-22 07:40:07+00,fil-usdfc,false
46467,2026-04-22 07:40:10+00,base-usdc-usdfc,false
46468,2026-04-22 07:40:12+00,polygon-usdc-usdfc,true
46469,2026-04-22 07:45:01+00,eth-usdfc,true
46470,2026-04-22 07:45:03+00,fil-usdfc,true
46471,2026-04-22 07:45:07+00,base-usdc-usdfc,true
46472,2026-04-22 07:45:09+00,polygon-usdc-usdfc,true
46473,2026-04-22 07:50:01+00,eth-usdfc,true
46474,2026-04-22 07:50:12+00,fil-usdfc,true
46475,2026-04-22 07:50:14+00,base-usdc-usdfc,true
46476,2026-04-22 07:50:15+00,polygon-usdc-usdfc,true
46477,2026-04-22 07:55:02+00,eth-usdfc,true
46478,2026-04-22 07:55:09+00,fil-usdfc,true
46479,2026-04-22 07:55:15+00,base-usdc-usdfc,true
46480,2026-04-22 07:55:17+00,polygon-usdc-usdfc,true
46481,2026-04-22 08:00:02+00,eth-usdfc,true
46482,2026-04-22 08:00:03+00,fil-usdfc,true
46483,2026-04-22 08:00:04+00,base-usdc-usdfc,true
46484,2026-04-22 08:00:09+00,polygon-usdc-usdfc,true
46485,2026-04-22 08:05:02+00,eth-usdfc,true
46486,2026-04-22 08:05:03+00,fil-usdfc,true
46487,2026-04-22 08:05:05+00,base-usdc-usdfc,true
46488,2026-04-22 08:05:06+00,polygon-usdc-usdfc,true
46489,2026-04-22 08:10:01+00,eth-usdfc,true
46490,2026-04-22 08:10:04+00,fil-usdfc,true
46491,2026-04-22 08:10:06+00,base-usdc-usdfc,true
46492,2026-04-22 08:10:07+00,polygon-usdc-usdfc,true
46493,2026-04-22 08:15:01+00,eth-usdfc,true
46494,2026-04-22 08:15:14+00,fil-usdfc,true
46495,2026-04-22 08:15:16+00,base-usdc-usdfc,true
46496,2026-04-22 08:15:18+00,polygon-usdc-usdfc,true
46497,2026-04-22 08:20:01+00,eth-usdfc,true
46498,2026-04-22 08:20:03+00,fil-usdfc,true
46499,2026-04-22 08:20:14+00,base-usdc-usdfc,false
46500,2026-04-22 08:20:16+00,polygon-usdc-usdfc,true
46501,2026-04-22 08:25:11+00,eth-usdfc,true
46502,2026-04-22 08:25:13+00,fil-usdfc,true
46503,2026-04-22 08:25:15+00,base-usdc-usdfc,true
46504,2026-04-22 08:25:16+00,polygon-usdc-usdfc,true
46505,2026-04-22 08:30:02+00,eth-usdfc,false
46506,2026-04-22 08:30:03+00,fil-usdfc,false
46507,2026-04-22 08:30:04+00,base-usdc-usdfc,false
46508,2026-04-22 08:30:05+00,polygon-usdc-usdfc,false
46509,2026-04-22 08:35:02+00,eth-usdfc,true
46510,2026-04-22 08:35:04+00,fil-usdfc,true
46512,2026-04-22 08:35:05+00,polygon-usdc-usdfc,true
46511,2026-04-22 08:35:05+00,base-usdc-usdfc,true
46513,2026-04-22 08:40:01+00,eth-usdfc,true
46514,2026-04-22 08:40:09+00,fil-usdfc,true
46515,2026-04-22 08:40:13+00,base-usdc-usdfc,true
46516,2026-04-22 08:40:14+00,polygon-usdc-usdfc,true
46517,2026-04-22 08:45:01+00,eth-usdfc,true
46518,2026-04-22 08:45:03+00,fil-usdfc,true
46519,2026-04-22 08:45:04+00,base-usdc-usdfc,true
46520,2026-04-22 08:45:05+00,polygon-usdc-usdfc,true
46521,2026-04-22 08:50:02+00,eth-usdfc,true
46522,2026-04-22 08:50:03+00,fil-usdfc,true
46523,2026-04-22 08:50:04+00,base-usdc-usdfc,true
46524,2026-04-22 08:50:05+00,polygon-usdc-usdfc,true
46525,2026-04-22 08:55:02+00,eth-usdfc,true
46526,2026-04-22 08:55:21+00,fil-usdfc,true
46527,2026-04-22 08:55:22+00,base-usdc-usdfc,true
46528,2026-04-22 08:55:27+00,polygon-usdc-usdfc,true
46529,2026-04-22 09:00:02+00,eth-usdfc,true
46530,2026-04-22 09:00:15+00,fil-usdfc,true
46531,2026-04-22 09:00:17+00,base-usdc-usdfc,true
46532,2026-04-22 09:00:19+00,polygon-usdc-usdfc,true
46533,2026-04-22 09:05:02+00,eth-usdfc,true
46534,2026-04-22 09:05:03+00,fil-usdfc,true
46535,2026-04-22 09:05:04+00,base-usdc-usdfc,true
46536,2026-04-22 09:05:05+00,polygon-usdc-usdfc,true
46537,2026-04-22 09:10:01+00,eth-usdfc,true
46538,2026-04-22 09:10:05+00,fil-usdfc,true
46539,2026-04-22 09:10:07+00,base-usdc-usdfc,true
46540,2026-04-22 09:10:08+00,polygon-usdc-usdfc,true
46541,2026-04-22 09:15:02+00,eth-usdfc,true
46542,2026-04-22 09:15:08+00,fil-usdfc,true
46543,2026-04-22 09:15:10+00,base-usdc-usdfc,true
46544,2026-04-22 09:15:11+00,polygon-usdc-usdfc,true
46545,2026-04-22 09:20:01+00,eth-usdfc,true
46546,2026-04-22 09:20:03+00,fil-usdfc,true
46547,2026-04-22 09:20:05+00,base-usdc-usdfc,true
46548,2026-04-22 09:20:06+00,polygon-usdc-usdfc,true
46549,2026-04-22 09:25:02+00,eth-usdfc,true
46550,2026-04-22 09:25:03+00,fil-usdfc,true
46551,2026-04-22 09:25:05+00,base-usdc-usdfc,true
46552,2026-04-22 09:25:06+00,polygon-usdc-usdfc,true
46553,2026-04-22 09:30:02+00,eth-usdfc,true
46554,2026-04-22 09:30:04+00,fil-usdfc,true
46556,2026-04-22 09:30:06+00,polygon-usdc-usdfc,true
46555,2026-04-22 09:30:06+00,base-usdc-usdfc,true
46557,2026-04-22 09:35:02+00,eth-usdfc,true
46558,2026-04-22 09:35:04+00,fil-usdfc,true
46559,2026-04-22 09:35:05+00,base-usdc-usdfc,true
46560,2026-04-22 09:35:07+00,polygon-usdc-usdfc,true
46561,2026-04-22 09:40:01+00,eth-usdfc,true
46562,2026-04-22 09:40:06+00,fil-usdfc,true
46563,2026-04-22 09:40:07+00,base-usdc-usdfc,true
46564,2026-04-22 09:40:08+00,polygon-usdc-usdfc,true
46565,2026-04-22 09:45:01+00,eth-usdfc,true
46566,2026-04-22 09:45:09+00,fil-usdfc,true
46567,2026-04-22 09:45:13+00,base-usdc-usdfc,true
46568,2026-04-22 09:45:22+00,polygon-usdc-usdfc,true
46569,2026-04-22 09:50:02+00,eth-usdfc,true
46570,2026-04-22 09:50:12+00,fil-usdfc,true
46571,2026-04-22 09:50:14+00,base-usdc-usdfc,true
46572,2026-04-22 09:50:16+00,polygon-usdc-usdfc,true
46573,2026-04-22 09:55:01+00,eth-usdfc,true
46574,2026-04-22 09:55:03+00,fil-usdfc,true
46575,2026-04-22 09:55:09+00,base-usdc-usdfc,true
46576,2026-04-22 09:55:10+00,polygon-usdc-usdfc,true
46577,2026-04-22 10:00:02+00,eth-usdfc,true
46578,2026-04-22 10:00:05+00,fil-usdfc,true
46579,2026-04-22 10:00:09+00,base-usdc-usdfc,true
46580,2026-04-22 10:00:11+00,polygon-usdc-usdfc,true
46581,2026-04-22 10:05:02+00,eth-usdfc,true
46582,2026-04-22 10:05:08+00,fil-usdfc,true
46583,2026-04-22 10:05:11+00,base-usdc-usdfc,true
46584,2026-04-22 10:05:12+00,polygon-usdc-usdfc,true
46585,2026-04-22 10:10:02+00,eth-usdfc,false
46586,2026-04-22 10:10:06+00,fil-usdfc,false
46587,2026-04-22 10:10:07+00,base-usdc-usdfc,false
46588,2026-04-22 10:10:09+00,polygon-usdc-usdfc,false
46589,2026-04-22 10:15:01+00,eth-usdfc,true
46590,2026-04-22 10:15:04+00,fil-usdfc,true
46591,2026-04-22 10:15:06+00,base-usdc-usdfc,true
46592,2026-04-22 10:15:07+00,polygon-usdc-usdfc,true
46593,2026-04-22 10:20:01+00,eth-usdfc,true
46594,2026-04-22 10:20:05+00,fil-usdfc,true
46595,2026-04-22 10:20:07+00,base-usdc-usdfc,true
46596,2026-04-22 10:20:12+00,polygon-usdc-usdfc,true
46597,2026-04-22 10:25:02+00,eth-usdfc,true
46598,2026-04-22 10:25:03+00,fil-usdfc,true
46599,2026-04-22 10:25:04+00,base-usdc-usdfc,true
46600,2026-04-22 10:25:11+00,polygon-usdc-usdfc,true
46601,2026-04-22 10:30:02+00,eth-usdfc,true
46602,2026-04-22 10:30:04+00,fil-usdfc,true
46603,2026-04-22 10:30:06+00,base-usdc-usdfc,true
46604,2026-04-22 10:30:07+00,polygon-usdc-usdfc,true
46605,2026-04-22 10:35:01+00,eth-usdfc,true
46606,2026-04-22 10:35:18+00,fil-usdfc,true
46607,2026-04-22 10:35:20+00,base-usdc-usdfc,true
46608,2026-04-22 10:35:21+00,polygon-usdc-usdfc,true
46609,2026-04-22 10:40:02+00,eth-usdfc,true
46610,2026-04-22 10:40:05+00,fil-usdfc,true
46611,2026-04-22 10:40:13+00,base-usdc-usdfc,true
46612,2026-04-22 10:40:15+00,polygon-usdc-usdfc,false
46613,2026-04-22 10:45:01+00,eth-usdfc,false
46614,2026-04-22 10:45:14+00,fil-usdfc,true
46615,2026-04-22 10:45:16+00,base-usdc-usdfc,true
46616,2026-04-22 10:45:21+00,polygon-usdc-usdfc,true
46617,2026-04-22 10:50:02+00,eth-usdfc,true
46618,2026-04-22 10:50:15+00,fil-usdfc,true
46619,2026-04-22 10:50:16+00,base-usdc-usdfc,true
46620,2026-04-22 10:50:17+00,polygon-usdc-usdfc,true
46621,2026-04-22 10:55:02+00,eth-usdfc,true
46622,2026-04-22 10:55:04+00,fil-usdfc,true
46623,2026-04-22 10:55:08+00,base-usdc-usdfc,true
46624,2026-04-22 10:55:09+00,polygon-usdc-usdfc,true
46625,2026-04-22 11:00:02+00,eth-usdfc,true
46626,2026-04-22 11:00:09+00,fil-usdfc,true
46627,2026-04-22 11:00:11+00,base-usdc-usdfc,true
46628,2026-04-22 11:00:16+00,polygon-usdc-usdfc,true
46629,2026-04-22 11:05:01+00,eth-usdfc,true
46630,2026-04-22 11:05:13+00,fil-usdfc,true
46631,2026-04-22 11:05:16+00,base-usdc-usdfc,true
46632,2026-04-22 11:05:19+00,polygon-usdc-usdfc,true
46633,2026-04-22 11:10:02+00,eth-usdfc,true
46634,2026-04-22 11:10:05+00,fil-usdfc,true
46635,2026-04-22 11:10:06+00,base-usdc-usdfc,true
46636,2026-04-22 11:10:07+00,polygon-usdc-usdfc,true
46637,2026-04-22 11:15:02+00,eth-usdfc,true
46638,2026-04-22 11:15:06+00,fil-usdfc,true
46639,2026-04-22 11:15:10+00,base-usdc-usdfc,true
46640,2026-04-22 11:15:12+00,polygon-usdc-usdfc,true
46641,2026-04-22 11:20:01+00,eth-usdfc,true
46642,2026-04-22 11:20:07+00,fil-usdfc,true
46643,2026-04-22 11:20:08+00,base-usdc-usdfc,true
46644,2026-04-22 11:20:10+00,polygon-usdc-usdfc,true
46645,2026-04-22 11:25:01+00,eth-usdfc,true
46646,2026-04-22 11:25:07+00,fil-usdfc,true
46647,2026-04-22 11:25:09+00,base-usdc-usdfc,true
46648,2026-04-22 11:25:11+00,polygon-usdc-usdfc,true
46649,2026-04-22 11:30:02+00,eth-usdfc,true
46650,2026-04-22 11:30:10+00,fil-usdfc,true
46651,2026-04-22 11:30:13+00,base-usdc-usdfc,true
46652,2026-04-22 11:30:19+00,polygon-usdc-usdfc,true
46653,2026-04-22 11:35:01+00,eth-usdfc,true
46654,2026-04-22 11:35:04+00,fil-usdfc,true
46655,2026-04-22 11:35:06+00,base-usdc-usdfc,true
46656,2026-04-22 11:35:11+00,polygon-usdc-usdfc,true
46657,2026-04-22 11:40:02+00,eth-usdfc,true
46658,2026-04-22 11:40:15+00,fil-usdfc,true
46659,2026-04-22 11:40:17+00,base-usdc-usdfc,true
46660,2026-04-22 11:40:21+00,polygon-usdc-usdfc,true
46661,2026-04-22 11:45:02+00,eth-usdfc,true
46662,2026-04-22 11:45:14+00,fil-usdfc,true
46663,2026-04-22 11:45:17+00,base-usdc-usdfc,true
46664,2026-04-22 11:45:35+00,polygon-usdc-usdfc,true
46665,2026-04-22 11:50:02+00,eth-usdfc,true
46666,2026-04-22 11:50:10+00,fil-usdfc,true
46667,2026-04-22 11:50:13+00,base-usdc-usdfc,true
46668,2026-04-22 11:50:16+00,polygon-usdc-usdfc,true
46669,2026-04-22 11:55:01+00,eth-usdfc,true
46670,2026-04-22 11:55:04+00,fil-usdfc,true
46671,2026-04-22 11:55:05+00,base-usdc-usdfc,true
46672,2026-04-22 11:55:07+00,polygon-usdc-usdfc,true
46673,2026-04-22 12:00:02+00,eth-usdfc,true
46674,2026-04-22 12:01:03+00,fil-usdfc,true
46675,2026-04-22 12:01:17+00,base-usdc-usdfc,true
46676,2026-04-22 12:01:33+00,polygon-usdc-usdfc,true
46677,2026-04-22 12:05:02+00,eth-usdfc,true
46678,2026-04-22 12:05:03+00,fil-usdfc,true
46679,2026-04-22 12:05:04+00,base-usdc-usdfc,true
46680,2026-04-22 12:05:05+00,polygon-usdc-usdfc,true
46681,2026-04-22 12:10:01+00,eth-usdfc,true
46682,2026-04-22 12:10:02+00,fil-usdfc,true
46683,2026-04-22 12:10:03+00,base-usdc-usdfc,true
46684,2026-04-22 12:10:04+00,polygon-usdc-usdfc,true
46685,2026-04-22 12:15:02+00,eth-usdfc,true
46686,2026-04-22 12:15:03+00,fil-usdfc,true
46687,2026-04-22 12:15:05+00,base-usdc-usdfc,true
46688,2026-04-22 12:15:07+00,polygon-usdc-usdfc,true
46689,2026-04-22 12:20:01+00,eth-usdfc,true
46690,2026-04-22 12:20:03+00,fil-usdfc,true
46691,2026-04-22 12:20:04+00,base-usdc-usdfc,true
46692,2026-04-22 12:20:05+00,polygon-usdc-usdfc,true
46693,2026-04-22 12:25:02+00,eth-usdfc,true
46694,2026-04-22 12:25:03+00,fil-usdfc,true
46695,2026-04-22 12:25:04+00,base-usdc-usdfc,true
46696,2026-04-22 12:25:05+00,polygon-usdc-usdfc,true
46697,2026-04-22 12:30:01+00,eth-usdfc,true
46698,2026-04-22 12:30:03+00,fil-usdfc,true
46699,2026-04-22 12:30:04+00,base-usdc-usdfc,true
46700,2026-04-22 12:30:05+00,polygon-usdc-usdfc,true
46701,2026-04-22 12:35:02+00,eth-usdfc,true
46702,2026-04-22 12:35:03+00,fil-usdfc,true
46703,2026-04-22 12:35:04+00,base-usdc-usdfc,true
46704,2026-04-22 12:35:05+00,polygon-usdc-usdfc,true
46705,2026-04-22 12:40:02+00,eth-usdfc,true
46706,2026-04-22 12:40:03+00,fil-usdfc,true
46707,2026-04-22 12:40:05+00,base-usdc-usdfc,true
46708,2026-04-22 12:40:06+00,polygon-usdc-usdfc,true
46709,2026-04-22 12:45:02+00,eth-usdfc,true
46710,2026-04-22 12:45:03+00,fil-usdfc,true
46712,2026-04-22 12:45:04+00,polygon-usdc-usdfc,true
46711,2026-04-22 12:45:04+00,base-usdc-usdfc,true
46713,2026-04-22 12:50:01+00,eth-usdfc,true
46714,2026-04-22 12:50:03+00,fil-usdfc,true
46716,2026-04-22 12:50:04+00,polygon-usdc-usdfc,true
46715,2026-04-22 12:50:04+00,base-usdc-usdfc,true
46717,2026-04-22 12:55:01+00,eth-usdfc,true
46718,2026-04-22 12:55:02+00,fil-usdfc,true
46719,2026-04-22 12:55:03+00,base-usdc-usdfc,true
46720,2026-04-22 12:55:04+00,polygon-usdc-usdfc,true
46721,2026-04-22 13:00:11+00,eth-usdfc,false
46722,2026-04-22 13:00:13+00,fil-usdfc,false
46723,2026-04-22 13:00:14+00,base-usdc-usdfc,false
46724,2026-04-22 13:00:16+00,polygon-usdc-usdfc,false
46725,2026-04-22 13:05:02+00,eth-usdfc,true
46726,2026-04-22 13:05:03+00,fil-usdfc,true
46727,2026-04-22 13:05:04+00,base-usdc-usdfc,true
46728,2026-04-22 13:05:05+00,polygon-usdc-usdfc,true
46729,2026-04-22 13:10:02+00,eth-usdfc,true
46730,2026-04-22 13:10:03+00,fil-usdfc,true
46731,2026-04-22 13:10:04+00,base-usdc-usdfc,true
46732,2026-04-22 13:10:05+00,polygon-usdc-usdfc,true
46733,2026-04-22 13:15:02+00,eth-usdfc,true
46734,2026-04-22 13:15:03+00,fil-usdfc,true
46735,2026-04-22 13:15:04+00,base-usdc-usdfc,true
46736,2026-04-22 13:15:05+00,polygon-usdc-usdfc,true
46737,2026-04-22 13:20:02+00,eth-usdfc,false
46738,2026-04-22 13:20:03+00,fil-usdfc,false
46739,2026-04-22 13:20:04+00,base-usdc-usdfc,false
46740,2026-04-22 13:20:05+00,polygon-usdc-usdfc,false
46741,2026-04-22 13:25:02+00,eth-usdfc,true
46742,2026-04-22 13:25:03+00,fil-usdfc,true
46743,2026-04-22 13:25:04+00,base-usdc-usdfc,true
46744,2026-04-22 13:25:05+00,polygon-usdc-usdfc,true
46745,2026-04-22 13:30:01+00,eth-usdfc,true
46746,2026-04-22 13:30:03+00,fil-usdfc,true
46747,2026-04-22 13:30:05+00,base-usdc-usdfc,true
46748,2026-04-22 13:30:11+00,polygon-usdc-usdfc,true
46749,2026-04-22 13:35:01+00,eth-usdfc,true
46750,2026-04-22 13:35:03+00,fil-usdfc,true
46751,2026-04-22 13:35:05+00,base-usdc-usdfc,true
46752,2026-04-22 13:35:07+00,polygon-usdc-usdfc,true
46753,2026-04-22 13:40:02+00,eth-usdfc,true
46754,2026-04-22 13:40:06+00,fil-usdfc,true
46755,2026-04-22 13:40:10+00,base-usdc-usdfc,true
46756,2026-04-22 13:40:15+00,polygon-usdc-usdfc,true
46757,2026-04-22 13:45:02+00,eth-usdfc,true
46758,2026-04-22 13:45:04+00,fil-usdfc,true
46759,2026-04-22 13:45:06+00,base-usdc-usdfc,true
46760,2026-04-22 13:45:08+00,polygon-usdc-usdfc,true
46761,2026-04-22 13:50:02+00,eth-usdfc,true
46762,2026-04-22 13:50:03+00,fil-usdfc,true
46763,2026-04-22 13:50:04+00,base-usdc-usdfc,true
46764,2026-04-22 13:50:06+00,polygon-usdc-usdfc,true
46765,2026-04-22 13:55:01+00,eth-usdfc,true
46766,2026-04-22 13:55:03+00,fil-usdfc,true
46767,2026-04-22 13:55:04+00,base-usdc-usdfc,true
46768,2026-04-22 13:55:05+00,polygon-usdc-usdfc,true
46769,2026-04-22 14:00:01+00,eth-usdfc,true
46770,2026-04-22 14:00:04+00,fil-usdfc,true
46771,2026-04-22 14:00:06+00,base-usdc-usdfc,true
46772,2026-04-22 14:00:07+00,polygon-usdc-usdfc,true
46773,2026-04-22 14:05:01+00,eth-usdfc,true
46774,2026-04-22 14:05:04+00,fil-usdfc,true
46775,2026-04-22 14:05:05+00,base-usdc-usdfc,true
46776,2026-04-22 14:05:06+00,polygon-usdc-usdfc,true
46777,2026-04-22 14:10:02+00,eth-usdfc,true
46778,2026-04-22 14:10:04+00,fil-usdfc,true
46779,2026-04-22 14:10:06+00,base-usdc-usdfc,true
46780,2026-04-22 14:10:08+00,polygon-usdc-usdfc,true
46781,2026-04-22 14:15:02+00,eth-usdfc,true
46783,2026-04-22 14:15:03+00,base-usdc-usdfc,true
46782,2026-04-22 14:15:03+00,fil-usdfc,true
46784,2026-04-22 14:15:05+00,polygon-usdc-usdfc,true
46785,2026-04-22 14:20:02+00,eth-usdfc,true
46786,2026-04-22 14:20:03+00,fil-usdfc,true
46787,2026-04-22 14:20:04+00,base-usdc-usdfc,true
46788,2026-04-22 14:20:05+00,polygon-usdc-usdfc,true
46790,2026-04-22 14:25:02+00,fil-usdfc,true
46789,2026-04-22 14:25:02+00,eth-usdfc,true
46791,2026-04-22 14:25:03+00,base-usdc-usdfc,true
46792,2026-04-22 14:25:04+00,polygon-usdc-usdfc,true
46793,2026-04-22 14:30:02+00,eth-usdfc,true
46794,2026-04-22 14:30:04+00,fil-usdfc,true
46795,2026-04-22 14:30:07+00,base-usdc-usdfc,true
46796,2026-04-22 14:30:08+00,polygon-usdc-usdfc,true
46797,2026-04-22 14:35:02+00,eth-usdfc,true
46798,2026-04-22 14:35:03+00,fil-usdfc,true
46799,2026-04-22 14:35:04+00,base-usdc-usdfc,true
46800,2026-04-22 14:35:05+00,polygon-usdc-usdfc,true
46801,2026-04-22 14:40:02+00,eth-usdfc,true
46802,2026-04-22 14:40:04+00,fil-usdfc,true
46803,2026-04-22 14:40:05+00,base-usdc-usdfc,true
46804,2026-04-22 14:40:07+00,polygon-usdc-usdfc,true
46805,2026-04-22 14:45:02+00,eth-usdfc,false
46806,2026-04-22 14:45:07+00,fil-usdfc,false
46807,2026-04-22 14:45:08+00,base-usdc-usdfc,false
46808,2026-04-22 14:45:09+00,polygon-usdc-usdfc,false
46809,2026-04-22 14:50:02+00,eth-usdfc,true
46810,2026-04-22 14:50:04+00,fil-usdfc,true
46811,2026-04-22 14:50:06+00,base-usdc-usdfc,true
46812,2026-04-22 14:50:07+00,polygon-usdc-usdfc,true
46813,2026-04-22 14:55:02+00,eth-usdfc,true
46814,2026-04-22 14:55:03+00,fil-usdfc,true
46815,2026-04-22 14:55:04+00,base-usdc-usdfc,true
46816,2026-04-22 14:55:05+00,polygon-usdc-usdfc,true
46817,2026-04-22 15:00:01+00,eth-usdfc,true
46818,2026-04-22 15:00:03+00,fil-usdfc,true
46819,2026-04-22 15:00:05+00,base-usdc-usdfc,true
46820,2026-04-22 15:00:07+00,polygon-usdc-usdfc,true
46821,2026-04-22 15:05:02+00,eth-usdfc,true
46822,2026-04-22 15:05:03+00,fil-usdfc,true
46823,2026-04-22 15:05:05+00,base-usdc-usdfc,true
46824,2026-04-22 15:05:10+00,polygon-usdc-usdfc,true
46825,2026-04-22 15:10:01+00,eth-usdfc,true
46826,2026-04-22 15:10:03+00,fil-usdfc,true
46827,2026-04-22 15:10:04+00,base-usdc-usdfc,true
46828,2026-04-22 15:10:05+00,polygon-usdc-usdfc,true
46829,2026-04-22 15:15:02+00,eth-usdfc,false
46830,2026-04-22 15:15:03+00,fil-usdfc,false
46831,2026-04-22 15:15:04+00,base-usdc-usdfc,true
46832,2026-04-22 15:15:05+00,polygon-usdc-usdfc,true
46833,2026-04-22 15:20:01+00,eth-usdfc,true
46834,2026-04-22 15:20:03+00,fil-usdfc,true
46835,2026-04-22 15:20:05+00,base-usdc-usdfc,true
46836,2026-04-22 15:20:06+00,polygon-usdc-usdfc,true
46837,2026-04-22 15:25:02+00,eth-usdfc,true
46838,2026-04-22 15:25:04+00,fil-usdfc,true
46839,2026-04-22 15:25:05+00,base-usdc-usdfc,true
46840,2026-04-22 15:25:07+00,polygon-usdc-usdfc,true
46841,2026-04-22 15:30:02+00,eth-usdfc,true
46842,2026-04-22 15:30:03+00,fil-usdfc,true
46843,2026-04-22 15:30:04+00,base-usdc-usdfc,true
46844,2026-04-22 15:30:05+00,polygon-usdc-usdfc,true
46845,2026-04-22 15:35:02+00,eth-usdfc,true
46846,2026-04-22 15:35:03+00,fil-usdfc,true
46847,2026-04-22 15:35:05+00,base-usdc-usdfc,true
46848,2026-04-22 15:35:06+00,polygon-usdc-usdfc,true
46850,2026-04-22 15:40:02+00,fil-usdfc,true
46849,2026-04-22 15:40:02+00,eth-usdfc,true
46851,2026-04-22 15:40:04+00,base-usdc-usdfc,true
46852,2026-04-22 15:40:05+00,polygon-usdc-usdfc,true
46853,2026-04-22 15:45:01+00,eth-usdfc,true
46854,2026-04-22 15:45:03+00,fil-usdfc,true
46855,2026-04-22 15:45:04+00,base-usdc-usdfc,true
46856,2026-04-22 15:45:06+00,polygon-usdc-usdfc,true
46857,2026-04-22 15:50:02+00,eth-usdfc,true
46858,2026-04-22 15:50:03+00,fil-usdfc,true
46859,2026-04-22 15:50:04+00,base-usdc-usdfc,true
46860,2026-04-22 15:50:05+00,polygon-usdc-usdfc,true
46861,2026-04-22 15:55:02+00,eth-usdfc,true
46862,2026-04-22 15:55:03+00,fil-usdfc,true
46863,2026-04-22 15:55:04+00,base-usdc-usdfc,true
46864,2026-04-22 15:55:06+00,polygon-usdc-usdfc,true
46865,2026-04-22 16:00:01+00,eth-usdfc,true
46866,2026-04-22 16:00:03+00,fil-usdfc,true
46867,2026-04-22 16:00:10+00,base-usdc-usdfc,true
46868,2026-04-22 16:00:12+00,polygon-usdc-usdfc,true
46869,2026-04-22 16:05:02+00,eth-usdfc,true
46870,2026-04-22 16:05:03+00,fil-usdfc,true
46871,2026-04-22 16:05:04+00,base-usdc-usdfc,true
46872,2026-04-22 16:05:05+00,polygon-usdc-usdfc,true
46873,2026-04-22 16:10:02+00,eth-usdfc,true
46874,2026-04-22 16:11:08+00,fil-usdfc,true
46875,2026-04-22 16:11:09+00,base-usdc-usdfc,true
46876,2026-04-22 16:11:11+00,polygon-usdc-usdfc,true
46877,2026-04-22 16:15:01+00,eth-usdfc,true
46878,2026-04-22 16:15:03+00,fil-usdfc,true
46879,2026-04-22 16:15:06+00,base-usdc-usdfc,true
46880,2026-04-22 16:15:12+00,polygon-usdc-usdfc,true
46881,2026-04-22 16:20:01+00,eth-usdfc,true
46882,2026-04-22 16:20:04+00,fil-usdfc,true
46883,2026-04-22 16:20:06+00,base-usdc-usdfc,true
46884,2026-04-22 16:20:07+00,polygon-usdc-usdfc,true
46885,2026-04-22 16:25:02+00,eth-usdfc,true
46886,2026-04-22 16:25:03+00,fil-usdfc,true
46887,2026-04-22 16:25:04+00,base-usdc-usdfc,true
46888,2026-04-22 16:25:06+00,polygon-usdc-usdfc,true
46889,2026-04-22 16:30:02+00,eth-usdfc,true
46890,2026-04-22 16:30:03+00,fil-usdfc,true
46891,2026-04-22 16:30:05+00,base-usdc-usdfc,true
46892,2026-04-22 16:30:06+00,polygon-usdc-usdfc,true
46893,2026-04-22 16:35:02+00,eth-usdfc,true
46894,2026-04-22 16:35:03+00,fil-usdfc,true
46895,2026-04-22 16:35:04+00,base-usdc-usdfc,true
46896,2026-04-22 16:35:05+00,polygon-usdc-usdfc,true
46897,2026-04-22 16:40:02+00,eth-usdfc,true
46898,2026-04-22 16:40:03+00,fil-usdfc,true
46899,2026-04-22 16:40:04+00,base-usdc-usdfc,true
46900,2026-04-22 16:40:05+00,polygon-usdc-usdfc,true
46901,2026-04-22 16:45:02+00,eth-usdfc,true
46902,2026-04-22 16:45:03+00,fil-usdfc,true
46903,2026-04-22 16:45:05+00,base-usdc-usdfc,true
46904,2026-04-22 16:45:06+00,polygon-usdc-usdfc,true
46905,2026-04-22 16:50:02+00,eth-usdfc,true
46906,2026-04-22 16:50:04+00,fil-usdfc,true
46907,2026-04-22 16:50:06+00,base-usdc-usdfc,true
46908,2026-04-22 16:50:07+00,polygon-usdc-usdfc,true
46909,2026-04-22 16:55:02+00,eth-usdfc,true
46910,2026-04-22 16:55:03+00,fil-usdfc,true
46911,2026-04-22 16:55:04+00,base-usdc-usdfc,true
46912,2026-04-22 16:55:05+00,polygon-usdc-usdfc,true
46913,2026-04-22 17:00:01+00,eth-usdfc,true
46914,2026-04-22 17:00:03+00,fil-usdfc,true
46915,2026-04-22 17:00:05+00,base-usdc-usdfc,true
46916,2026-04-22 17:00:07+00,polygon-usdc-usdfc,true
46917,2026-04-22 17:05:01+00,eth-usdfc,true
46918,2026-04-22 17:05:07+00,fil-usdfc,true
46919,2026-04-22 17:05:09+00,base-usdc-usdfc,true
46920,2026-04-22 17:05:10+00,polygon-usdc-usdfc,true
46921,2026-04-22 17:10:01+00,eth-usdfc,true
46922,2026-04-22 17:10:02+00,fil-usdfc,true
46923,2026-04-22 17:10:04+00,base-usdc-usdfc,true
46924,2026-04-22 17:10:05+00,polygon-usdc-usdfc,true
46926,2026-04-22 17:15:02+00,fil-usdfc,true
46925,2026-04-22 17:15:02+00,eth-usdfc,true
46927,2026-04-22 17:15:03+00,base-usdc-usdfc,true
46928,2026-04-22 17:15:04+00,polygon-usdc-usdfc,true
46929,2026-04-22 17:20:02+00,eth-usdfc,true
46930,2026-04-22 17:20:03+00,fil-usdfc,true
46931,2026-04-22 17:20:05+00,base-usdc-usdfc,true
46932,2026-04-22 17:20:06+00,polygon-usdc-usdfc,true
46933,2026-04-22 17:25:01+00,eth-usdfc,true
46934,2026-04-22 17:25:02+00,fil-usdfc,true
46935,2026-04-22 17:25:04+00,base-usdc-usdfc,true
46936,2026-04-22 17:25:05+00,polygon-usdc-usdfc,true
46937,2026-04-22 17:30:01+00,eth-usdfc,true
46938,2026-04-22 17:30:03+00,fil-usdfc,true
46939,2026-04-22 17:30:04+00,base-usdc-usdfc,true
46940,2026-04-22 17:30:05+00,polygon-usdc-usdfc,true
46941,2026-04-22 17:35:01+00,eth-usdfc,true
46942,2026-04-22 17:35:03+00,fil-usdfc,true
46943,2026-04-22 17:35:04+00,base-usdc-usdfc,true
46944,2026-04-22 17:35:05+00,polygon-usdc-usdfc,true
46945,2026-04-22 17:40:01+00,eth-usdfc,true
46946,2026-04-22 17:40:03+00,fil-usdfc,true
46947,2026-04-22 17:40:04+00,base-usdc-usdfc,true
46948,2026-04-22 17:40:05+00,polygon-usdc-usdfc,true
46949,2026-04-22 17:45:01+00,eth-usdfc,true
46950,2026-04-22 17:45:03+00,fil-usdfc,true
46951,2026-04-22 17:45:04+00,base-usdc-usdfc,true
46952,2026-04-22 17:45:05+00,polygon-usdc-usdfc,true
46953,2026-04-22 17:50:02+00,eth-usdfc,true
46954,2026-04-22 17:50:03+00,fil-usdfc,true
46955,2026-04-22 17:50:05+00,base-usdc-usdfc,true
46956,2026-04-22 17:50:06+00,polygon-usdc-usdfc,true
46957,2026-04-22 17:55:02+00,eth-usdfc,true
46958,2026-04-22 17:55:03+00,fil-usdfc,true
46959,2026-04-22 17:55:04+00,base-usdc-usdfc,true
46960,2026-04-22 17:55:05+00,polygon-usdc-usdfc,true
46961,2026-04-22 18:00:02+00,eth-usdfc,true
46962,2026-04-22 18:00:03+00,fil-usdfc,true
46963,2026-04-22 18:00:05+00,base-usdc-usdfc,true
46964,2026-04-22 18:00:06+00,polygon-usdc-usdfc,true
46965,2026-04-22 18:05:02+00,eth-usdfc,true
46966,2026-04-22 18:05:03+00,fil-usdfc,true
46967,2026-04-22 18:05:05+00,base-usdc-usdfc,true
46968,2026-04-22 18:05:06+00,polygon-usdc-usdfc,true
46969,2026-04-22 18:10:01+00,eth-usdfc,true
46970,2026-04-22 18:10:03+00,fil-usdfc,true
46971,2026-04-22 18:10:05+00,base-usdc-usdfc,true
46972,2026-04-22 18:10:07+00,polygon-usdc-usdfc,true
46973,2026-04-22 18:15:02+00,eth-usdfc,true
46974,2026-04-22 18:15:03+00,fil-usdfc,true
46975,2026-04-22 18:15:04+00,base-usdc-usdfc,true
46976,2026-04-22 18:15:05+00,polygon-usdc-usdfc,true
46977,2026-04-22 18:20:02+00,eth-usdfc,true
46978,2026-04-22 18:20:04+00,fil-usdfc,true
46979,2026-04-22 18:20:06+00,base-usdc-usdfc,true
46980,2026-04-22 18:20:07+00,polygon-usdc-usdfc,true
46981,2026-04-22 18:25:02+00,eth-usdfc,true
46982,2026-04-22 18:25:03+00,fil-usdfc,true
46983,2026-04-22 18:25:04+00,base-usdc-usdfc,true
46984,2026-04-22 18:25:05+00,polygon-usdc-usdfc,true
46985,2026-04-22 18:30:02+00,eth-usdfc,true
46986,2026-04-22 18:30:03+00,fil-usdfc,true
46987,2026-04-22 18:30:05+00,base-usdc-usdfc,true
46988,2026-04-22 18:30:11+00,polygon-usdc-usdfc,true
46989,2026-04-22 18:35:01+00,eth-usdfc,true
46990,2026-04-22 18:35:02+00,fil-usdfc,true
46991,2026-04-22 18:35:03+00,base-usdc-usdfc,true
46992,2026-04-22 18:35:05+00,polygon-usdc-usdfc,true
46993,2026-04-22 18:40:02+00,eth-usdfc,true
46994,2026-04-22 18:40:03+00,fil-usdfc,true
46996,2026-04-22 18:40:05+00,polygon-usdc-usdfc,true
46995,2026-04-22 18:40:05+00,base-usdc-usdfc,true
46997,2026-04-22 18:45:01+00,eth-usdfc,true
46998,2026-04-22 18:45:03+00,fil-usdfc,true
46999,2026-04-22 18:45:04+00,base-usdc-usdfc,true
47000,2026-04-22 18:45:06+00,polygon-usdc-usdfc,true
47001,2026-04-22 18:50:01+00,eth-usdfc,true
47002,2026-04-22 18:50:02+00,fil-usdfc,true
47003,2026-04-22 18:50:03+00,base-usdc-usdfc,true
47004,2026-04-22 18:50:07+00,polygon-usdc-usdfc,true
47005,2026-04-22 18:55:02+00,eth-usdfc,true
47006,2026-04-22 18:55:03+00,fil-usdfc,true
47007,2026-04-22 18:55:04+00,base-usdc-usdfc,true
47008,2026-04-22 18:55:05+00,polygon-usdc-usdfc,true
47010,2026-04-22 19:00:02+00,fil-usdfc,true
47009,2026-04-22 19:00:02+00,eth-usdfc,true
47011,2026-04-22 19:00:03+00,base-usdc-usdfc,true
47012,2026-04-22 19:00:05+00,polygon-usdc-usdfc,true
47013,2026-04-22 19:05:02+00,eth-usdfc,true
47014,2026-04-22 19:05:04+00,fil-usdfc,true
47015,2026-04-22 19:05:06+00,base-usdc-usdfc,true
47016,2026-04-22 19:05:08+00,polygon-usdc-usdfc,true
47017,2026-04-22 19:10:02+00,eth-usdfc,true
47018,2026-04-22 19:10:03+00,fil-usdfc,true
47019,2026-04-22 19:10:04+00,base-usdc-usdfc,true
47020,2026-04-22 19:10:05+00,polygon-usdc-usdfc,true
47021,2026-04-22 19:15:02+00,eth-usdfc,true
47022,2026-04-22 19:15:04+00,fil-usdfc,true
47023,2026-04-22 19:15:06+00,base-usdc-usdfc,true
47024,2026-04-22 19:15:11+00,polygon-usdc-usdfc,true
47025,2026-04-22 19:20:01+00,eth-usdfc,true
47026,2026-04-22 19:20:03+00,fil-usdfc,true
47027,2026-04-22 19:20:06+00,base-usdc-usdfc,true
47028,2026-04-22 19:20:08+00,polygon-usdc-usdfc,true
47029,2026-04-22 19:25:02+00,eth-usdfc,true
47030,2026-04-22 19:25:04+00,fil-usdfc,true
47031,2026-04-22 19:25:06+00,base-usdc-usdfc,true
47032,2026-04-22 19:25:08+00,polygon-usdc-usdfc,true
47033,2026-04-22 19:30:01+00,eth-usdfc,true
47034,2026-04-22 19:30:03+00,fil-usdfc,true
47035,2026-04-22 19:30:05+00,base-usdc-usdfc,true
47036,2026-04-22 19:30:07+00,polygon-usdc-usdfc,true
47037,2026-04-22 19:35:01+00,eth-usdfc,true
47038,2026-04-22 19:35:02+00,fil-usdfc,true
47039,2026-04-22 19:35:04+00,base-usdc-usdfc,true
47040,2026-04-22 19:35:05+00,polygon-usdc-usdfc,true
47041,2026-04-22 19:40:01+00,eth-usdfc,true
47043,2026-04-22 19:40:03+00,base-usdc-usdfc,true
47042,2026-04-22 19:40:03+00,fil-usdfc,true
47044,2026-04-22 19:40:04+00,polygon-usdc-usdfc,true
47045,2026-04-22 19:45:01+00,eth-usdfc,true
47046,2026-04-22 19:45:03+00,fil-usdfc,true
47047,2026-04-22 19:45:04+00,base-usdc-usdfc,true
47048,2026-04-22 19:45:05+00,polygon-usdc-usdfc,true
47049,2026-04-22 19:50:01+00,eth-usdfc,true
47050,2026-04-22 19:50:03+00,fil-usdfc,true
47051,2026-04-22 19:50:04+00,base-usdc-usdfc,true
47052,2026-04-22 19:50:05+00,polygon-usdc-usdfc,true
47053,2026-04-22 19:55:01+00,eth-usdfc,true
47054,2026-04-22 19:55:02+00,fil-usdfc,true
47055,2026-04-22 19:55:03+00,base-usdc-usdfc,true
47056,2026-04-22 19:55:04+00,polygon-usdc-usdfc,true
47057,2026-04-22 20:00:02+00,eth-usdfc,true
47058,2026-04-22 20:00:03+00,fil-usdfc,true
47059,2026-04-22 20:00:04+00,base-usdc-usdfc,true
47060,2026-04-22 20:00:05+00,polygon-usdc-usdfc,true
47061,2026-04-22 20:05:01+00,eth-usdfc,true
47062,2026-04-22 20:05:03+00,fil-usdfc,true
47063,2026-04-22 20:05:04+00,base-usdc-usdfc,true
47064,2026-04-22 20:05:05+00,polygon-usdc-usdfc,true
47065,2026-04-22 20:10:02+00,eth-usdfc,true
47066,2026-04-22 20:10:03+00,fil-usdfc,true
47067,2026-04-22 20:10:05+00,base-usdc-usdfc,true
47068,2026-04-22 20:10:08+00,polygon-usdc-usdfc,true
47069,2026-04-22 20:15:02+00,eth-usdfc,true
47070,2026-04-22 20:15:03+00,fil-usdfc,true
47071,2026-04-22 20:15:05+00,base-usdc-usdfc,true
47072,2026-04-22 20:15:06+00,polygon-usdc-usdfc,true
47073,2026-04-22 20:20:02+00,eth-usdfc,true
47074,2026-04-22 20:20:03+00,fil-usdfc,true
47075,2026-04-22 20:20:05+00,base-usdc-usdfc,true
47076,2026-04-22 20:20:06+00,polygon-usdc-usdfc,true
47077,2026-04-22 20:25:02+00,eth-usdfc,true
47078,2026-04-22 20:25:03+00,fil-usdfc,true
47079,2026-04-22 20:25:04+00,base-usdc-usdfc,true
47080,2026-04-22 20:25:05+00,polygon-usdc-usdfc,true
47081,2026-04-22 20:30:02+00,eth-usdfc,true
47082,2026-04-22 20:30:03+00,fil-usdfc,true
47083,2026-04-22 20:30:04+00,base-usdc-usdfc,true
47084,2026-04-22 20:30:06+00,polygon-usdc-usdfc,true
47085,2026-04-22 20:35:01+00,eth-usdfc,true
47086,2026-04-22 20:35:03+00,fil-usdfc,true
47087,2026-04-22 20:35:04+00,base-usdc-usdfc,true
47088,2026-04-22 20:35:05+00,polygon-usdc-usdfc,true
47089,2026-04-22 20:40:02+00,eth-usdfc,true
47090,2026-04-22 20:40:03+00,fil-usdfc,true
47091,2026-04-22 20:40:04+00,base-usdc-usdfc,true
47092,2026-04-22 20:40:06+00,polygon-usdc-usdfc,true
47093,2026-04-22 20:45:01+00,eth-usdfc,true
47094,2026-04-22 20:45:02+00,fil-usdfc,true
47095,2026-04-22 20:45:04+00,base-usdc-usdfc,true
47096,2026-04-22 20:45:05+00,polygon-usdc-usdfc,true
47097,2026-04-22 20:50:01+00,eth-usdfc,true
47098,2026-04-22 20:50:02+00,fil-usdfc,true
47099,2026-04-22 20:50:04+00,base-usdc-usdfc,true
47100,2026-04-22 20:50:05+00,polygon-usdc-usdfc,true
47102,2026-04-22 20:55:02+00,fil-usdfc,true
47101,2026-04-22 20:55:02+00,eth-usdfc,true
47103,2026-04-22 20:55:03+00,base-usdc-usdfc,true
47104,2026-04-22 20:55:04+00,polygon-usdc-usdfc,true
47105,2026-04-22 21:00:01+00,eth-usdfc,true
47106,2026-04-22 21:00:02+00,fil-usdfc,true
47107,2026-04-22 21:00:04+00,base-usdc-usdfc,true
47108,2026-04-22 21:00:05+00,polygon-usdc-usdfc,true
47109,2026-04-22 21:05:01+00,eth-usdfc,true
47110,2026-04-22 21:05:02+00,fil-usdfc,true
47111,2026-04-22 21:05:04+00,base-usdc-usdfc,true
47112,2026-04-22 21:05:05+00,polygon-usdc-usdfc,true
47113,2026-04-22 21:10:02+00,eth-usdfc,true
47114,2026-04-22 21:10:03+00,fil-usdfc,true
47115,2026-04-22 21:10:04+00,base-usdc-usdfc,true
47116,2026-04-22 21:10:06+00,polygon-usdc-usdfc,true
47117,2026-04-22 21:15:01+00,eth-usdfc,true
47118,2026-04-22 21:15:02+00,fil-usdfc,true
47120,2026-04-22 21:15:04+00,polygon-usdc-usdfc,true
47119,2026-04-22 21:15:04+00,base-usdc-usdfc,true
47121,2026-04-22 21:20:02+00,eth-usdfc,true
47122,2026-04-22 21:20:03+00,fil-usdfc,true
47123,2026-04-22 21:20:04+00,base-usdc-usdfc,true
47124,2026-04-22 21:20:05+00,polygon-usdc-usdfc,true
47125,2026-04-22 21:25:01+00,eth-usdfc,true
47126,2026-04-22 21:25:03+00,fil-usdfc,true
47127,2026-04-22 21:25:04+00,base-usdc-usdfc,true
47128,2026-04-22 21:25:06+00,polygon-usdc-usdfc,true
47129,2026-04-22 21:30:02+00,eth-usdfc,true
47130,2026-04-22 21:30:03+00,fil-usdfc,true
47132,2026-04-22 21:30:05+00,polygon-usdc-usdfc,true
47131,2026-04-22 21:30:05+00,base-usdc-usdfc,true
47133,2026-04-22 21:35:02+00,eth-usdfc,true
47134,2026-04-22 21:35:03+00,fil-usdfc,true
47135,2026-04-22 21:35:04+00,base-usdc-usdfc,true
47136,2026-04-22 21:35:05+00,polygon-usdc-usdfc,true
47137,2026-04-22 21:40:02+00,eth-usdfc,true
47138,2026-04-22 21:40:04+00,fil-usdfc,true
47139,2026-04-22 21:40:05+00,base-usdc-usdfc,true
47140,2026-04-22 21:40:06+00,polygon-usdc-usdfc,true
47141,2026-04-22 21:45:02+00,eth-usdfc,true
47142,2026-04-22 21:45:03+00,fil-usdfc,true
47143,2026-04-22 21:45:04+00,base-usdc-usdfc,true
47144,2026-04-22 21:45:05+00,polygon-usdc-usdfc,true
47145,2026-04-22 21:50:01+00,eth-usdfc,true
47146,2026-04-22 21:50:03+00,fil-usdfc,true
47147,2026-04-22 21:50:05+00,base-usdc-usdfc,true
47148,2026-04-22 21:50:06+00,polygon-usdc-usdfc,true
47149,2026-04-22 21:55:01+00,eth-usdfc,true
47150,2026-04-22 21:55:02+00,fil-usdfc,true
47151,2026-04-22 21:55:04+00,base-usdc-usdfc,true
47152,2026-04-22 21:55:05+00,polygon-usdc-usdfc,true
47153,2026-04-22 22:00:01+00,eth-usdfc,true
47154,2026-04-22 22:00:03+00,fil-usdfc,true
47155,2026-04-22 22:00:05+00,base-usdc-usdfc,true
47156,2026-04-22 22:00:07+00,polygon-usdc-usdfc,true
47157,2026-04-22 22:05:02+00,eth-usdfc,true
47158,2026-04-22 22:05:03+00,fil-usdfc,true
47159,2026-04-22 22:05:04+00,base-usdc-usdfc,true
47160,2026-04-22 22:05:06+00,polygon-usdc-usdfc,true
47161,2026-04-22 22:10:02+00,eth-usdfc,true
47162,2026-04-22 22:10:03+00,fil-usdfc,true
47163,2026-04-22 22:10:05+00,base-usdc-usdfc,false
47164,2026-04-22 22:10:07+00,polygon-usdc-usdfc,false
47165,2026-04-22 22:15:02+00,eth-usdfc,true
47166,2026-04-22 22:15:03+00,fil-usdfc,true
47167,2026-04-22 22:15:04+00,base-usdc-usdfc,true
47168,2026-04-22 22:15:06+00,polygon-usdc-usdfc,true
47169,2026-04-22 22:20:02+00,eth-usdfc,true
47170,2026-04-22 22:20:03+00,fil-usdfc,true
47171,2026-04-22 22:20:05+00,base-usdc-usdfc,true
47172,2026-04-22 22:20:06+00,polygon-usdc-usdfc,true
47173,2026-04-22 22:25:02+00,eth-usdfc,true
47174,2026-04-22 22:25:03+00,fil-usdfc,true
47176,2026-04-22 22:25:05+00,polygon-usdc-usdfc,true
47175,2026-04-22 22:25:05+00,base-usdc-usdfc,true
47177,2026-04-22 22:30:02+00,eth-usdfc,true
47178,2026-04-22 22:30:04+00,fil-usdfc,true
47179,2026-04-22 22:30:05+00,base-usdc-usdfc,true
47180,2026-04-22 22:30:07+00,polygon-usdc-usdfc,true
47181,2026-04-22 22:35:02+00,eth-usdfc,true
47182,2026-04-22 22:35:03+00,fil-usdfc,true
47183,2026-04-22 22:35:04+00,base-usdc-usdfc,true
47184,2026-04-22 22:35:05+00,polygon-usdc-usdfc,true
47185,2026-04-22 22:40:01+00,eth-usdfc,true
47186,2026-04-22 22:40:03+00,fil-usdfc,true
47187,2026-04-22 22:40:05+00,base-usdc-usdfc,true
47188,2026-04-22 22:40:06+00,polygon-usdc-usdfc,true
47189,2026-04-22 22:45:01+00,eth-usdfc,true
47190,2026-04-22 22:45:02+00,fil-usdfc,true
47191,2026-04-22 22:45:03+00,base-usdc-usdfc,true
47192,2026-04-22 22:45:04+00,polygon-usdc-usdfc,true
47193,2026-04-22 22:50:01+00,eth-usdfc,true
47194,2026-04-22 22:50:02+00,fil-usdfc,true
47195,2026-04-22 22:50:04+00,base-usdc-usdfc,true
47196,2026-04-22 22:50:05+00,polygon-usdc-usdfc,true
47197,2026-04-22 22:55:01+00,eth-usdfc,true
47198,2026-04-22 22:55:03+00,fil-usdfc,true
47199,2026-04-22 22:55:04+00,base-usdc-usdfc,true
47200,2026-04-22 22:55:07+00,polygon-usdc-usdfc,true
47201,2026-04-22 23:00:02+00,eth-usdfc,true
47202,2026-04-22 23:00:03+00,fil-usdfc,true
47203,2026-04-22 23:00:05+00,base-usdc-usdfc,true
47204,2026-04-22 23:00:06+00,polygon-usdc-usdfc,true
47205,2026-04-22 23:05:02+00,eth-usdfc,true
47206,2026-04-22 23:05:04+00,fil-usdfc,true
47208,2026-04-22 23:05:05+00,polygon-usdc-usdfc,true
47207,2026-04-22 23:05:05+00,base-usdc-usdfc,true
47209,2026-04-22 23:10:02+00,eth-usdfc,true
47210,2026-04-22 23:10:04+00,fil-usdfc,true
47211,2026-04-22 23:10:05+00,base-usdc-usdfc,true
47212,2026-04-22 23:10:07+00,polygon-usdc-usdfc,true
47213,2026-04-22 23:15:02+00,eth-usdfc,true
47214,2026-04-22 23:15:03+00,fil-usdfc,true
47215,2026-04-22 23:15:04+00,base-usdc-usdfc,true
47216,2026-04-22 23:15:05+00,polygon-usdc-usdfc,true
47217,2026-04-22 23:20:01+00,eth-usdfc,true
47218,2026-04-22 23:20:03+00,fil-usdfc,true
47220,2026-04-22 23:20:04+00,polygon-usdc-usdfc,true
47219,2026-04-22 23:20:04+00,base-usdc-usdfc,true
47221,2026-04-22 23:25:01+00,eth-usdfc,true
47222,2026-04-22 23:25:02+00,fil-usdfc,true
47223,2026-04-22 23:25:04+00,base-usdc-usdfc,true
47224,2026-04-22 23:25:05+00,polygon-usdc-usdfc,true
47225,2026-04-22 23:30:01+00,eth-usdfc,true
47226,2026-04-22 23:30:03+00,fil-usdfc,true
47228,2026-04-22 23:30:05+00,polygon-usdc-usdfc,true
47227,2026-04-22 23:30:05+00,base-usdc-usdfc,true
47229,2026-04-22 23:35:02+00,eth-usdfc,true
47230,2026-04-22 23:35:03+00,fil-usdfc,true
47231,2026-04-22 23:35:04+00,base-usdc-usdfc,true
47232,2026-04-22 23:35:05+00,polygon-usdc-usdfc,true
47233,2026-04-22 23:40:02+00,eth-usdfc,true
47234,2026-04-22 23:40:03+00,fil-usdfc,true
47236,2026-04-22 23:40:05+00,polygon-usdc-usdfc,true
47235,2026-04-22 23:40:05+00,base-usdc-usdfc,true
47237,2026-04-22 23:45:01+00,eth-usdfc,true
47238,2026-04-22 23:45:04+00,fil-usdfc,true
47239,2026-04-22 23:45:05+00,base-usdc-usdfc,true
47240,2026-04-22 23:45:06+00,polygon-usdc-usdfc,true
47241,2026-04-22 23:50:01+00,eth-usdfc,true
47242,2026-04-22 23:50:03+00,fil-usdfc,true
47243,2026-04-22 23:50:04+00,base-usdc-usdfc,true
47244,2026-04-22 23:50:05+00,polygon-usdc-usdfc,true
47245,2026-04-22 23:55:01+00,eth-usdfc,true
47246,2026-04-22 23:55:02+00,fil-usdfc,true
47247,2026-04-22 23:55:03+00,base-usdc-usdfc,true
47248,2026-04-22 23:55:04+00,polygon-usdc-usdfc,true
47249,2026-04-23 00:00:02+00,eth-usdfc,true
47250,2026-04-23 00:00:04+00,fil-usdfc,true
47251,2026-04-23 00:00:05+00,base-usdc-usdfc,true
47252,2026-04-23 00:00:06+00,polygon-usdc-usdfc,true
47253,2026-04-23 00:05:02+00,eth-usdfc,true
47254,2026-04-23 00:05:03+00,fil-usdfc,true
47256,2026-04-23 00:05:05+00,polygon-usdc-usdfc,true
47255,2026-04-23 00:05:05+00,base-usdc-usdfc,true
47258,2026-04-23 00:10:02+00,fil-usdfc,true
47257,2026-04-23 00:10:02+00,eth-usdfc,true
47259,2026-04-23 00:10:03+00,base-usdc-usdfc,true
47260,2026-04-23 00:10:04+00,polygon-usdc-usdfc,true
47261,2026-04-23 00:15:02+00,eth-usdfc,true
47262,2026-04-23 00:15:03+00,fil-usdfc,true
47263,2026-04-23 00:15:04+00,base-usdc-usdfc,true
47264,2026-04-23 00:15:05+00,polygon-usdc-usdfc,true
47265,2026-04-23 00:20:01+00,eth-usdfc,true
47266,2026-04-23 00:20:02+00,fil-usdfc,true
47267,2026-04-23 00:20:03+00,base-usdc-usdfc,true
47268,2026-04-23 00:20:04+00,polygon-usdc-usdfc,true
47269,2026-04-23 00:25:01+00,eth-usdfc,true
47270,2026-04-23 00:25:03+00,fil-usdfc,true
47271,2026-04-23 00:25:04+00,base-usdc-usdfc,true
47272,2026-04-23 00:25:05+00,polygon-usdc-usdfc,true
47273,2026-04-23 00:30:02+00,eth-usdfc,true
47274,2026-04-23 00:30:04+00,fil-usdfc,true
47275,2026-04-23 00:30:05+00,base-usdc-usdfc,true
47276,2026-04-23 00:30:06+00,polygon-usdc-usdfc,true
47277,2026-04-23 00:35:02+00,eth-usdfc,true
47278,2026-04-23 00:35:03+00,fil-usdfc,true
47279,2026-04-23 00:35:04+00,base-usdc-usdfc,true
47280,2026-04-23 00:35:06+00,polygon-usdc-usdfc,true
1,2026-04-23 00:35:25+00,eth-usdfc,true
2,2026-04-23 00:35:26+00,fil-usdfc,true
4,2026-04-23 00:35:28+00,polygon-usdc-usdfc,true
3,2026-04-23 00:35:28+00,base-usdc-usdfc,true
5,2026-04-23 00:42:40+00,eth-usdfc,true
6,2026-04-23 00:42:41+00,fil-usdfc,true
7,2026-04-23 00:42:42+00,base-usdc-usdfc,true
8,2026-04-23 00:42:43+00,polygon-usdc-usdfc,true
9,2026-04-23 00:47:45+00,eth-usdfc,true
10,2026-04-23 00:47:46+00,fil-usdfc,true
11,2026-04-23 00:47:47+00,base-usdc-usdfc,true
12,2026-04-23 00:47:48+00,polygon-usdc-usdfc,true
13,2026-04-23 00:52:50+00,eth-usdfc,true
14,2026-04-23 00:52:51+00,fil-usdfc,true
16,2026-04-23 00:52:52+00,polygon-usdc-usdfc,true
15,2026-04-23 00:52:52+00,base-usdc-usdfc,true
17,2026-04-23 00:57:54+00,eth-usdfc,true
18,2026-04-23 00:57:55+00,fil-usdfc,true
19,2026-04-23 00:57:56+00,base-usdc-usdfc,true
20,2026-04-23 00:57:57+00,polygon-usdc-usdfc,true
21,2026-04-23 01:02:59+00,eth-usdfc,true
22,2026-04-23 01:03:01+00,fil-usdfc,true
23,2026-04-23 01:03:02+00,base-usdc-usdfc,true
24,2026-04-23 01:03:07+00,polygon-usdc-usdfc,true
25,2026-04-23 01:08:12+00,eth-usdfc,false
26,2026-04-23 01:08:14+00,fil-usdfc,false
27,2026-04-23 01:08:18+00,base-usdc-usdfc,false
28,2026-04-23 01:08:20+00,polygon-usdc-usdfc,false
29,2026-04-23 01:13:24+00,eth-usdfc,true
30,2026-04-23 01:13:25+00,fil-usdfc,true
32,2026-04-23 01:13:26+00,polygon-usdc-usdfc,true
31,2026-04-23 01:13:26+00,base-usdc-usdfc,true
33,2026-04-23 01:18:28+00,eth-usdfc,true
34,2026-04-23 01:18:29+00,fil-usdfc,true
35,2026-04-23 01:18:30+00,base-usdc-usdfc,true
36,2026-04-23 01:18:31+00,polygon-usdc-usdfc,true
37,2026-04-23 01:23:33+00,eth-usdfc,true
38,2026-04-23 01:23:34+00,fil-usdfc,true
39,2026-04-23 01:23:35+00,base-usdc-usdfc,true
40,2026-04-23 01:23:36+00,polygon-usdc-usdfc,true
41,2026-04-23 01:28:38+00,eth-usdfc,true
42,2026-04-23 01:28:39+00,fil-usdfc,true
44,2026-04-23 01:28:40+00,polygon-usdc-usdfc,true
43,2026-04-23 01:28:40+00,base-usdc-usdfc,true
45,2026-04-23 01:33:42+00,eth-usdfc,true
46,2026-04-23 01:33:43+00,fil-usdfc,true
47,2026-04-23 01:33:44+00,base-usdc-usdfc,true
48,2026-04-23 01:33:45+00,polygon-usdc-usdfc,true
50,2026-04-23 01:38:47+00,fil-usdfc,true
49,2026-04-23 01:38:47+00,eth-usdfc,true
52,2026-04-23 01:38:49+00,polygon-usdc-usdfc,true
51,2026-04-23 01:38:49+00,base-usdc-usdfc,true
53,2026-04-23 01:43:53+00,eth-usdfc,true
54,2026-04-23 01:43:54+00,fil-usdfc,true
55,2026-04-23 01:43:58+00,base-usdc-usdfc,true
56,2026-04-23 01:43:59+00,polygon-usdc-usdfc,true
58,2026-04-23 01:49:01+00,fil-usdfc,true
57,2026-04-23 01:49:01+00,eth-usdfc,true
59,2026-04-23 01:49:02+00,base-usdc-usdfc,true
60,2026-04-23 01:49:03+00,polygon-usdc-usdfc,true
61,2026-04-23 01:54:10+00,eth-usdfc,true
62,2026-04-23 01:54:12+00,fil-usdfc,true
63,2026-04-23 01:54:13+00,base-usdc-usdfc,true
64,2026-04-23 01:54:14+00,polygon-usdc-usdfc,true
65,2026-04-23 01:59:22+00,eth-usdfc,true
66,2026-04-23 01:59:23+00,fil-usdfc,true
67,2026-04-23 01:59:24+00,base-usdc-usdfc,true
68,2026-04-23 01:59:25+00,polygon-usdc-usdfc,true
69,2026-04-23 02:04:27+00,eth-usdfc,true
70,2026-04-23 02:04:31+00,fil-usdfc,true
71,2026-04-23 02:04:33+00,base-usdc-usdfc,true
72,2026-04-23 02:04:34+00,polygon-usdc-usdfc,true
73,2026-04-23 02:09:40+00,eth-usdfc,true
75,2026-04-23 02:09:41+00,base-usdc-usdfc,true
74,2026-04-23 02:09:41+00,fil-usdfc,true
76,2026-04-23 02:09:42+00,polygon-usdc-usdfc,true
78,2026-04-23 02:14:46+00,fil-usdfc,true
77,2026-04-23 02:14:46+00,eth-usdfc,true
79,2026-04-23 02:14:47+00,base-usdc-usdfc,true
80,2026-04-23 02:14:49+00,polygon-usdc-usdfc,true
81,2026-04-23 02:19:53+00,eth-usdfc,true
82,2026-04-23 02:19:54+00,fil-usdfc,true
83,2026-04-23 02:19:55+00,base-usdc-usdfc,true
84,2026-04-23 02:19:56+00,polygon-usdc-usdfc,true
85,2026-04-23 02:24:58+00,eth-usdfc,true
86,2026-04-23 02:24:59+00,fil-usdfc,true
87,2026-04-23 02:25:00+00,base-usdc-usdfc,true
88,2026-04-23 02:25:01+00,polygon-usdc-usdfc,true
89,2026-04-23 02:30:02+00,eth-usdfc,true
90,2026-04-23 02:30:04+00,fil-usdfc,true
91,2026-04-23 02:30:05+00,base-usdc-usdfc,true
92,2026-04-23 02:30:06+00,polygon-usdc-usdfc,true
97,2026-04-23 02:38:54+00,eth-usdfc,true
98,2026-04-23 02:38:55+00,fil-usdfc,true
99,2026-04-23 02:38:57+00,base-usdc-usdfc,true
100,2026-04-23 02:38:58+00,polygon-usdc-usdfc,true
101,2026-04-23 02:43:59+00,eth-usdfc,true
102,2026-04-23 02:44:00+00,fil-usdfc,true
103,2026-04-23 02:44:01+00,base-usdc-usdfc,true
104,2026-04-23 02:44:02+00,polygon-usdc-usdfc,true
105,2026-04-23 02:49:03+00,eth-usdfc,true
106,2026-04-23 02:49:04+00,fil-usdfc,true
107,2026-04-23 02:49:05+00,base-usdc-usdfc,true
108,2026-04-23 02:49:06+00,polygon-usdc-usdfc,true
110,2026-04-23 02:54:08+00,fil-usdfc,true
109,2026-04-23 02:54:08+00,eth-usdfc,true
111,2026-04-23 02:54:09+00,base-usdc-usdfc,true
112,2026-04-23 02:54:10+00,polygon-usdc-usdfc,true
113,2026-04-23 02:59:11+00,eth-usdfc,true
114,2026-04-23 02:59:13+00,fil-usdfc,true
115,2026-04-23 02:59:15+00,base-usdc-usdfc,true
116,2026-04-23 02:59:16+00,polygon-usdc-usdfc,true
121,2026-04-23 03:04:22+00,eth-usdfc,true
122,2026-04-23 03:04:23+00,fil-usdfc,true
123,2026-04-23 03:04:24+00,base-usdc-usdfc,true
124,2026-04-23 03:04:25+00,polygon-usdc-usdfc,true
125,2026-04-23 03:09:26+00,eth-usdfc,true
126,2026-04-23 03:09:27+00,fil-usdfc,true
127,2026-04-23 03:09:28+00,base-usdc-usdfc,true
128,2026-04-23 03:09:29+00,polygon-usdc-usdfc,true
130,2026-04-23 03:14:30+00,fil-usdfc,true
129,2026-04-23 03:14:30+00,eth-usdfc,true
131,2026-04-23 03:14:32+00,base-usdc-usdfc,true
132,2026-04-23 03:14:33+00,polygon-usdc-usdfc,true
133,2026-04-23 03:19:34+00,eth-usdfc,true
135,2026-04-23 03:19:35+00,base-usdc-usdfc,true
134,2026-04-23 03:19:35+00,fil-usdfc,true
136,2026-04-23 03:19:36+00,polygon-usdc-usdfc,true
137,2026-04-23 03:24:37+00,eth-usdfc,true
138,2026-04-23 03:24:38+00,fil-usdfc,true
139,2026-04-23 03:24:39+00,base-usdc-usdfc,true
140,2026-04-23 03:24:40+00,polygon-usdc-usdfc,true
146,2026-04-23 03:29:47+00,fil-usdfc,true
145,2026-04-23 03:29:47+00,eth-usdfc,true
147,2026-04-23 03:29:48+00,base-usdc-usdfc,true
148,2026-04-23 03:29:49+00,polygon-usdc-usdfc,true
149,2026-04-23 03:34:50+00,eth-usdfc,true
150,2026-04-23 03:34:52+00,fil-usdfc,true
151,2026-04-23 03:34:53+00,base-usdc-usdfc,true
152,2026-04-23 03:34:55+00,polygon-usdc-usdfc,true
153,2026-04-23 03:39:55+00,eth-usdfc,true
154,2026-04-23 03:39:56+00,fil-usdfc,true
155,2026-04-23 03:39:57+00,base-usdc-usdfc,true
156,2026-04-23 03:39:58+00,polygon-usdc-usdfc,true
157,2026-04-23 03:44:58+00,eth-usdfc,true
158,2026-04-23 03:44:59+00,fil-usdfc,true
159,2026-04-23 03:45:00+00,base-usdc-usdfc,true
160,2026-04-23 03:45:01+00,polygon-usdc-usdfc,true
161,2026-04-23 03:50:02+00,eth-usdfc,true
163,2026-04-23 03:50:03+00,base-usdc-usdfc,true
162,2026-04-23 03:50:03+00,fil-usdfc,true
164,2026-04-23 03:50:04+00,polygon-usdc-usdfc,true
169,2026-04-23 03:55:10+00,eth-usdfc,true
170,2026-04-23 03:55:12+00,fil-usdfc,true
171,2026-04-23 03:55:13+00,base-usdc-usdfc,true
172,2026-04-23 03:55:14+00,polygon-usdc-usdfc,true
174,2026-04-23 04:00:15+00,fil-usdfc,true
173,2026-04-23 04:00:15+00,eth-usdfc,true
175,2026-04-23 04:00:16+00,base-usdc-usdfc,true
176,2026-04-23 04:00:17+00,polygon-usdc-usdfc,true
177,2026-04-23 04:05:18+00,eth-usdfc,false
178,2026-04-23 04:05:19+00,fil-usdfc,false
179,2026-04-23 04:05:20+00,base-usdc-usdfc,false
180,2026-04-23 04:05:21+00,polygon-usdc-usdfc,false
181,2026-04-23 04:10:22+00,eth-usdfc,true
182,2026-04-23 04:10:23+00,fil-usdfc,true
183,2026-04-23 04:10:24+00,base-usdc-usdfc,true
184,2026-04-23 04:10:25+00,polygon-usdc-usdfc,true
185,2026-04-23 04:15:26+00,eth-usdfc,true
186,2026-04-23 04:15:27+00,fil-usdfc,true
187,2026-04-23 04:15:28+00,base-usdc-usdfc,true
188,2026-04-23 04:15:29+00,polygon-usdc-usdfc,true
193,2026-04-23 04:20:35+00,eth-usdfc,true
194,2026-04-23 04:20:37+00,fil-usdfc,true
195,2026-04-23 04:20:38+00,base-usdc-usdfc,true
196,2026-04-23 04:20:39+00,polygon-usdc-usdfc,true
197,2026-04-23 04:25:39+00,eth-usdfc,true
198,2026-04-23 04:25:40+00,fil-usdfc,true
200,2026-04-23 04:25:41+00,polygon-usdc-usdfc,true
199,2026-04-23 04:25:41+00,base-usdc-usdfc,true
201,2026-04-23 04:30:42+00,eth-usdfc,true
202,2026-04-23 04:30:43+00,fil-usdfc,true
203,2026-04-23 04:30:44+00,base-usdc-usdfc,true
204,2026-04-23 04:30:45+00,polygon-usdc-usdfc,true
205,2026-04-23 04:35:45+00,eth-usdfc,true
206,2026-04-23 04:35:46+00,fil-usdfc,true
207,2026-04-23 04:35:47+00,base-usdc-usdfc,true
208,2026-04-23 04:35:48+00,polygon-usdc-usdfc,true
209,2026-04-23 04:40:48+00,eth-usdfc,true
210,2026-04-23 04:40:49+00,fil-usdfc,true
211,2026-04-23 04:40:50+00,base-usdc-usdfc,true
212,2026-04-23 04:40:51+00,polygon-usdc-usdfc,true
217,2026-04-23 04:45:56+00,eth-usdfc,true
218,2026-04-23 04:45:57+00,fil-usdfc,true
219,2026-04-23 04:45:58+00,base-usdc-usdfc,true
220,2026-04-23 04:45:59+00,polygon-usdc-usdfc,true
221,2026-04-23 04:51:00+00,eth-usdfc,true
223,2026-04-23 04:51:01+00,base-usdc-usdfc,true
222,2026-04-23 04:51:01+00,fil-usdfc,true
224,2026-04-23 04:51:02+00,polygon-usdc-usdfc,true
225,2026-04-23 04:56:03+00,eth-usdfc,true
226,2026-04-23 04:56:04+00,fil-usdfc,true
227,2026-04-23 04:56:05+00,base-usdc-usdfc,true
228,2026-04-23 04:56:06+00,polygon-usdc-usdfc,true
229,2026-04-23 05:01:07+00,eth-usdfc,true
230,2026-04-23 05:01:08+00,fil-usdfc,true
231,2026-04-23 05:01:09+00,base-usdc-usdfc,true
232,2026-04-23 05:01:10+00,polygon-usdc-usdfc,true
233,2026-04-23 05:06:10+00,eth-usdfc,true
234,2026-04-23 05:06:11+00,fil-usdfc,true
235,2026-04-23 05:06:12+00,base-usdc-usdfc,true
236,2026-04-23 05:06:13+00,polygon-usdc-usdfc,true
241,2026-04-23 05:11:18+00,eth-usdfc,true
242,2026-04-23 05:11:19+00,fil-usdfc,true
243,2026-04-23 05:11:20+00,base-usdc-usdfc,true
244,2026-04-23 05:11:21+00,polygon-usdc-usdfc,true
245,2026-04-23 05:16:22+00,eth-usdfc,true
246,2026-04-23 05:16:24+00,fil-usdfc,true
247,2026-04-23 05:16:25+00,base-usdc-usdfc,true
248,2026-04-23 05:16:26+00,polygon-usdc-usdfc,true
249,2026-04-23 05:21:27+00,eth-usdfc,true
250,2026-04-23 05:21:28+00,fil-usdfc,true
251,2026-04-23 05:21:29+00,base-usdc-usdfc,true
252,2026-04-23 05:21:30+00,polygon-usdc-usdfc,true
253,2026-04-23 05:26:30+00,eth-usdfc,true
254,2026-04-23 05:26:31+00,fil-usdfc,true
255,2026-04-23 05:26:32+00,base-usdc-usdfc,true
256,2026-04-23 05:26:33+00,polygon-usdc-usdfc,true
257,2026-04-23 05:31:34+00,eth-usdfc,true
258,2026-04-23 05:31:38+00,fil-usdfc,true
259,2026-04-23 05:31:40+00,base-usdc-usdfc,true
260,2026-04-23 05:31:42+00,polygon-usdc-usdfc,true
265,2026-04-23 05:38:00+00,eth-usdfc,true
266,2026-04-23 05:38:05+00,fil-usdfc,true
267,2026-04-23 05:38:13+00,base-usdc-usdfc,true
268,2026-04-23 05:38:14+00,polygon-usdc-usdfc,true
269,2026-04-23 05:43:16+00,eth-usdfc,true
270,2026-04-23 05:43:24+00,fil-usdfc,true
271,2026-04-23 05:43:28+00,base-usdc-usdfc,true
272,2026-04-23 05:43:31+00,polygon-usdc-usdfc,true
273,2026-04-23 05:48:35+00,eth-usdfc,true
274,2026-04-23 05:48:39+00,fil-usdfc,true
275,2026-04-23 05:48:41+00,base-usdc-usdfc,true
276,2026-04-23 05:48:44+00,polygon-usdc-usdfc,true
277,2026-04-23 05:53:53+00,eth-usdfc,true
278,2026-04-23 05:53:58+00,fil-usdfc,true
279,2026-04-23 05:54:00+00,base-usdc-usdfc,true
280,2026-04-23 05:54:08+00,polygon-usdc-usdfc,true
281,2026-04-23 05:59:23+00,eth-usdfc,true
282,2026-04-23 05:59:34+00,fil-usdfc,true
284,2026-04-23 05:59:38+00,polygon-usdc-usdfc,true
283,2026-04-23 05:59:38+00,base-usdc-usdfc,true
288,2026-04-23 06:00:05+00,polygon-usdc-usdfc,true
289,2026-04-23 06:05:18+00,eth-usdfc,true
290,2026-04-23 06:05:47+00,fil-usdfc,true
291,2026-04-23 06:05:49+00,base-usdc-usdfc,true
292,2026-04-23 06:05:56+00,polygon-usdc-usdfc,true
293,2026-04-23 06:10:58+00,eth-usdfc,true
294,2026-04-23 06:11:04+00,fil-usdfc,true
295,2026-04-23 06:11:17+00,base-usdc-usdfc,true
296,2026-04-23 06:11:21+00,polygon-usdc-usdfc,true
297,2026-04-23 06:16:24+00,eth-usdfc,true
298,2026-04-23 06:16:26+00,fil-usdfc,true
299,2026-04-23 06:16:28+00,base-usdc-usdfc,true
300,2026-04-23 06:16:29+00,polygon-usdc-usdfc,true
301,2026-04-23 06:21:32+00,eth-usdfc,true
302,2026-04-23 06:21:33+00,fil-usdfc,true
303,2026-04-23 06:21:34+00,base-usdc-usdfc,true
304,2026-04-23 06:21:39+00,polygon-usdc-usdfc,true
305,2026-04-23 06:26:40+00,eth-usdfc,true
306,2026-04-23 06:26:50+00,fil-usdfc,true
307,2026-04-23 06:26:51+00,base-usdc-usdfc,true
308,2026-04-23 06:26:52+00,polygon-usdc-usdfc,true
313,2026-04-23 06:32:02+00,eth-usdfc,true
314,2026-04-23 06:32:03+00,fil-usdfc,true
315,2026-04-23 06:32:04+00,base-usdc-usdfc,true
316,2026-04-23 06:32:05+00,polygon-usdc-usdfc,true
317,2026-04-23 06:37:05+00,eth-usdfc,true
318,2026-04-23 06:37:07+00,fil-usdfc,true
320,2026-04-23 06:37:08+00,polygon-usdc-usdfc,true
319,2026-04-23 06:37:08+00,base-usdc-usdfc,true
321,2026-04-23 06:42:09+00,eth-usdfc,true
322,2026-04-23 06:42:13+00,fil-usdfc,true
323,2026-04-23 06:42:15+00,base-usdc-usdfc,true
324,2026-04-23 06:42:16+00,polygon-usdc-usdfc,true
325,2026-04-23 06:47:19+00,eth-usdfc,true
327,2026-04-23 06:47:21+00,base-usdc-usdfc,true
326,2026-04-23 06:47:21+00,fil-usdfc,true
328,2026-04-23 06:47:23+00,polygon-usdc-usdfc,true
329,2026-04-23 06:52:23+00,eth-usdfc,true
330,2026-04-23 06:52:24+00,fil-usdfc,true
331,2026-04-23 06:52:25+00,base-usdc-usdfc,true
332,2026-04-23 06:52:26+00,polygon-usdc-usdfc,true
337,2026-04-23 06:57:36+00,eth-usdfc,true
338,2026-04-23 06:57:40+00,fil-usdfc,true
340,2026-04-23 06:57:41+00,polygon-usdc-usdfc,true
339,2026-04-23 06:57:41+00,base-usdc-usdfc,true
341,2026-04-23 07:02:42+00,eth-usdfc,true
342,2026-04-23 07:02:43+00,fil-usdfc,true
344,2026-04-23 07:02:44+00,polygon-usdc-usdfc,true
343,2026-04-23 07:02:44+00,base-usdc-usdfc,true
346,2026-04-23 07:07:46+00,fil-usdfc,true
345,2026-04-23 07:07:46+00,eth-usdfc,true
348,2026-04-23 07:07:48+00,polygon-usdc-usdfc,true
347,2026-04-23 07:07:48+00,base-usdc-usdfc,true
349,2026-04-23 07:12:49+00,eth-usdfc,true
350,2026-04-23 07:12:51+00,fil-usdfc,true
351,2026-04-23 07:12:52+00,base-usdc-usdfc,true
352,2026-04-23 07:12:53+00,polygon-usdc-usdfc,true
353,2026-04-23 07:17:54+00,eth-usdfc,true
354,2026-04-23 07:17:55+00,fil-usdfc,true
355,2026-04-23 07:17:57+00,base-usdc-usdfc,true
356,2026-04-23 07:17:58+00,polygon-usdc-usdfc,true
361,2026-04-23 07:23:12+00,eth-usdfc,true
362,2026-04-23 07:23:16+00,fil-usdfc,true
363,2026-04-23 07:23:19+00,base-usdc-usdfc,true
364,2026-04-23 07:23:22+00,polygon-usdc-usdfc,true
365,2026-04-23 07:28:24+00,eth-usdfc,true
366,2026-04-23 07:28:26+00,fil-usdfc,true
367,2026-04-23 07:28:27+00,base-usdc-usdfc,true
368,2026-04-23 07:28:28+00,polygon-usdc-usdfc,true
370,2026-04-23 07:33:29+00,fil-usdfc,true
369,2026-04-23 07:33:29+00,eth-usdfc,true
371,2026-04-23 07:33:30+00,base-usdc-usdfc,true
372,2026-04-23 07:33:31+00,polygon-usdc-usdfc,true
373,2026-04-23 07:38:32+00,eth-usdfc,true
374,2026-04-23 07:38:33+00,fil-usdfc,true
375,2026-04-23 07:38:34+00,base-usdc-usdfc,true
376,2026-04-23 07:38:35+00,polygon-usdc-usdfc,true
377,2026-04-23 07:43:36+00,eth-usdfc,true
378,2026-04-23 07:43:38+00,fil-usdfc,true
380,2026-04-23 07:43:39+00,polygon-usdc-usdfc,true
379,2026-04-23 07:43:39+00,base-usdc-usdfc,true
385,2026-04-23 07:48:50+00,eth-usdfc,true
386,2026-04-23 07:48:51+00,fil-usdfc,true
387,2026-04-23 07:48:52+00,base-usdc-usdfc,true
388,2026-04-23 07:48:53+00,polygon-usdc-usdfc,true
389,2026-04-23 07:53:54+00,eth-usdfc,true
390,2026-04-23 07:53:55+00,fil-usdfc,true
391,2026-04-23 07:53:57+00,base-usdc-usdfc,true
392,2026-04-23 07:53:58+00,polygon-usdc-usdfc,true
393,2026-04-23 07:59:00+00,eth-usdfc,true
394,2026-04-23 07:59:01+00,fil-usdfc,true
395,2026-04-23 07:59:03+00,base-usdc-usdfc,true
396,2026-04-23 07:59:04+00,polygon-usdc-usdfc,true
397,2026-04-23 08:04:05+00,eth-usdfc,false
398,2026-04-23 08:04:06+00,fil-usdfc,false
399,2026-04-23 08:04:07+00,base-usdc-usdfc,false
400,2026-04-23 08:04:10+00,polygon-usdc-usdfc,false
401,2026-04-23 08:09:12+00,eth-usdfc,true
402,2026-04-23 08:09:13+00,fil-usdfc,true
403,2026-04-23 08:09:14+00,base-usdc-usdfc,true
404,2026-04-23 08:09:15+00,polygon-usdc-usdfc,true
409,2026-04-23 08:14:25+00,eth-usdfc,true
410,2026-04-23 08:14:26+00,fil-usdfc,true
411,2026-04-23 08:14:28+00,base-usdc-usdfc,false
412,2026-04-23 08:14:29+00,polygon-usdc-usdfc,false
413,2026-04-23 08:19:31+00,eth-usdfc,true
414,2026-04-23 08:19:32+00,fil-usdfc,true
415,2026-04-23 08:19:34+00,base-usdc-usdfc,true
416,2026-04-23 08:19:35+00,polygon-usdc-usdfc,true
417,2026-04-23 08:24:37+00,eth-usdfc,true
418,2026-04-23 08:24:38+00,fil-usdfc,true
420,2026-04-23 08:24:40+00,polygon-usdc-usdfc,true
419,2026-04-23 08:24:40+00,base-usdc-usdfc,true
421,2026-04-23 08:29:41+00,eth-usdfc,true
422,2026-04-23 08:29:43+00,fil-usdfc,false
423,2026-04-23 08:29:44+00,base-usdc-usdfc,false
424,2026-04-23 08:29:45+00,polygon-usdc-usdfc,false
425,2026-04-23 08:34:47+00,eth-usdfc,true
426,2026-04-23 08:34:48+00,fil-usdfc,true
427,2026-04-23 08:34:51+00,base-usdc-usdfc,true
428,2026-04-23 08:34:52+00,polygon-usdc-usdfc,true
433,2026-04-23 08:40:01+00,eth-usdfc,false
434,2026-04-23 08:40:03+00,fil-usdfc,false
435,2026-04-23 08:40:04+00,base-usdc-usdfc,false
436,2026-04-23 08:40:06+00,polygon-usdc-usdfc,false
437,2026-04-23 08:45:07+00,eth-usdfc,true
438,2026-04-23 08:45:08+00,fil-usdfc,true
439,2026-04-23 08:45:09+00,base-usdc-usdfc,true
440,2026-04-23 08:45:10+00,polygon-usdc-usdfc,true
441,2026-04-23 08:50:11+00,eth-usdfc,true
442,2026-04-23 08:50:13+00,fil-usdfc,true
443,2026-04-23 08:50:15+00,base-usdc-usdfc,true
444,2026-04-23 08:50:17+00,polygon-usdc-usdfc,true
445,2026-04-23 08:55:18+00,eth-usdfc,true
446,2026-04-23 08:55:19+00,fil-usdfc,true
447,2026-04-23 08:55:20+00,base-usdc-usdfc,true
448,2026-04-23 08:55:21+00,polygon-usdc-usdfc,true
449,2026-04-23 09:00:22+00,eth-usdfc,true
450,2026-04-23 09:00:23+00,fil-usdfc,true
451,2026-04-23 09:00:25+00,base-usdc-usdfc,true
452,2026-04-23 09:00:28+00,polygon-usdc-usdfc,true
457,2026-04-23 09:05:41+00,eth-usdfc,true
458,2026-04-23 09:05:42+00,fil-usdfc,true
459,2026-04-23 09:05:43+00,base-usdc-usdfc,true
460,2026-04-23 09:05:44+00,polygon-usdc-usdfc,true
461,2026-04-23 09:10:45+00,eth-usdfc,false
462,2026-04-23 09:10:47+00,fil-usdfc,false
463,2026-04-23 09:10:48+00,base-usdc-usdfc,false
464,2026-04-23 09:10:49+00,polygon-usdc-usdfc,false
465,2026-04-23 09:15:50+00,eth-usdfc,true
466,2026-04-23 09:15:51+00,fil-usdfc,true
467,2026-04-23 09:15:53+00,base-usdc-usdfc,true
468,2026-04-23 09:15:54+00,polygon-usdc-usdfc,true
469,2026-04-23 09:20:55+00,eth-usdfc,true
471,2026-04-23 09:20:56+00,base-usdc-usdfc,true
470,2026-04-23 09:20:56+00,fil-usdfc,true
472,2026-04-23 09:20:57+00,polygon-usdc-usdfc,true
473,2026-04-23 09:25:58+00,eth-usdfc,true
474,2026-04-23 09:26:00+00,fil-usdfc,true
475,2026-04-23 09:26:01+00,base-usdc-usdfc,true
476,2026-04-23 09:26:02+00,polygon-usdc-usdfc,true
481,2026-04-23 09:31:11+00,eth-usdfc,true
482,2026-04-23 09:31:12+00,fil-usdfc,true
483,2026-04-23 09:31:13+00,base-usdc-usdfc,true
484,2026-04-23 09:31:14+00,polygon-usdc-usdfc,true
485,2026-04-23 09:36:15+00,eth-usdfc,true
486,2026-04-23 09:36:17+00,fil-usdfc,true
487,2026-04-23 09:36:18+00,base-usdc-usdfc,false
488,2026-04-23 09:36:19+00,polygon-usdc-usdfc,false
489,2026-04-23 09:41:21+00,eth-usdfc,true
490,2026-04-23 09:41:22+00,fil-usdfc,true
491,2026-04-23 09:41:24+00,base-usdc-usdfc,true
492,2026-04-23 09:41:25+00,polygon-usdc-usdfc,true
493,2026-04-23 09:46:26+00,eth-usdfc,true
494,2026-04-23 09:46:29+00,fil-usdfc,true
495,2026-04-23 09:46:30+00,base-usdc-usdfc,true
496,2026-04-23 09:46:31+00,polygon-usdc-usdfc,true
497,2026-04-23 09:51:36+00,eth-usdfc,false
498,2026-04-23 09:51:37+00,fil-usdfc,false
500,2026-04-23 09:51:39+00,polygon-usdc-usdfc,false
499,2026-04-23 09:51:39+00,base-usdc-usdfc,false
505,2026-04-23 09:56:47+00,eth-usdfc,true
506,2026-04-23 09:56:48+00,fil-usdfc,true
507,2026-04-23 09:56:49+00,base-usdc-usdfc,true
508,2026-04-23 09:56:50+00,polygon-usdc-usdfc,true
509,2026-04-23 10:01:51+00,eth-usdfc,true
510,2026-04-23 10:01:53+00,fil-usdfc,true
511,2026-04-23 10:01:54+00,base-usdc-usdfc,false
512,2026-04-23 10:01:55+00,polygon-usdc-usdfc,false
513,2026-04-23 10:06:57+00,eth-usdfc,true
514,2026-04-23 10:06:58+00,fil-usdfc,false
515,2026-04-23 10:06:59+00,base-usdc-usdfc,true
516,2026-04-23 10:07:00+00,polygon-usdc-usdfc,true
517,2026-04-23 10:12:02+00,eth-usdfc,false
518,2026-04-23 10:12:03+00,fil-usdfc,false
519,2026-04-23 10:12:04+00,base-usdc-usdfc,false
520,2026-04-23 10:12:05+00,polygon-usdc-usdfc,false
521,2026-04-23 10:17:07+00,eth-usdfc,true
522,2026-04-23 10:17:08+00,fil-usdfc,true
523,2026-04-23 10:17:10+00,base-usdc-usdfc,true
524,2026-04-23 10:17:11+00,polygon-usdc-usdfc,true
529,2026-04-23 10:22:19+00,eth-usdfc,true
530,2026-04-23 10:22:21+00,fil-usdfc,true
531,2026-04-23 10:22:22+00,base-usdc-usdfc,true
532,2026-04-23 10:22:23+00,polygon-usdc-usdfc,true
533,2026-04-23 10:27:25+00,eth-usdfc,true
534,2026-04-23 10:27:26+00,fil-usdfc,true
535,2026-04-23 10:27:27+00,base-usdc-usdfc,true
536,2026-04-23 10:27:28+00,polygon-usdc-usdfc,true
537,2026-04-23 10:32:30+00,eth-usdfc,true
538,2026-04-23 10:32:31+00,fil-usdfc,true
539,2026-04-23 10:32:32+00,base-usdc-usdfc,true
540,2026-04-23 10:32:34+00,polygon-usdc-usdfc,true
541,2026-04-23 10:37:36+00,eth-usdfc,true
542,2026-04-23 10:37:38+00,fil-usdfc,true
543,2026-04-23 10:37:39+00,base-usdc-usdfc,true
544,2026-04-23 10:37:40+00,polygon-usdc-usdfc,true
545,2026-04-23 10:42:41+00,eth-usdfc,true
546,2026-04-23 10:42:43+00,fil-usdfc,true
547,2026-04-23 10:42:44+00,base-usdc-usdfc,true
548,2026-04-23 10:42:45+00,polygon-usdc-usdfc,true
553,2026-04-23 10:47:55+00,eth-usdfc,true
554,2026-04-23 10:47:57+00,fil-usdfc,true
555,2026-04-23 10:47:58+00,base-usdc-usdfc,true
556,2026-04-23 10:47:59+00,polygon-usdc-usdfc,true
557,2026-04-23 10:53:00+00,eth-usdfc,true
558,2026-04-23 10:53:01+00,fil-usdfc,true
559,2026-04-23 10:53:02+00,base-usdc-usdfc,true
560,2026-04-23 10:53:04+00,polygon-usdc-usdfc,true
561,2026-04-23 10:58:05+00,eth-usdfc,true
562,2026-04-23 10:58:06+00,fil-usdfc,true
563,2026-04-23 10:58:08+00,base-usdc-usdfc,true
564,2026-04-23 10:58:09+00,polygon-usdc-usdfc,true
565,2026-04-23 11:03:10+00,eth-usdfc,true
566,2026-04-23 11:03:11+00,fil-usdfc,true
567,2026-04-23 11:03:14+00,base-usdc-usdfc,true
568,2026-04-23 11:03:15+00,polygon-usdc-usdfc,true
569,2026-04-23 11:08:16+00,eth-usdfc,true
570,2026-04-23 11:08:18+00,fil-usdfc,true
571,2026-04-23 11:08:19+00,base-usdc-usdfc,true
572,2026-04-23 11:08:20+00,polygon-usdc-usdfc,true
577,2026-04-23 11:13:27+00,eth-usdfc,true
578,2026-04-23 11:13:29+00,fil-usdfc,true
579,2026-04-23 11:13:30+00,base-usdc-usdfc,true
580,2026-04-23 11:13:31+00,polygon-usdc-usdfc,true
581,2026-04-23 11:18:32+00,eth-usdfc,true
582,2026-04-23 11:18:33+00,fil-usdfc,true
583,2026-04-23 11:18:35+00,base-usdc-usdfc,true
584,2026-04-23 11:18:36+00,polygon-usdc-usdfc,true
585,2026-04-23 11:23:37+00,eth-usdfc,true
586,2026-04-23 11:23:38+00,fil-usdfc,true
587,2026-04-23 11:23:39+00,base-usdc-usdfc,true
588,2026-04-23 11:23:40+00,polygon-usdc-usdfc,true
589,2026-04-23 11:28:42+00,eth-usdfc,false
590,2026-04-23 11:28:43+00,fil-usdfc,false
591,2026-04-23 11:28:44+00,base-usdc-usdfc,false
592,2026-04-23 11:28:46+00,polygon-usdc-usdfc,false
593,2026-04-23 11:33:46+00,eth-usdfc,false
594,2026-04-23 11:33:48+00,fil-usdfc,false
595,2026-04-23 11:33:49+00,base-usdc-usdfc,false
596,2026-04-23 11:33:50+00,polygon-usdc-usdfc,false
601,2026-04-23 11:39:00+00,eth-usdfc,true
602,2026-04-23 11:39:01+00,fil-usdfc,true
603,2026-04-23 11:39:02+00,base-usdc-usdfc,true
604,2026-04-23 11:39:03+00,polygon-usdc-usdfc,true
605,2026-04-23 11:44:04+00,eth-usdfc,true
606,2026-04-23 11:44:06+00,fil-usdfc,true
607,2026-04-23 11:44:07+00,base-usdc-usdfc,true
608,2026-04-23 11:44:09+00,polygon-usdc-usdfc,true
609,2026-04-23 11:49:10+00,eth-usdfc,true
610,2026-04-23 11:49:12+00,fil-usdfc,true
611,2026-04-23 11:49:13+00,base-usdc-usdfc,true
612,2026-04-23 11:49:14+00,polygon-usdc-usdfc,true
613,2026-04-23 11:54:15+00,eth-usdfc,true
614,2026-04-23 11:54:17+00,fil-usdfc,true
616,2026-04-23 11:54:18+00,polygon-usdc-usdfc,true
615,2026-04-23 11:54:18+00,base-usdc-usdfc,true
617,2026-04-23 11:59:19+00,eth-usdfc,true
618,2026-04-23 11:59:20+00,fil-usdfc,true
620,2026-04-23 11:59:21+00,polygon-usdc-usdfc,true
619,2026-04-23 11:59:21+00,base-usdc-usdfc,true
625,2026-04-23 12:04:26+00,eth-usdfc,false
627,2026-04-23 12:04:28+00,base-usdc-usdfc,false
626,2026-04-23 12:04:28+00,fil-usdfc,false
628,2026-04-23 12:04:29+00,polygon-usdc-usdfc,false
630,2026-04-23 12:09:29+00,fil-usdfc,false
629,2026-04-23 12:09:29+00,eth-usdfc,false
632,2026-04-23 12:09:30+00,polygon-usdc-usdfc,false
631,2026-04-23 12:09:30+00,base-usdc-usdfc,false
635,2026-04-23 12:14:31+00,base-usdc-usdfc,false
634,2026-04-23 12:14:31+00,fil-usdfc,false
633,2026-04-23 12:14:31+00,eth-usdfc,false
636,2026-04-23 12:14:32+00,polygon-usdc-usdfc,false
638,2026-04-23 12:19:32+00,fil-usdfc,false
637,2026-04-23 12:19:32+00,eth-usdfc,false
640,2026-04-23 12:19:33+00,polygon-usdc-usdfc,false
639,2026-04-23 12:19:33+00,base-usdc-usdfc,false
643,2026-04-23 12:24:34+00,base-usdc-usdfc,false
642,2026-04-23 12:24:34+00,fil-usdfc,false
641,2026-04-23 12:24:34+00,eth-usdfc,false
644,2026-04-23 12:24:35+00,polygon-usdc-usdfc,false
649,2026-04-23 12:29:39+00,eth-usdfc,false
650,2026-04-23 12:29:40+00,fil-usdfc,false
652,2026-04-23 12:29:41+00,polygon-usdc-usdfc,false
651,2026-04-23 12:29:41+00,base-usdc-usdfc,false
654,2026-04-23 12:34:43+00,fil-usdfc,false
653,2026-04-23 12:34:43+00,eth-usdfc,false
656,2026-04-23 12:34:44+00,polygon-usdc-usdfc,false
655,2026-04-23 12:34:44+00,base-usdc-usdfc,false
657,2026-04-23 12:39:44+00,eth-usdfc,false
660,2026-04-23 12:39:45+00,polygon-usdc-usdfc,false
659,2026-04-23 12:39:45+00,base-usdc-usdfc,false
658,2026-04-23 12:39:45+00,fil-usdfc,false
661,2026-04-23 12:44:46+00,eth-usdfc,false
663,2026-04-23 12:44:47+00,base-usdc-usdfc,false
662,2026-04-23 12:44:47+00,fil-usdfc,false
664,2026-04-23 12:44:48+00,polygon-usdc-usdfc,false
665,2026-04-23 12:49:49+00,eth-usdfc,false
666,2026-04-23 12:49:50+00,fil-usdfc,false
668,2026-04-23 12:49:51+00,polygon-usdc-usdfc,false
667,2026-04-23 12:49:51+00,base-usdc-usdfc,false
675,2026-04-23 12:54:56+00,base-usdc-usdfc,false
674,2026-04-23 12:54:56+00,fil-usdfc,false
673,2026-04-23 12:54:56+00,eth-usdfc,false
676,2026-04-23 12:54:57+00,polygon-usdc-usdfc,false
678,2026-04-23 12:59:58+00,fil-usdfc,false
677,2026-04-23 12:59:58+00,eth-usdfc,false
680,2026-04-23 12:59:59+00,polygon-usdc-usdfc,false
679,2026-04-23 12:59:59+00,base-usdc-usdfc,false
681,2026-04-23 13:04:59+00,eth-usdfc,false
684,2026-04-23 13:05:00+00,polygon-usdc-usdfc,false
683,2026-04-23 13:05:00+00,base-usdc-usdfc,false
682,2026-04-23 13:05:00+00,fil-usdfc,false
685,2026-04-23 13:10:01+00,eth-usdfc,false
687,2026-04-23 13:10:02+00,base-usdc-usdfc,false
686,2026-04-23 13:10:02+00,fil-usdfc,false
688,2026-04-23 13:10:03+00,polygon-usdc-usdfc,false
689,2026-04-23 13:15:03+00,eth-usdfc,false
691,2026-04-23 13:15:04+00,base-usdc-usdfc,false
690,2026-04-23 13:15:04+00,fil-usdfc,false
692,2026-04-23 13:15:05+00,polygon-usdc-usdfc,false
697,2026-04-23 13:20:10+00,eth-usdfc,false
699,2026-04-23 13:20:11+00,base-usdc-usdfc,false
698,2026-04-23 13:20:11+00,fil-usdfc,false
700,2026-04-23 13:20:12+00,polygon-usdc-usdfc,false
703,2026-04-23 13:25:13+00,base-usdc-usdfc,false
702,2026-04-23 13:25:13+00,fil-usdfc,false
701,2026-04-23 13:25:13+00,eth-usdfc,false
704,2026-04-23 13:25:14+00,polygon-usdc-usdfc,false
706,2026-04-23 13:30:14+00,fil-usdfc,false
705,2026-04-23 13:30:14+00,eth-usdfc,false
708,2026-04-23 13:30:16+00,polygon-usdc-usdfc,false
707,2026-04-23 13:30:16+00,base-usdc-usdfc,false
709,2026-04-23 13:35:16+00,eth-usdfc,false
712,2026-04-23 13:35:17+00,polygon-usdc-usdfc,false
711,2026-04-23 13:35:17+00,base-usdc-usdfc,false
710,2026-04-23 13:35:17+00,fil-usdfc,false
713,2026-04-23 13:40:18+00,eth-usdfc,false
714,2026-04-23 13:40:19+00,fil-usdfc,false
715,2026-04-23 13:40:20+00,base-usdc-usdfc,false
716,2026-04-23 13:40:21+00,polygon-usdc-usdfc,false
721,2026-04-23 13:45:27+00,eth-usdfc,false
723,2026-04-23 13:45:28+00,base-usdc-usdfc,false
722,2026-04-23 13:45:28+00,fil-usdfc,false
724,2026-04-23 13:45:29+00,polygon-usdc-usdfc,false
725,2026-04-23 13:50:29+00,eth-usdfc,false
728,2026-04-23 13:50:30+00,polygon-usdc-usdfc,false
727,2026-04-23 13:50:30+00,base-usdc-usdfc,false
726,2026-04-23 13:50:30+00,fil-usdfc,false
731,2026-04-23 13:55:31+00,base-usdc-usdfc,false
730,2026-04-23 13:55:31+00,fil-usdfc,false
729,2026-04-23 13:55:31+00,eth-usdfc,false
732,2026-04-23 13:55:32+00,polygon-usdc-usdfc,false
734,2026-04-23 14:00:32+00,fil-usdfc,false
733,2026-04-23 14:00:32+00,eth-usdfc,false
736,2026-04-23 14:00:33+00,polygon-usdc-usdfc,false
735,2026-04-23 14:00:33+00,base-usdc-usdfc,false
737,2026-04-23 14:05:34+00,eth-usdfc,false
739,2026-04-23 14:05:35+00,base-usdc-usdfc,false
738,2026-04-23 14:05:35+00,fil-usdfc,false
740,2026-04-23 14:05:36+00,polygon-usdc-usdfc,false
746,2026-04-23 14:10:41+00,fil-usdfc,false
745,2026-04-23 14:10:41+00,eth-usdfc,false
748,2026-04-23 14:10:42+00,polygon-usdc-usdfc,false
747,2026-04-23 14:10:42+00,base-usdc-usdfc,false
750,2026-04-23 14:15:43+00,fil-usdfc,false
749,2026-04-23 14:15:43+00,eth-usdfc,false
751,2026-04-23 14:15:44+00,base-usdc-usdfc,false
752,2026-04-23 14:15:45+00,polygon-usdc-usdfc,false
753,2026-04-23 14:20:45+00,eth-usdfc,false
755,2026-04-23 14:20:46+00,base-usdc-usdfc,false
754,2026-04-23 14:20:46+00,fil-usdfc,false
756,2026-04-23 14:20:47+00,polygon-usdc-usdfc,false
757,2026-04-23 14:25:48+00,eth-usdfc,false
759,2026-04-23 14:25:49+00,base-usdc-usdfc,false
758,2026-04-23 14:25:49+00,fil-usdfc,false
760,2026-04-23 14:25:50+00,polygon-usdc-usdfc,false
761,2026-04-23 14:30:51+00,eth-usdfc,false
763,2026-04-23 14:30:52+00,base-usdc-usdfc,false
762,2026-04-23 14:30:52+00,fil-usdfc,false
764,2026-04-23 14:30:53+00,polygon-usdc-usdfc,false
770,2026-04-23 14:35:58+00,fil-usdfc,false
769,2026-04-23 14:35:58+00,eth-usdfc,false
772,2026-04-23 14:35:59+00,polygon-usdc-usdfc,false
771,2026-04-23 14:35:59+00,base-usdc-usdfc,false
773,2026-04-23 14:41:00+00,eth-usdfc,false
775,2026-04-23 14:41:01+00,base-usdc-usdfc,false
774,2026-04-23 14:41:01+00,fil-usdfc,false
776,2026-04-23 14:41:02+00,polygon-usdc-usdfc,false
781,2026-04-23 14:47:44+00,eth-usdfc,false
784,2026-04-23 14:47:45+00,polygon-usdc-usdfc,false
783,2026-04-23 14:47:45+00,base-usdc-usdfc,false
782,2026-04-23 14:47:45+00,fil-usdfc,false
869,2026-04-23 14:50:01+00,eth-usdfc,false
872,2026-04-23 14:50:02+00,polygon-usdc-usdfc,false
871,2026-04-23 14:50:02+00,base-usdc-usdfc,false
870,2026-04-23 14:50:02+00,fil-usdfc,false
1332,2026-04-23 14:55:00+00,polygon-usdc-usdfc,false
1331,2026-04-23 14:55:00+00,base-usdc-usdfc,false
1333,2026-04-23 14:55:02+00,eth-usdfc,false
1334,2026-04-23 14:55:03+00,fil-usdfc,false
1828,2026-04-23 15:00:00+00,polygon-usdc-usdfc,false
1829,2026-04-23 15:00:01+00,eth-usdfc,false
1831,2026-04-23 15:00:02+00,base-usdc-usdfc,false
1830,2026-04-23 15:00:02+00,fil-usdfc,false
2354,2026-04-23 15:05:00+00,fil-usdfc,false
2353,2026-04-23 15:05:00+00,eth-usdfc,false
2356,2026-04-23 15:05:01+00,polygon-usdc-usdfc,false
2355,2026-04-23 15:05:01+00,base-usdc-usdfc,false
2860,2026-04-23 15:10:00+00,polygon-usdc-usdfc,false
2859,2026-04-23 15:10:00+00,base-usdc-usdfc,false
2862,2026-04-23 15:10:02+00,fil-usdfc,false
2861,2026-04-23 15:10:02+00,eth-usdfc,false
3390,2026-04-23 15:15:00+00,fil-usdfc,false
3389,2026-04-23 15:15:00+00,eth-usdfc,false
3392,2026-04-23 15:15:01+00,polygon-usdc-usdfc,false
3391,2026-04-23 15:15:01+00,base-usdc-usdfc,false
3840,2026-04-23 15:20:00+00,polygon-usdc-usdfc,false
3839,2026-04-23 15:20:00+00,base-usdc-usdfc,false
3838,2026-04-23 15:20:00+00,fil-usdfc,false
3841,2026-04-23 15:20:02+00,eth-usdfc,false
4359,2026-04-23 15:25:02+00,base-usdc-usdfc,false
4358,2026-04-23 15:25:02+00,fil-usdfc,false
4357,2026-04-23 15:25:02+00,eth-usdfc,false
4360,2026-04-23 15:25:03+00,polygon-usdc-usdfc,false
4838,2026-04-23 15:30:00+00,fil-usdfc,false
4837,2026-04-23 15:30:00+00,eth-usdfc,false
4840,2026-04-23 15:30:01+00,polygon-usdc-usdfc,false
4839,2026-04-23 15:30:01+00,base-usdc-usdfc,false
5333,2026-04-23 15:35:00+00,eth-usdfc,true
5335,2026-04-23 15:35:01+00,base-usdc-usdfc,false
5334,2026-04-23 15:35:01+00,fil-usdfc,false
5336,2026-04-23 15:35:02+00,polygon-usdc-usdfc,false
5825,2026-04-23 15:40:00+00,eth-usdfc,false
5828,2026-04-23 15:40:01+00,polygon-usdc-usdfc,false
5827,2026-04-23 15:40:01+00,base-usdc-usdfc,false
5826,2026-04-23 15:40:01+00,fil-usdfc,false
6312,2026-04-23 15:45:00+00,polygon-usdc-usdfc,false
6311,2026-04-23 15:45:00+00,base-usdc-usdfc,false
6310,2026-04-23 15:45:00+00,fil-usdfc,false
6313,2026-04-23 15:45:02+00,eth-usdfc,false
6772,2026-04-23 15:50:00+00,polygon-usdc-usdfc,false
6771,2026-04-23 15:50:00+00,base-usdc-usdfc,false
6774,2026-04-23 15:50:02+00,fil-usdfc,false
6773,2026-04-23 15:50:02+00,eth-usdfc,false
7262,2026-04-23 15:55:01+00,fil-usdfc,false
7261,2026-04-23 15:55:01+00,eth-usdfc,false
7264,2026-04-23 15:55:02+00,polygon-usdc-usdfc,false
7263,2026-04-23 15:55:02+00,base-usdc-usdfc,false
7730,2026-04-23 16:00:01+00,fil-usdfc,false
7729,2026-04-23 16:00:01+00,eth-usdfc,false
7732,2026-04-23 16:00:02+00,polygon-usdc-usdfc,false
7731,2026-04-23 16:00:02+00,base-usdc-usdfc,false
8210,2026-04-23 16:05:01+00,fil-usdfc,false
8209,2026-04-23 16:05:01+00,eth-usdfc,false
8212,2026-04-23 16:05:02+00,polygon-usdc-usdfc,false
8211,2026-04-23 16:05:02+00,base-usdc-usdfc,false
8686,2026-04-23 16:10:01+00,fil-usdfc,false
8685,2026-04-23 16:10:01+00,eth-usdfc,false
8688,2026-04-23 16:10:02+00,polygon-usdc-usdfc,false
8687,2026-04-23 16:10:02+00,base-usdc-usdfc,false
9096,2026-04-23 16:15:00+00,polygon-usdc-usdfc,false
9098,2026-04-23 16:15:01+00,fil-usdfc,false
9097,2026-04-23 16:15:01+00,eth-usdfc,false
9099,2026-04-23 16:15:02+00,base-usdc-usdfc,false
9551,2026-04-23 16:20:00+00,base-usdc-usdfc,false
9550,2026-04-23 16:20:00+00,fil-usdfc,false
9549,2026-04-23 16:20:00+00,eth-usdfc,false
9552,2026-04-23 16:20:01+00,polygon-usdc-usdfc,false
10000,2026-04-23 16:25:01+00,polygon-usdc-usdfc,false
9999,2026-04-23 16:25:01+00,base-usdc-usdfc,false
9998,2026-04-23 16:25:01+00,fil-usdfc,false
9997,2026-04-23 16:25:01+00,eth-usdfc,false
10458,2026-04-23 16:30:01+00,fil-usdfc,false
10457,2026-04-23 16:30:01+00,eth-usdfc,false
10460,2026-04-23 16:30:02+00,polygon-usdc-usdfc,false
10459,2026-04-23 16:30:02+00,base-usdc-usdfc,false
10921,2026-04-23 16:35:00+00,eth-usdfc,false
10924,2026-04-23 16:35:01+00,polygon-usdc-usdfc,false
10923,2026-04-23 16:35:01+00,base-usdc-usdfc,false
10922,2026-04-23 16:35:01+00,fil-usdfc,false
11384,2026-04-23 16:40:00+00,polygon-usdc-usdfc,false
11383,2026-04-23 16:40:00+00,base-usdc-usdfc,false
11382,2026-04-23 16:40:00+00,fil-usdfc,false
11385,2026-04-23 16:40:02+00,eth-usdfc,false
11816,2026-04-23 16:45:05+00,polygon-usdc-usdfc,false
11815,2026-04-23 16:45:05+00,base-usdc-usdfc,false
11814,2026-04-23 16:45:05+00,fil-usdfc,false
11817,2026-04-23 16:45:07+00,eth-usdfc,false
12190,2026-04-23 16:50:03+00,fil-usdfc,false
12192,2026-04-23 16:50:04+00,polygon-usdc-usdfc,false
12191,2026-04-23 16:50:04+00,base-usdc-usdfc,false
12193,2026-04-23 16:50:07+00,eth-usdfc,false
12544,2026-04-23 16:55:00+00,polygon-usdc-usdfc,true
12546,2026-04-23 16:55:02+00,fil-usdfc,true
12545,2026-04-23 16:55:02+00,eth-usdfc,true
12547,2026-04-23 16:55:03+00,base-usdc-usdfc,true
13042,2026-04-23 17:00:01+00,fil-usdfc,false
13041,2026-04-23 17:00:01+00,eth-usdfc,false
13044,2026-04-23 17:00:02+00,polygon-usdc-usdfc,false
13043,2026-04-23 17:00:02+00,base-usdc-usdfc,false
13365,2026-04-23 17:08:19+00,eth-usdfc,false
13368,2026-04-23 17:08:20+00,polygon-usdc-usdfc,false
13367,2026-04-23 17:08:20+00,base-usdc-usdfc,false
13366,2026-04-23 17:08:20+00,fil-usdfc,false
13372,2026-04-23 17:13:21+00,polygon-usdc-usdfc,false
13371,2026-04-23 17:13:21+00,base-usdc-usdfc,false
13370,2026-04-23 17:13:21+00,fil-usdfc,false
13369,2026-04-23 17:13:21+00,eth-usdfc,false
13374,2026-04-23 17:18:22+00,fil-usdfc,false
13373,2026-04-23 17:18:22+00,eth-usdfc,false
13376,2026-04-23 17:18:23+00,polygon-usdc-usdfc,false
13375,2026-04-23 17:18:23+00,base-usdc-usdfc,false
13378,2026-04-23 17:23:24+00,fil-usdfc,false
13377,2026-04-23 17:23:24+00,eth-usdfc,false
13380,2026-04-23 17:23:25+00,polygon-usdc-usdfc,false
13379,2026-04-23 17:23:25+00,base-usdc-usdfc,false
13382,2026-04-23 17:28:26+00,fil-usdfc,false
13381,2026-04-23 17:28:26+00,eth-usdfc,false
13383,2026-04-23 17:28:27+00,base-usdc-usdfc,false
13384,2026-04-23 17:28:28+00,polygon-usdc-usdfc,false
13386,2026-04-23 17:33:30+00,fil-usdfc,false
13385,2026-04-23 17:33:30+00,eth-usdfc,false
13388,2026-04-23 17:33:31+00,polygon-usdc-usdfc,false
13387,2026-04-23 17:33:31+00,base-usdc-usdfc,false
13391,2026-04-23 17:38:32+00,base-usdc-usdfc,false
13390,2026-04-23 17:38:32+00,fil-usdfc,false
13389,2026-04-23 17:38:32+00,eth-usdfc,false
13392,2026-04-23 17:38:33+00,polygon-usdc-usdfc,false
13393,2026-04-23 17:43:33+00,eth-usdfc,false
13396,2026-04-23 17:43:34+00,polygon-usdc-usdfc,false
13395,2026-04-23 17:43:34+00,base-usdc-usdfc,false
13394,2026-04-23 17:43:34+00,fil-usdfc,false
13398,2026-04-23 17:48:35+00,fil-usdfc,false
13397,2026-04-23 17:48:35+00,eth-usdfc,false
13400,2026-04-23 17:48:36+00,polygon-usdc-usdfc,false
13399,2026-04-23 17:48:36+00,base-usdc-usdfc,false
13401,2026-04-23 17:53:36+00,eth-usdfc,false
13403,2026-04-23 17:53:37+00,base-usdc-usdfc,false
13402,2026-04-23 17:53:37+00,fil-usdfc,false
13404,2026-04-23 17:53:38+00,polygon-usdc-usdfc,false
13407,2026-04-23 17:58:39+00,base-usdc-usdfc,false
13406,2026-04-23 17:58:39+00,fil-usdfc,false
13405,2026-04-23 17:58:39+00,eth-usdfc,false
13408,2026-04-23 17:58:40+00,polygon-usdc-usdfc,false
13411,2026-04-23 18:03:42+00,base-usdc-usdfc,false
13410,2026-04-23 18:03:42+00,fil-usdfc,false
13409,2026-04-23 18:03:42+00,eth-usdfc,false
13412,2026-04-23 18:03:44+00,polygon-usdc-usdfc,false
13413,2026-04-23 18:08:44+00,eth-usdfc,false
13415,2026-04-23 18:08:45+00,base-usdc-usdfc,false
13414,2026-04-23 18:08:45+00,fil-usdfc,false
13416,2026-04-23 18:08:46+00,polygon-usdc-usdfc,false
13418,2026-04-23 18:13:47+00,fil-usdfc,false
13417,2026-04-23 18:13:47+00,eth-usdfc,false
13420,2026-04-23 18:13:48+00,polygon-usdc-usdfc,false
13419,2026-04-23 18:13:48+00,base-usdc-usdfc,false
13421,2026-04-23 18:15:41+00,eth-usdfc,false
13422,2026-04-23 18:15:42+00,fil-usdfc,false
13424,2026-04-23 18:15:43+00,polygon-usdc-usdfc,false
13423,2026-04-23 18:15:43+00,base-usdc-usdfc,false
13425,2026-04-23 18:20:47+00,eth-usdfc,false
13426,2026-04-23 18:20:48+00,fil-usdfc,false
13428,2026-04-23 18:20:49+00,polygon-usdc-usdfc,false
13427,2026-04-23 18:20:49+00,base-usdc-usdfc,false
13430,2026-04-23 18:25:50+00,fil-usdfc,false
13429,2026-04-23 18:25:50+00,eth-usdfc,false
13432,2026-04-23 18:25:51+00,polygon-usdc-usdfc,false
13431,2026-04-23 18:25:51+00,base-usdc-usdfc,false
13434,2026-04-23 18:30:52+00,fil-usdfc,false
13433,2026-04-23 18:30:52+00,eth-usdfc,false
13436,2026-04-23 18:30:53+00,polygon-usdc-usdfc,false
13435,2026-04-23 18:30:53+00,base-usdc-usdfc,false
13439,2026-04-23 18:35:54+00,base-usdc-usdfc,false
13438,2026-04-23 18:35:54+00,fil-usdfc,false
13437,2026-04-23 18:35:54+00,eth-usdfc,false
13440,2026-04-23 18:35:55+00,polygon-usdc-usdfc,false
13442,2026-04-23 18:40:56+00,fil-usdfc,false
13441,2026-04-23 18:40:56+00,eth-usdfc,false
13444,2026-04-23 18:40:57+00,polygon-usdc-usdfc,false
13443,2026-04-23 18:40:57+00,base-usdc-usdfc,false
13447,2026-04-23 18:46:00+00,base-usdc-usdfc,false
13446,2026-04-23 18:46:00+00,fil-usdfc,false
13445,2026-04-23 18:46:00+00,eth-usdfc,false
13448,2026-04-23 18:46:01+00,polygon-usdc-usdfc,false
13450,2026-04-23 18:51:02+00,fil-usdfc,false
13449,2026-04-23 18:51:02+00,eth-usdfc,false
13452,2026-04-23 18:51:03+00,polygon-usdc-usdfc,false
13451,2026-04-23 18:51:03+00,base-usdc-usdfc,false
13454,2026-04-23 18:56:04+00,fil-usdfc,false
13453,2026-04-23 18:56:04+00,eth-usdfc,false
13455,2026-04-23 18:56:05+00,base-usdc-usdfc,false
13456,2026-04-23 18:56:06+00,polygon-usdc-usdfc,false
13459,2026-04-23 19:01:07+00,base-usdc-usdfc,false
13458,2026-04-23 19:01:07+00,fil-usdfc,false
13457,2026-04-23 19:01:07+00,eth-usdfc,false
13460,2026-04-23 19:01:08+00,polygon-usdc-usdfc,false
13461,2026-04-23 19:06:11+00,eth-usdfc,false
13462,2026-04-23 19:06:13+00,fil-usdfc,false
13463,2026-04-23 19:06:14+00,base-usdc-usdfc,false
13464,2026-04-23 19:06:15+00,polygon-usdc-usdfc,false
13465,2026-04-23 19:11:16+00,eth-usdfc,false
13467,2026-04-23 19:11:17+00,base-usdc-usdfc,false
13466,2026-04-23 19:11:17+00,fil-usdfc,false
13468,2026-04-23 19:11:18+00,polygon-usdc-usdfc,false
13469,2026-04-23 19:16:21+00,eth-usdfc,false
13471,2026-04-23 19:16:22+00,base-usdc-usdfc,false
13470,2026-04-23 19:16:22+00,fil-usdfc,false
13472,2026-04-23 19:16:23+00,polygon-usdc-usdfc,false
13473,2026-04-23 19:21:23+00,eth-usdfc,false
13474,2026-04-23 19:21:24+00,fil-usdfc,false
13475,2026-04-23 19:21:25+00,base-usdc-usdfc,false
13476,2026-04-23 19:21:26+00,polygon-usdc-usdfc,false
13478,2026-04-23 19:26:27+00,fil-usdfc,false
13477,2026-04-23 19:26:27+00,eth-usdfc,false
13480,2026-04-23 19:26:28+00,polygon-usdc-usdfc,false
13479,2026-04-23 19:26:28+00,base-usdc-usdfc,false
13482,2026-04-23 19:31:29+00,fil-usdfc,false
13481,2026-04-23 19:31:29+00,eth-usdfc,false
13484,2026-04-23 19:31:30+00,polygon-usdc-usdfc,false
13483,2026-04-23 19:31:30+00,base-usdc-usdfc,false
13486,2026-04-23 19:36:31+00,fil-usdfc,false
13485,2026-04-23 19:36:31+00,eth-usdfc,false
13488,2026-04-23 19:36:32+00,polygon-usdc-usdfc,false
13487,2026-04-23 19:36:32+00,base-usdc-usdfc,false
13490,2026-04-23 19:41:33+00,fil-usdfc,false
13489,2026-04-23 19:41:33+00,eth-usdfc,false
13492,2026-04-23 19:41:34+00,polygon-usdc-usdfc,false
13491,2026-04-23 19:41:34+00,base-usdc-usdfc,false
13495,2026-04-23 19:46:36+00,base-usdc-usdfc,false
13494,2026-04-23 19:46:36+00,fil-usdfc,false
13493,2026-04-23 19:46:36+00,eth-usdfc,false
13496,2026-04-23 19:46:37+00,polygon-usdc-usdfc,false
13497,2026-04-23 19:51:37+00,eth-usdfc,false
13499,2026-04-23 19:51:38+00,base-usdc-usdfc,false
13498,2026-04-23 19:51:38+00,fil-usdfc,false
13500,2026-04-23 19:51:39+00,polygon-usdc-usdfc,false
13501,2026-04-23 19:56:39+00,eth-usdfc,false
13503,2026-04-23 19:56:40+00,base-usdc-usdfc,false
13502,2026-04-23 19:56:40+00,fil-usdfc,false
13504,2026-04-23 19:56:41+00,polygon-usdc-usdfc,false
13505,2026-04-23 20:01:41+00,eth-usdfc,false
13507,2026-04-23 20:01:42+00,base-usdc-usdfc,false
13506,2026-04-23 20:01:42+00,fil-usdfc,false
13508,2026-04-23 20:01:43+00,polygon-usdc-usdfc,false
13510,2026-04-23 20:06:43+00,fil-usdfc,false
13509,2026-04-23 20:06:43+00,eth-usdfc,false
13512,2026-04-23 20:06:44+00,polygon-usdc-usdfc,false
13511,2026-04-23 20:06:44+00,base-usdc-usdfc,false
13514,2026-04-23 20:11:45+00,fil-usdfc,false
13513,2026-04-23 20:11:45+00,eth-usdfc,false
13515,2026-04-23 20:11:46+00,base-usdc-usdfc,false
13516,2026-04-23 20:11:47+00,polygon-usdc-usdfc,false
13517,2026-04-23 20:16:49+00,eth-usdfc,false
13519,2026-04-23 20:16:50+00,base-usdc-usdfc,false
13518,2026-04-23 20:16:50+00,fil-usdfc,false
13520,2026-04-23 20:16:51+00,polygon-usdc-usdfc,false
13521,2026-04-23 20:21:51+00,eth-usdfc,false
13523,2026-04-23 20:21:52+00,base-usdc-usdfc,false
13522,2026-04-23 20:21:52+00,fil-usdfc,false
13524,2026-04-23 20:21:53+00,polygon-usdc-usdfc,false
13525,2026-04-23 20:26:53+00,eth-usdfc,false
13526,2026-04-23 20:26:57+00,fil-usdfc,false
13528,2026-04-23 20:26:58+00,polygon-usdc-usdfc,false
13527,2026-04-23 20:26:58+00,base-usdc-usdfc,false
13531,2026-04-23 20:31:59+00,base-usdc-usdfc,false
13530,2026-04-23 20:31:59+00,fil-usdfc,false
13529,2026-04-23 20:31:59+00,eth-usdfc,false
13532,2026-04-23 20:32:01+00,polygon-usdc-usdfc,false
13533,2026-04-23 20:37:01+00,eth-usdfc,false
13535,2026-04-23 20:37:02+00,base-usdc-usdfc,false
13534,2026-04-23 20:37:02+00,fil-usdfc,false
13536,2026-04-23 20:37:03+00,polygon-usdc-usdfc,false
13538,2026-04-23 20:42:05+00,fil-usdfc,false
13537,2026-04-23 20:42:05+00,eth-usdfc,false
13540,2026-04-23 20:42:06+00,polygon-usdc-usdfc,false
13539,2026-04-23 20:42:06+00,base-usdc-usdfc,false
13541,2026-04-23 20:47:08+00,eth-usdfc,false
13543,2026-04-23 20:47:09+00,base-usdc-usdfc,false
13542,2026-04-23 20:47:09+00,fil-usdfc,false
13544,2026-04-23 20:47:10+00,polygon-usdc-usdfc,false
13546,2026-04-23 20:55:39+00,fil-usdfc,false
13545,2026-04-23 20:55:39+00,eth-usdfc,false
13548,2026-04-23 20:55:40+00,polygon-usdc-usdfc,false
13547,2026-04-23 20:55:40+00,base-usdc-usdfc,false
13550,2026-04-23 20:59:03+00,fil-usdfc,false
13549,2026-04-23 20:59:03+00,eth-usdfc,false
13552,2026-04-23 20:59:04+00,polygon-usdc-usdfc,false
13551,2026-04-23 20:59:04+00,base-usdc-usdfc,false
13553,2026-04-23 21:14:06+00,eth-usdfc,false
13555,2026-04-23 21:14:07+00,base-usdc-usdfc,false
13554,2026-04-23 21:14:07+00,fil-usdfc,false
13556,2026-04-23 21:14:08+00,polygon-usdc-usdfc,false
13557,2026-04-23 21:29:09+00,eth-usdfc,false
13559,2026-04-23 21:29:10+00,base-usdc-usdfc,false
13558,2026-04-23 21:29:10+00,fil-usdfc,false
13560,2026-04-23 21:29:11+00,polygon-usdc-usdfc,false
13562,2026-04-23 21:44:12+00,fil-usdfc,false
13561,2026-04-23 21:44:12+00,eth-usdfc,false
13563,2026-04-23 21:44:13+00,base-usdc-usdfc,false
13564,2026-04-23 21:44:14+00,polygon-usdc-usdfc,false
13565,2026-04-23 21:59:15+00,eth-usdfc,false
13567,2026-04-23 21:59:16+00,base-usdc-usdfc,false
13566,2026-04-23 21:59:16+00,fil-usdfc,false
13568,2026-04-23 21:59:17+00,polygon-usdc-usdfc,false
13569,2026-04-23 22:14:19+00,eth-usdfc,false
13572,2026-04-23 22:14:23+00,polygon-usdc-usdfc,false
13571,2026-04-23 22:14:23+00,base-usdc-usdfc,false
13570,2026-04-23 22:14:23+00,fil-usdfc,false
13573,2026-04-23 22:29:25+00,eth-usdfc,false
13574,2026-04-23 22:29:26+00,fil-usdfc,false
13576,2026-04-23 22:29:27+00,polygon-usdc-usdfc,false
13575,2026-04-23 22:29:27+00,base-usdc-usdfc,false
13577,2026-04-23 22:44:29+00,eth-usdfc,false
13579,2026-04-23 22:44:30+00,base-usdc-usdfc,false
13578,2026-04-23 22:44:30+00,fil-usdfc,false
13580,2026-04-23 22:44:31+00,polygon-usdc-usdfc,false
13581,2026-04-23 22:59:33+00,eth-usdfc,false
13583,2026-04-23 22:59:34+00,base-usdc-usdfc,false
13582,2026-04-23 22:59:34+00,fil-usdfc,false
13584,2026-04-23 22:59:35+00,polygon-usdc-usdfc,false
13585,2026-04-23 23:14:36+00,eth-usdfc,false
13586,2026-04-23 23:14:37+00,fil-usdfc,false
13588,2026-04-23 23:14:38+00,polygon-usdc-usdfc,false
13587,2026-04-23 23:14:38+00,base-usdc-usdfc,false
13589,2026-04-23 23:29:42+00,eth-usdfc,false
13591,2026-04-23 23:29:46+00,base-usdc-usdfc,false
13590,2026-04-23 23:29:46+00,fil-usdfc,false
13592,2026-04-23 23:29:47+00,polygon-usdc-usdfc,false
13593,2026-04-23 23:44:49+00,eth-usdfc,false
13594,2026-04-23 23:44:50+00,fil-usdfc,false
13596,2026-04-23 23:44:51+00,polygon-usdc-usdfc,false
13595,2026-04-23 23:44:51+00,base-usdc-usdfc,false
13597,2026-04-23 23:59:54+00,eth-usdfc,false
13598,2026-04-23 23:59:58+00,fil-usdfc,false
13599,2026-04-23 23:59:59+00,base-usdc-usdfc,false
13600,2026-04-24 00:00:00+00,polygon-usdc-usdfc,false
13601,2026-04-24 00:15:02+00,eth-usdfc,false
13602,2026-04-24 00:15:05+00,fil-usdfc,false
13604,2026-04-24 00:15:06+00,polygon-usdc-usdfc,false
13603,2026-04-24 00:15:06+00,base-usdc-usdfc,false
13605,2026-04-24 00:30:10+00,eth-usdfc,false
13606,2026-04-24 00:30:11+00,fil-usdfc,false
13608,2026-04-24 00:30:12+00,polygon-usdc-usdfc,false
13607,2026-04-24 00:30:12+00,base-usdc-usdfc,false
13609,2026-04-24 00:45:15+00,eth-usdfc,false
13611,2026-04-24 00:45:20+00,base-usdc-usdfc,false
13610,2026-04-24 00:45:20+00,fil-usdfc,false
13612,2026-04-24 00:45:21+00,polygon-usdc-usdfc,false
13613,2026-04-24 01:00:23+00,eth-usdfc,false
13614,2026-04-24 01:00:24+00,fil-usdfc,false
13616,2026-04-24 01:00:25+00,polygon-usdc-usdfc,false
13615,2026-04-24 01:00:25+00,base-usdc-usdfc,false
13617,2026-04-24 01:15:29+00,eth-usdfc,false
13619,2026-04-24 01:15:30+00,base-usdc-usdfc,false
13618,2026-04-24 01:15:30+00,fil-usdfc,false
13620,2026-04-24 01:15:31+00,polygon-usdc-usdfc,false
13621,2026-04-24 01:30:33+00,eth-usdfc,false
13622,2026-04-24 01:30:34+00,fil-usdfc,false
13624,2026-04-24 01:30:35+00,polygon-usdc-usdfc,false
13623,2026-04-24 01:30:35+00,base-usdc-usdfc,false
13625,2026-04-24 01:45:37+00,eth-usdfc,true
13626,2026-04-24 01:45:39+00,fil-usdfc,true
13627,2026-04-24 01:45:40+00,base-usdc-usdfc,true
13628,2026-04-24 01:45:41+00,polygon-usdc-usdfc,true
13629,2026-04-24 02:00:43+00,eth-usdfc,true
13630,2026-04-24 02:00:44+00,fil-usdfc,true
13632,2026-04-24 02:00:45+00,polygon-usdc-usdfc,true
13631,2026-04-24 02:00:45+00,base-usdc-usdfc,true
13633,2026-04-24 02:15:47+00,eth-usdfc,false
13634,2026-04-24 02:15:49+00,fil-usdfc,false
13635,2026-04-24 02:15:50+00,base-usdc-usdfc,false
13636,2026-04-24 02:15:51+00,polygon-usdc-usdfc,false
13637,2026-04-24 02:30:53+00,eth-usdfc,false
13638,2026-04-24 02:30:54+00,fil-usdfc,false
13639,2026-04-24 02:30:55+00,base-usdc-usdfc,false
13640,2026-04-24 02:30:56+00,polygon-usdc-usdfc,false
13641,2026-04-24 02:46:02+00,eth-usdfc,true
13643,2026-04-24 02:46:03+00,base-usdc-usdfc,true
13642,2026-04-24 02:46:03+00,fil-usdfc,true
13644,2026-04-24 02:46:04+00,polygon-usdc-usdfc,true
13645,2026-04-24 03:01:06+00,eth-usdfc,true
13646,2026-04-24 03:01:07+00,fil-usdfc,true
13647,2026-04-24 03:01:08+00,base-usdc-usdfc,true
13648,2026-04-24 03:01:09+00,polygon-usdc-usdfc,true
13649,2026-04-24 03:16:12+00,eth-usdfc,true
13651,2026-04-24 03:16:15+00,base-usdc-usdfc,true
13650,2026-04-24 03:16:15+00,fil-usdfc,true
13652,2026-04-24 03:16:16+00,polygon-usdc-usdfc,true
13653,2026-04-24 03:31:18+00,eth-usdfc,false
13654,2026-04-24 03:31:20+00,fil-usdfc,false
13655,2026-04-24 03:31:21+00,base-usdc-usdfc,false
13656,2026-04-24 03:31:22+00,polygon-usdc-usdfc,false
13657,2026-04-24 03:46:24+00,eth-usdfc,false
13658,2026-04-24 03:46:25+00,fil-usdfc,false
13659,2026-04-24 03:46:26+00,base-usdc-usdfc,false
13660,2026-04-24 03:46:27+00,polygon-usdc-usdfc,false
13661,2026-04-24 04:01:29+00,eth-usdfc,true
13662,2026-04-24 04:01:30+00,fil-usdfc,true
13664,2026-04-24 04:01:31+00,polygon-usdc-usdfc,true
13663,2026-04-24 04:01:31+00,base-usdc-usdfc,true
13665,2026-04-24 04:16:33+00,eth-usdfc,true
13666,2026-04-24 04:16:34+00,fil-usdfc,true
13668,2026-04-24 04:16:35+00,polygon-usdc-usdfc,true
13667,2026-04-24 04:16:35+00,base-usdc-usdfc,true
13669,2026-04-24 04:31:36+00,eth-usdfc,true
13670,2026-04-24 04:31:37+00,fil-usdfc,true
13671,2026-04-24 04:31:38+00,base-usdc-usdfc,true
13672,2026-04-24 04:31:39+00,polygon-usdc-usdfc,true
13673,2026-04-24 04:46:41+00,eth-usdfc,false
13674,2026-04-24 04:46:43+00,fil-usdfc,false
13675,2026-04-24 04:46:44+00,base-usdc-usdfc,false
13676,2026-04-24 04:46:45+00,polygon-usdc-usdfc,false
13677,2026-04-24 05:01:47+00,eth-usdfc,true
13678,2026-04-24 05:01:49+00,fil-usdfc,true
13679,2026-04-24 05:01:50+00,base-usdc-usdfc,true
13680,2026-04-24 05:01:51+00,polygon-usdc-usdfc,true
13681,2026-04-24 05:16:52+00,eth-usdfc,true
13682,2026-04-24 05:16:54+00,fil-usdfc,true
13684,2026-04-24 05:16:55+00,polygon-usdc-usdfc,true
13683,2026-04-24 05:16:55+00,base-usdc-usdfc,true
13685,2026-04-24 05:31:58+00,eth-usdfc,true
13686,2026-04-24 05:31:59+00,fil-usdfc,true
13687,2026-04-24 05:32:00+00,base-usdc-usdfc,true
13688,2026-04-24 05:32:01+00,polygon-usdc-usdfc,true
13689,2026-04-24 05:47:04+00,eth-usdfc,true
13690,2026-04-24 05:47:05+00,fil-usdfc,true
13691,2026-04-24 05:47:06+00,base-usdc-usdfc,true
13692,2026-04-24 05:47:07+00,polygon-usdc-usdfc,true
13693,2026-04-24 06:02:08+00,eth-usdfc,true
13694,2026-04-24 06:02:09+00,fil-usdfc,true
13696,2026-04-24 06:02:11+00,polygon-usdc-usdfc,true
13695,2026-04-24 06:02:11+00,base-usdc-usdfc,true
13697,2026-04-24 06:17:13+00,eth-usdfc,true
13698,2026-04-24 06:17:15+00,fil-usdfc,true
13700,2026-04-24 06:17:16+00,polygon-usdc-usdfc,true
13699,2026-04-24 06:17:16+00,base-usdc-usdfc,true
13701,2026-04-24 06:32:18+00,eth-usdfc,true
13702,2026-04-24 06:32:19+00,fil-usdfc,true
13703,2026-04-24 06:32:20+00,base-usdc-usdfc,true
13704,2026-04-24 06:32:21+00,polygon-usdc-usdfc,true
13705,2026-04-24 06:47:22+00,eth-usdfc,false
13706,2026-04-24 06:47:23+00,fil-usdfc,false
13707,2026-04-24 06:47:25+00,base-usdc-usdfc,false
13708,2026-04-24 06:47:26+00,polygon-usdc-usdfc,false
13709,2026-04-24 07:02:27+00,eth-usdfc,true
13710,2026-04-24 07:02:28+00,fil-usdfc,true
13711,2026-04-24 07:02:29+00,base-usdc-usdfc,true
13712,2026-04-24 07:02:30+00,polygon-usdc-usdfc,true
13713,2026-04-24 07:17:31+00,eth-usdfc,true
13715,2026-04-24 07:17:33+00,base-usdc-usdfc,true
13714,2026-04-24 07:17:33+00,fil-usdfc,true
13716,2026-04-24 07:17:34+00,polygon-usdc-usdfc,true
13717,2026-04-24 07:32:35+00,eth-usdfc,true
13718,2026-04-24 07:32:36+00,fil-usdfc,true
13719,2026-04-24 07:32:37+00,base-usdc-usdfc,true
13720,2026-04-24 07:32:38+00,polygon-usdc-usdfc,true
13721,2026-04-24 07:47:39+00,eth-usdfc,true
13723,2026-04-24 07:47:41+00,base-usdc-usdfc,true
13722,2026-04-24 07:47:41+00,fil-usdfc,true
13724,2026-04-24 07:47:42+00,polygon-usdc-usdfc,true
13725,2026-04-24 08:02:44+00,eth-usdfc,true
13726,2026-04-24 08:02:45+00,fil-usdfc,true
13727,2026-04-24 08:02:46+00,base-usdc-usdfc,true
13728,2026-04-24 08:02:48+00,polygon-usdc-usdfc,true
13729,2026-04-24 08:17:50+00,eth-usdfc,true
13731,2026-04-24 08:17:52+00,base-usdc-usdfc,true
13730,2026-04-24 08:17:52+00,fil-usdfc,true
13732,2026-04-24 08:17:53+00,polygon-usdc-usdfc,true
13733,2026-04-24 08:32:55+00,eth-usdfc,true
13734,2026-04-24 08:32:56+00,fil-usdfc,true
13735,2026-04-24 08:32:57+00,base-usdc-usdfc,true
13736,2026-04-24 08:32:58+00,polygon-usdc-usdfc,true
13737,2026-04-24 08:47:59+00,eth-usdfc,true
13738,2026-04-24 08:48:00+00,fil-usdfc,true
13739,2026-04-24 08:48:01+00,base-usdc-usdfc,true
13740,2026-04-24 08:48:02+00,polygon-usdc-usdfc,true
13741,2026-04-24 09:03:04+00,eth-usdfc,true
13742,2026-04-24 09:03:05+00,fil-usdfc,true
13743,2026-04-24 09:03:06+00,base-usdc-usdfc,true
13744,2026-04-24 09:03:07+00,polygon-usdc-usdfc,true
13745,2026-04-24 09:18:09+00,eth-usdfc,true
13747,2026-04-24 09:18:10+00,base-usdc-usdfc,true
13746,2026-04-24 09:18:10+00,fil-usdfc,true
13748,2026-04-24 09:18:11+00,polygon-usdc-usdfc,true
13749,2026-04-24 09:33:12+00,eth-usdfc,true
13751,2026-04-24 09:33:14+00,base-usdc-usdfc,true
13750,2026-04-24 09:33:14+00,fil-usdfc,true
13752,2026-04-24 09:33:15+00,polygon-usdc-usdfc,true
13753,2026-04-24 09:48:17+00,eth-usdfc,true
13755,2026-04-24 09:48:18+00,base-usdc-usdfc,true
13754,2026-04-24 09:48:18+00,fil-usdfc,true
13756,2026-04-24 09:48:19+00,polygon-usdc-usdfc,true
13757,2026-04-24 10:03:21+00,eth-usdfc,true
13759,2026-04-24 10:03:22+00,base-usdc-usdfc,true
13758,2026-04-24 10:03:22+00,fil-usdfc,true
13760,2026-04-24 10:03:23+00,polygon-usdc-usdfc,true
13761,2026-04-24 10:18:25+00,eth-usdfc,true
13762,2026-04-24 10:18:26+00,fil-usdfc,true
13764,2026-04-24 10:18:27+00,polygon-usdc-usdfc,true
13763,2026-04-24 10:18:27+00,base-usdc-usdfc,true
13765,2026-04-24 10:33:29+00,eth-usdfc,true
13766,2026-04-24 10:33:30+00,fil-usdfc,true
13768,2026-04-24 10:33:31+00,polygon-usdc-usdfc,true
13767,2026-04-24 10:33:31+00,base-usdc-usdfc,true
13769,2026-04-24 10:48:33+00,eth-usdfc,true
13770,2026-04-24 10:48:34+00,fil-usdfc,true
13772,2026-04-24 10:48:35+00,polygon-usdc-usdfc,true
13771,2026-04-24 10:48:35+00,base-usdc-usdfc,true
13773,2026-04-24 11:03:38+00,eth-usdfc,true
13774,2026-04-24 11:03:39+00,fil-usdfc,true
13775,2026-04-24 11:03:40+00,base-usdc-usdfc,true
13776,2026-04-24 11:03:42+00,polygon-usdc-usdfc,true
13777,2026-04-24 11:18:43+00,eth-usdfc,true
13778,2026-04-24 11:18:45+00,fil-usdfc,true
13780,2026-04-24 11:18:46+00,polygon-usdc-usdfc,true
13779,2026-04-24 11:18:46+00,base-usdc-usdfc,true
13781,2026-04-24 11:33:48+00,eth-usdfc,true
13782,2026-04-24 11:33:49+00,fil-usdfc,true
13783,2026-04-24 11:33:50+00,base-usdc-usdfc,true
13784,2026-04-24 11:33:51+00,polygon-usdc-usdfc,true
13785,2026-04-24 11:48:54+00,eth-usdfc,true
13787,2026-04-24 11:48:56+00,base-usdc-usdfc,true
13786,2026-04-24 11:48:56+00,fil-usdfc,true
13788,2026-04-24 11:48:57+00,polygon-usdc-usdfc,true
13789,2026-04-24 12:03:59+00,eth-usdfc,true
13790,2026-04-24 12:04:00+00,fil-usdfc,true
13791,2026-04-24 12:04:01+00,base-usdc-usdfc,true
13792,2026-04-24 12:04:02+00,polygon-usdc-usdfc,true
13793,2026-04-24 12:19:03+00,eth-usdfc,true
13795,2026-04-24 12:19:05+00,base-usdc-usdfc,true
13794,2026-04-24 12:19:05+00,fil-usdfc,true
13796,2026-04-24 12:19:06+00,polygon-usdc-usdfc,true
13797,2026-04-24 12:34:08+00,eth-usdfc,true
13799,2026-04-24 12:34:10+00,base-usdc-usdfc,true
13798,2026-04-24 12:34:10+00,fil-usdfc,true
13800,2026-04-24 12:34:11+00,polygon-usdc-usdfc,true
13801,2026-04-24 12:49:14+00,eth-usdfc,true
13802,2026-04-24 12:49:16+00,fil-usdfc,true
13803,2026-04-24 12:49:17+00,base-usdc-usdfc,true
13804,2026-04-24 12:49:19+00,polygon-usdc-usdfc,true
13805,2026-04-24 13:04:22+00,eth-usdfc,true
13806,2026-04-24 13:04:23+00,fil-usdfc,true
13807,2026-04-24 13:04:24+00,base-usdc-usdfc,true
13808,2026-04-24 13:04:25+00,polygon-usdc-usdfc,true
13809,2026-04-24 13:19:27+00,eth-usdfc,true
13810,2026-04-24 13:19:28+00,fil-usdfc,true
13811,2026-04-24 13:19:29+00,base-usdc-usdfc,true
13812,2026-04-24 13:19:30+00,polygon-usdc-usdfc,true
13813,2026-04-24 13:34:32+00,eth-usdfc,true
13815,2026-04-24 13:34:33+00,base-usdc-usdfc,true
13814,2026-04-24 13:34:33+00,fil-usdfc,true
13816,2026-04-24 13:34:35+00,polygon-usdc-usdfc,true
13817,2026-04-24 13:49:36+00,eth-usdfc,true
13819,2026-04-24 13:49:38+00,base-usdc-usdfc,true
13818,2026-04-24 13:49:38+00,fil-usdfc,true
13820,2026-04-24 13:49:39+00,polygon-usdc-usdfc,true
13821,2026-04-24 14:04:41+00,eth-usdfc,true
13822,2026-04-24 14:04:42+00,fil-usdfc,true
13823,2026-04-24 14:04:43+00,base-usdc-usdfc,true
13824,2026-04-24 14:04:44+00,polygon-usdc-usdfc,true
13825,2026-04-24 14:19:46+00,eth-usdfc,true
13826,2026-04-24 14:19:47+00,fil-usdfc,true
13827,2026-04-24 14:19:48+00,base-usdc-usdfc,true
13828,2026-04-24 14:19:49+00,polygon-usdc-usdfc,true
13829,2026-04-24 14:34:51+00,eth-usdfc,true
13830,2026-04-24 14:34:52+00,fil-usdfc,true
13832,2026-04-24 14:34:53+00,polygon-usdc-usdfc,true
13831,2026-04-24 14:34:53+00,base-usdc-usdfc,true
13833,2026-04-24 14:49:55+00,eth-usdfc,true
13835,2026-04-24 14:49:56+00,base-usdc-usdfc,true
13834,2026-04-24 14:49:56+00,fil-usdfc,true
13836,2026-04-24 14:49:57+00,polygon-usdc-usdfc,true
13837,2026-04-24 15:04:59+00,eth-usdfc,true
13839,2026-04-24 15:05:00+00,base-usdc-usdfc,true
13838,2026-04-24 15:05:00+00,fil-usdfc,true
13840,2026-04-24 15:05:01+00,polygon-usdc-usdfc,true
13841,2026-04-24 15:20:03+00,eth-usdfc,true
13842,2026-04-24 15:20:04+00,fil-usdfc,true
13843,2026-04-24 15:20:05+00,base-usdc-usdfc,true
13844,2026-04-24 15:20:06+00,polygon-usdc-usdfc,true
13845,2026-04-24 15:35:07+00,eth-usdfc,true
13846,2026-04-24 15:35:08+00,fil-usdfc,true
13847,2026-04-24 15:35:09+00,base-usdc-usdfc,true
13848,2026-04-24 15:35:10+00,polygon-usdc-usdfc,true
13849,2026-04-24 15:50:11+00,eth-usdfc,true
13850,2026-04-24 15:50:12+00,fil-usdfc,true
13852,2026-04-24 15:50:13+00,polygon-usdc-usdfc,true
13851,2026-04-24 15:50:13+00,base-usdc-usdfc,true
13853,2026-04-24 16:05:15+00,eth-usdfc,true
13854,2026-04-24 16:05:16+00,fil-usdfc,true
13855,2026-04-24 16:05:17+00,base-usdc-usdfc,true
13856,2026-04-24 16:05:18+00,polygon-usdc-usdfc,true
13857,2026-04-24 16:20:19+00,eth-usdfc,true
13858,2026-04-24 16:20:20+00,fil-usdfc,true
13860,2026-04-24 16:20:22+00,polygon-usdc-usdfc,true
13859,2026-04-24 16:20:22+00,base-usdc-usdfc,true
13861,2026-04-24 16:35:24+00,eth-usdfc,true
13862,2026-04-24 16:35:25+00,fil-usdfc,true
13863,2026-04-24 16:35:26+00,base-usdc-usdfc,true
13864,2026-04-24 16:35:27+00,polygon-usdc-usdfc,true
13865,2026-04-24 16:50:29+00,eth-usdfc,true
13866,2026-04-24 16:50:32+00,fil-usdfc,true
13867,2026-04-24 16:50:33+00,base-usdc-usdfc,true
13868,2026-04-24 16:50:34+00,polygon-usdc-usdfc,true
13869,2026-04-24 17:05:45+00,eth-usdfc,true
13870,2026-04-24 17:05:46+00,fil-usdfc,true
13871,2026-04-24 17:05:48+00,base-usdc-usdfc,true
13872,2026-04-24 17:05:49+00,polygon-usdc-usdfc,true
13873,2026-04-24 17:20:52+00,eth-usdfc,true
13875,2026-04-24 17:20:54+00,base-usdc-usdfc,true
13874,2026-04-24 17:20:54+00,fil-usdfc,true
13876,2026-04-24 17:20:56+00,polygon-usdc-usdfc,true
13877,2026-04-24 17:36:00+00,eth-usdfc,true
13878,2026-04-24 17:36:01+00,fil-usdfc,true
13879,2026-04-24 17:36:02+00,base-usdc-usdfc,true
13880,2026-04-24 17:36:03+00,polygon-usdc-usdfc,true
13881,2026-04-24 17:51:05+00,eth-usdfc,true
13882,2026-04-24 17:51:07+00,fil-usdfc,true
13883,2026-04-24 17:51:08+00,base-usdc-usdfc,true
13884,2026-04-24 17:51:10+00,polygon-usdc-usdfc,true
13885,2026-04-24 18:06:13+00,eth-usdfc,true
13886,2026-04-24 18:06:15+00,fil-usdfc,true
13887,2026-04-24 18:06:16+00,base-usdc-usdfc,true
13888,2026-04-24 18:06:17+00,polygon-usdc-usdfc,true
13889,2026-04-24 18:21:20+00,eth-usdfc,true
13890,2026-04-24 18:21:22+00,fil-usdfc,true
13891,2026-04-24 18:21:23+00,base-usdc-usdfc,true
13892,2026-04-24 18:21:24+00,polygon-usdc-usdfc,true
13893,2026-04-24 18:36:26+00,eth-usdfc,true
13894,2026-04-24 18:36:28+00,fil-usdfc,true
13895,2026-04-24 18:36:29+00,base-usdc-usdfc,true
13896,2026-04-24 18:36:30+00,polygon-usdc-usdfc,true
13897,2026-04-24 18:51:33+00,eth-usdfc,true
13898,2026-04-24 18:51:35+00,fil-usdfc,true
13899,2026-04-24 18:51:37+00,base-usdc-usdfc,true
13900,2026-04-24 18:51:38+00,polygon-usdc-usdfc,true
13901,2026-04-24 19:06:40+00,eth-usdfc,true
13902,2026-04-24 19:06:41+00,fil-usdfc,true
13903,2026-04-24 19:06:42+00,base-usdc-usdfc,true
13904,2026-04-24 19:06:43+00,polygon-usdc-usdfc,true
13905,2026-04-24 19:21:53+00,eth-usdfc,true
13906,2026-04-24 19:21:54+00,fil-usdfc,true
13907,2026-04-24 19:21:55+00,base-usdc-usdfc,true
13908,2026-04-24 19:21:56+00,polygon-usdc-usdfc,true
47281,2026-04-24 19:29:17+00,eth-usdfc,true
47282,2026-04-24 19:29:22+00,fil-usdfc,true
47283,2026-04-24 19:29:27+00,base-usdc-usdfc,true
47284,2026-04-24 19:29:29+00,polygon-usdc-usdfc,true
47285,2026-04-24 19:34:21+00,eth-usdfc,true
47286,2026-04-24 19:34:23+00,fil-usdfc,true
47288,2026-04-24 19:34:24+00,polygon-usdc-usdfc,true
47287,2026-04-24 19:34:24+00,base-usdc-usdfc,true
47289,2026-04-24 19:49:31+00,eth-usdfc,true
47290,2026-04-24 19:49:34+00,fil-usdfc,true
47291,2026-04-24 19:49:36+00,base-usdc-usdfc,true
47292,2026-04-24 19:49:38+00,polygon-usdc-usdfc,true
47293,2026-04-24 19:55:46+00,eth-usdfc,true
47294,2026-04-24 19:55:47+00,fil-usdfc,true
47295,2026-04-24 19:55:48+00,base-usdc-usdfc,true
47296,2026-04-24 19:55:49+00,polygon-usdc-usdfc,true
47297,2026-04-24 20:11:00+00,eth-usdfc,true
47298,2026-04-24 20:11:02+00,fil-usdfc,true
47299,2026-04-24 20:11:03+00,base-usdc-usdfc,true
47300,2026-04-24 20:11:04+00,polygon-usdc-usdfc,true
47301,2026-04-24 20:26:12+00,eth-usdfc,true
47302,2026-04-24 20:26:14+00,fil-usdfc,true
47303,2026-04-24 20:26:15+00,base-usdc-usdfc,true
47304,2026-04-24 20:26:17+00,polygon-usdc-usdfc,true
47305,2026-04-24 20:41:34+00,eth-usdfc,true
47306,2026-04-24 20:41:37+00,fil-usdfc,true
47307,2026-04-24 20:41:39+00,base-usdc-usdfc,true
47308,2026-04-24 20:41:40+00,polygon-usdc-usdfc,true
47309,2026-04-24 20:56:47+00,eth-usdfc,true
47310,2026-04-24 20:56:48+00,fil-usdfc,true
47311,2026-04-24 20:56:49+00,base-usdc-usdfc,true
47312,2026-04-24 20:56:50+00,polygon-usdc-usdfc,true
47313,2026-04-24 21:11:55+00,eth-usdfc,true
47314,2026-04-24 21:11:57+00,fil-usdfc,true
47315,2026-04-24 21:11:58+00,base-usdc-usdfc,true
47316,2026-04-24 21:11:59+00,polygon-usdc-usdfc,true
47317,2026-04-24 21:27:07+00,eth-usdfc,true
47318,2026-04-24 21:27:08+00,fil-usdfc,true
47319,2026-04-24 21:27:09+00,base-usdc-usdfc,true
47320,2026-04-24 21:27:10+00,polygon-usdc-usdfc,true
47321,2026-04-24 21:42:14+00,eth-usdfc,true
47323,2026-04-24 21:42:17+00,base-usdc-usdfc,true
47322,2026-04-24 21:42:17+00,fil-usdfc,true
47324,2026-04-24 21:42:19+00,polygon-usdc-usdfc,true
47325,2026-04-24 21:57:24+00,eth-usdfc,true
47326,2026-04-24 21:57:25+00,fil-usdfc,true
47327,2026-04-24 21:57:28+00,base-usdc-usdfc,true
47328,2026-04-24 21:57:29+00,polygon-usdc-usdfc,true
47329,2026-04-24 22:12:36+00,eth-usdfc,true
47330,2026-04-24 22:12:38+00,fil-usdfc,true
47331,2026-04-24 22:12:40+00,base-usdc-usdfc,true
47332,2026-04-24 22:12:41+00,polygon-usdc-usdfc,true
47333,2026-04-24 22:27:53+00,eth-usdfc,true
47334,2026-04-24 22:27:55+00,fil-usdfc,true
47335,2026-04-24 22:27:56+00,base-usdc-usdfc,true
47336,2026-04-24 22:27:57+00,polygon-usdc-usdfc,true
47337,2026-04-24 22:43:02+00,eth-usdfc,true
47339,2026-04-24 22:43:04+00,base-usdc-usdfc,true
47338,2026-04-24 22:43:04+00,fil-usdfc,true
47340,2026-04-24 22:43:05+00,polygon-usdc-usdfc,true
47341,2026-04-24 22:58:10+00,eth-usdfc,true
47342,2026-04-24 22:58:12+00,fil-usdfc,true
47343,2026-04-24 22:58:13+00,base-usdc-usdfc,true
47344,2026-04-24 22:58:15+00,polygon-usdc-usdfc,true
47345,2026-04-24 23:13:24+00,eth-usdfc,true
47346,2026-04-24 23:13:25+00,fil-usdfc,true
47347,2026-04-24 23:13:26+00,base-usdc-usdfc,true
47348,2026-04-24 23:13:27+00,polygon-usdc-usdfc,true
47349,2026-04-24 23:28:33+00,eth-usdfc,true
47350,2026-04-24 23:28:34+00,fil-usdfc,true
47352,2026-04-24 23:28:36+00,polygon-usdc-usdfc,true
47351,2026-04-24 23:28:36+00,base-usdc-usdfc,true
47353,2026-04-24 23:43:46+00,eth-usdfc,true
47355,2026-04-24 23:43:48+00,base-usdc-usdfc,true
47354,2026-04-24 23:43:48+00,fil-usdfc,true
47356,2026-04-24 23:43:49+00,polygon-usdc-usdfc,true
47357,2026-04-24 23:58:54+00,eth-usdfc,true
47358,2026-04-24 23:58:56+00,fil-usdfc,true
47359,2026-04-24 23:58:57+00,base-usdc-usdfc,true
47360,2026-04-24 23:58:58+00,polygon-usdc-usdfc,true
47361,2026-04-25 00:14:07+00,eth-usdfc,true
47362,2026-04-25 00:14:09+00,fil-usdfc,true
47363,2026-04-25 00:14:17+00,base-usdc-usdfc,true
47364,2026-04-25 00:14:18+00,polygon-usdc-usdfc,true
47365,2026-04-25 00:22:05+00,eth-usdfc,true
47366,2026-04-25 00:22:06+00,fil-usdfc,true
47367,2026-04-25 00:22:07+00,base-usdc-usdfc,true
47368,2026-04-25 00:22:08+00,polygon-usdc-usdfc,true
47369,2026-04-25 02:47:39+00,eth-usdfc,true
47370,2026-04-25 02:47:40+00,fil-usdfc,true
47371,2026-04-25 02:47:41+00,base-usdc-usdfc,true
47372,2026-04-25 02:47:42+00,polygon-usdc-usdfc,true
47373,2026-04-27 18:17:01+00,eth-usdfc,true
47374,2026-04-27 18:17:02+00,fil-usdfc,true
47375,2026-04-27 18:17:03+00,base-usdc-usdfc,true
47376,2026-04-27 18:17:04+00,polygon-usdc-usdfc,true
47377,2026-04-27 19:33:49+00,eth-usdfc,true
47378,2026-04-27 19:33:50+00,fil-usdfc,true
47379,2026-04-27 19:33:51+00,base-usdc-usdfc,true
47380,2026-04-27 19:33:52+00,polygon-usdc-usdfc,true
47381,2026-04-27 20:27:19+00,eth-usdfc,true
47382,2026-04-27 20:27:20+00,fil-usdfc,true
47383,2026-04-27 20:27:21+00,base-usdc-usdfc,true
47384,2026-04-27 20:27:22+00,polygon-usdc-usdfc,true
47385,2026-04-27 21:25:29+00,eth-usdfc,true
47387,2026-04-27 21:25:31+00,base-usdc-usdfc,true
47386,2026-04-27 21:25:31+00,fil-usdfc,true
47388,2026-04-27 21:25:32+00,polygon-usdc-usdfc,true
47389,2026-04-27 22:20:22+00,eth-usdfc,true
47391,2026-04-27 22:20:23+00,base-usdc-usdfc,true
47390,2026-04-27 22:20:23+00,fil-usdfc,true
47392,2026-04-27 22:20:24+00,polygon-usdc-usdfc,true
47393,2026-04-27 23:21:42+00,eth-usdfc,true
47394,2026-04-27 23:21:43+00,fil-usdfc,true
47395,2026-04-27 23:21:44+00,base-usdc-usdfc,true
47396,2026-04-27 23:21:45+00,polygon-usdc-usdfc,true
47397,2026-04-28 00:41:56+00,eth-usdfc,true
47398,2026-04-28 00:41:57+00,fil-usdfc,true
47399,2026-04-28 00:41:58+00,base-usdc-usdfc,true
47400,2026-04-28 00:41:59+00,polygon-usdc-usdfc,true
47401,2026-04-28 01:38:20+00,eth-usdfc,true
47403,2026-04-28 01:38:21+00,base-usdc-usdfc,true
47402,2026-04-28 01:38:21+00,fil-usdfc,true
47404,2026-04-28 01:38:22+00,polygon-usdc-usdfc,true
47405,2026-04-28 03:10:04+00,eth-usdfc,true
47406,2026-04-28 03:10:05+00,fil-usdfc,true
47408,2026-04-28 03:10:06+00,polygon-usdc-usdfc,true
47407,2026-04-28 03:10:06+00,base-usdc-usdfc,true
47409,2026-04-28 05:10:42+00,eth-usdfc,true
47410,2026-04-28 05:10:43+00,fil-usdfc,true
47411,2026-04-28 05:10:44+00,base-usdc-usdfc,true
47412,2026-04-28 05:10:45+00,polygon-usdc-usdfc,true
47413,2026-04-28 06:59:09+00,eth-usdfc,true
47414,2026-04-28 06:59:10+00,fil-usdfc,true
47415,2026-04-28 06:59:11+00,base-usdc-usdfc,true
47416,2026-04-28 06:59:12+00,polygon-usdc-usdfc,true
47417,2026-04-28 07:53:17+00,eth-usdfc,true
47419,2026-04-28 07:53:18+00,base-usdc-usdfc,true
47418,2026-04-28 07:53:18+00,fil-usdfc,true
47420,2026-04-28 07:53:19+00,polygon-usdc-usdfc,true
47421,2026-04-28 08:53:15+00,eth-usdfc,true
47423,2026-04-28 08:53:16+00,base-usdc-usdfc,true
47422,2026-04-28 08:53:16+00,fil-usdfc,true
47424,2026-04-28 08:53:17+00,polygon-usdc-usdfc,true
47425,2026-04-28 09:50:18+00,eth-usdfc,true
47426,2026-04-28 09:50:19+00,fil-usdfc,true
47428,2026-04-28 09:50:20+00,polygon-usdc-usdfc,true
47427,2026-04-28 09:50:20+00,base-usdc-usdfc,true
47429,2026-04-28 10:42:53+00,eth-usdfc,true
47430,2026-04-28 10:42:54+00,fil-usdfc,true
47432,2026-04-28 10:42:55+00,polygon-usdc-usdfc,true
47431,2026-04-28 10:42:55+00,base-usdc-usdfc,true
47433,2026-04-28 11:36:06+00,eth-usdfc,true
47434,2026-04-28 11:36:07+00,fil-usdfc,true
47435,2026-04-28 11:36:08+00,base-usdc-usdfc,true
47436,2026-04-28 11:36:09+00,polygon-usdc-usdfc,true
47437,2026-04-28 12:40:16+00,eth-usdfc,true
47438,2026-04-28 12:40:18+00,fil-usdfc,true
47439,2026-04-28 12:40:19+00,base-usdc-usdfc,true
47440,2026-04-28 12:40:20+00,polygon-usdc-usdfc,true
47441,2026-04-28 15:50:51+00,eth-usdfc,true
47442,2026-04-28 15:50:52+00,fil-usdfc,true
47443,2026-04-28 15:50:53+00,base-usdc-usdfc,true
47444,2026-04-28 15:50:54+00,polygon-usdc-usdfc,true
47445,2026-04-28 16:38:59+00,eth-usdfc,true
47446,2026-04-28 16:39:02+00,fil-usdfc,true
47447,2026-04-28 16:39:03+00,base-usdc-usdfc,true
47448,2026-04-28 16:39:04+00,polygon-usdc-usdfc,true
47449,2026-04-28 17:35:38+00,eth-usdfc,true
47450,2026-04-28 17:35:39+00,fil-usdfc,true
47452,2026-04-28 17:35:40+00,polygon-usdc-usdfc,true
47451,2026-04-28 17:35:40+00,base-usdc-usdfc,true
47453,2026-04-28 18:35:57+00,eth-usdfc,true
47454,2026-04-28 18:35:58+00,fil-usdfc,true
47456,2026-04-28 18:35:59+00,polygon-usdc-usdfc,true
47455,2026-04-28 18:35:59+00,base-usdc-usdfc,true
47457,2026-04-28 19:34:40+00,eth-usdfc,true
47458,2026-04-28 19:34:41+00,fil-usdfc,true
47459,2026-04-28 19:34:42+00,base-usdc-usdfc,true
47460,2026-04-28 19:34:43+00,polygon-usdc-usdfc,true
47461,2026-04-28 20:31:46+00,eth-usdfc,true
47462,2026-04-28 20:31:47+00,fil-usdfc,true
47463,2026-04-28 20:31:48+00,base-usdc-usdfc,true
47464,2026-04-28 20:31:49+00,polygon-usdc-usdfc,true
47465,2026-04-28 21:26:24+00,eth-usdfc,true
47466,2026-04-28 21:26:26+00,fil-usdfc,true
47467,2026-04-28 21:26:27+00,base-usdc-usdfc,true
47468,2026-04-28 21:26:28+00,polygon-usdc-usdfc,true
47469,2026-04-28 22:22:45+00,eth-usdfc,true
47470,2026-04-28 22:22:46+00,fil-usdfc,true
47471,2026-04-28 22:22:47+00,base-usdc-usdfc,true
47472,2026-04-28 22:22:48+00,polygon-usdc-usdfc,true
47473,2026-04-28 23:21:18+00,eth-usdfc,true
47474,2026-04-28 23:21:19+00,fil-usdfc,true
47475,2026-04-28 23:21:20+00,base-usdc-usdfc,true
47476,2026-04-28 23:21:22+00,polygon-usdc-usdfc,true
47477,2026-04-29 00:43:23+00,eth-usdfc,true
47479,2026-04-29 00:43:24+00,base-usdc-usdfc,true
47478,2026-04-29 00:43:24+00,fil-usdfc,true
47480,2026-04-29 00:43:25+00,polygon-usdc-usdfc,true
47481,2026-04-29 01:38:55+00,eth-usdfc,true
47482,2026-04-29 01:38:56+00,fil-usdfc,true
47483,2026-04-29 01:38:57+00,base-usdc-usdfc,true
47484,2026-04-29 01:38:58+00,polygon-usdc-usdfc,true
47485,2026-04-29 03:09:13+00,eth-usdfc,true
47487,2026-04-29 03:09:15+00,base-usdc-usdfc,true
47486,2026-04-29 03:09:15+00,fil-usdfc,true
47488,2026-04-29 03:09:17+00,polygon-usdc-usdfc,true
47489,2026-04-29 05:08:39+00,eth-usdfc,true
47491,2026-04-29 05:08:40+00,base-usdc-usdfc,true
47490,2026-04-29 05:08:40+00,fil-usdfc,true
47492,2026-04-29 05:08:41+00,polygon-usdc-usdfc,true
47493,2026-04-29 06:54:00+00,eth-usdfc,true
47494,2026-04-29 06:54:01+00,fil-usdfc,true
47495,2026-04-29 06:54:02+00,base-usdc-usdfc,true
47496,2026-04-29 06:54:04+00,polygon-usdc-usdfc,true
47497,2026-04-29 07:45:54+00,eth-usdfc,true
47499,2026-04-29 07:45:55+00,base-usdc-usdfc,true
47498,2026-04-29 07:45:55+00,fil-usdfc,true
47500,2026-04-29 07:45:56+00,polygon-usdc-usdfc,true
47501,2026-04-29 08:50:02+00,eth-usdfc,true
47502,2026-04-29 08:50:03+00,fil-usdfc,true
47503,2026-04-29 08:50:04+00,base-usdc-usdfc,true
47504,2026-04-29 08:50:05+00,polygon-usdc-usdfc,true
47505,2026-04-29 09:44:53+00,eth-usdfc,true
47506,2026-04-29 09:44:54+00,fil-usdfc,true
47507,2026-04-29 09:44:55+00,base-usdc-usdfc,true
47508,2026-04-29 09:44:56+00,polygon-usdc-usdfc,true
47509,2026-04-29 10:38:49+00,eth-usdfc,true
47511,2026-04-29 10:38:51+00,base-usdc-usdfc,true
47510,2026-04-29 10:38:51+00,fil-usdfc,true
47512,2026-04-29 10:38:53+00,polygon-usdc-usdfc,true
47513,2026-04-29 11:33:54+00,eth-usdfc,true
47514,2026-04-29 11:33:55+00,fil-usdfc,true
47515,2026-04-29 11:33:56+00,base-usdc-usdfc,true
47516,2026-04-29 11:33:57+00,polygon-usdc-usdfc,true
47517,2026-04-29 12:37:13+00,eth-usdfc,true
47518,2026-04-29 12:37:14+00,fil-usdfc,true
47519,2026-04-29 12:37:15+00,base-usdc-usdfc,true
47520,2026-04-29 12:37:18+00,polygon-usdc-usdfc,true
47521,2026-04-29 13:37:19+00,eth-usdfc,true
47523,2026-04-29 13:37:20+00,base-usdc-usdfc,true
47522,2026-04-29 13:37:20+00,fil-usdfc,true
47524,2026-04-29 13:37:21+00,polygon-usdc-usdfc,true
47525,2026-04-29 14:48:26+00,eth-usdfc,true
47527,2026-04-29 14:48:27+00,base-usdc-usdfc,true
47526,2026-04-29 14:48:27+00,fil-usdfc,true
47528,2026-04-29 14:48:28+00,polygon-usdc-usdfc,true
47529,2026-04-29 15:42:28+00,eth-usdfc,true
47531,2026-04-29 15:42:29+00,base-usdc-usdfc,true
47530,2026-04-29 15:42:29+00,fil-usdfc,true
47532,2026-04-29 15:42:31+00,polygon-usdc-usdfc,true
47533,2026-04-29 16:36:10+00,eth-usdfc,true
47534,2026-04-29 16:36:11+00,fil-usdfc,true
47536,2026-04-29 16:36:12+00,polygon-usdc-usdfc,true
47535,2026-04-29 16:36:12+00,base-usdc-usdfc,true
47537,2026-04-29 17:34:37+00,eth-usdfc,true
47539,2026-04-29 17:34:38+00,base-usdc-usdfc,true
47538,2026-04-29 17:34:38+00,fil-usdfc,true
47540,2026-04-29 17:34:39+00,polygon-usdc-usdfc,true
47541,2026-04-29 18:34:34+00,eth-usdfc,true
47542,2026-04-29 18:34:35+00,fil-usdfc,true
47543,2026-04-29 18:34:36+00,base-usdc-usdfc,true
47544,2026-04-29 18:34:37+00,polygon-usdc-usdfc,true
47545,2026-04-29 19:34:39+00,eth-usdfc,true
47546,2026-04-29 19:34:40+00,fil-usdfc,true
47547,2026-04-29 19:34:41+00,base-usdc-usdfc,true
47548,2026-04-29 19:34:42+00,polygon-usdc-usdfc,true
47549,2026-04-29 20:28:19+00,eth-usdfc,true
47550,2026-04-29 20:28:20+00,fil-usdfc,true
47552,2026-04-29 20:28:21+00,polygon-usdc-usdfc,true
47551,2026-04-29 20:28:21+00,base-usdc-usdfc,true
47553,2026-04-29 21:26:25+00,eth-usdfc,true
47554,2026-04-29 21:26:26+00,fil-usdfc,true
47555,2026-04-29 21:26:27+00,base-usdc-usdfc,true
47556,2026-04-29 21:26:28+00,polygon-usdc-usdfc,true
47557,2026-04-29 22:22:27+00,eth-usdfc,true
47558,2026-04-29 22:22:28+00,fil-usdfc,true
47559,2026-04-29 22:22:29+00,base-usdc-usdfc,true
47560,2026-04-29 22:22:30+00,polygon-usdc-usdfc,true
47561,2026-04-29 23:21:58+00,eth-usdfc,true
47562,2026-04-29 23:21:59+00,fil-usdfc,true
47563,2026-04-29 23:22:00+00,base-usdc-usdfc,true
47564,2026-04-29 23:22:01+00,polygon-usdc-usdfc,true
47565,2026-04-30 00:43:02+00,eth-usdfc,true
47566,2026-04-30 00:43:03+00,fil-usdfc,true
47567,2026-04-30 00:43:04+00,base-usdc-usdfc,true
47568,2026-04-30 00:43:05+00,polygon-usdc-usdfc,true
47569,2026-04-30 01:38:21+00,eth-usdfc,true
47570,2026-04-30 01:38:23+00,fil-usdfc,true
47571,2026-04-30 01:38:24+00,base-usdc-usdfc,true
47572,2026-04-30 01:38:25+00,polygon-usdc-usdfc,true
47573,2026-04-30 03:09:55+00,eth-usdfc,true
47574,2026-04-30 03:09:56+00,fil-usdfc,true
47576,2026-04-30 03:09:57+00,polygon-usdc-usdfc,true
47575,2026-04-30 03:09:57+00,base-usdc-usdfc,true
47577,2026-04-30 05:10:28+00,eth-usdfc,true
47578,2026-04-30 05:10:29+00,fil-usdfc,true
47579,2026-04-30 05:10:30+00,base-usdc-usdfc,true
47580,2026-04-30 05:10:31+00,polygon-usdc-usdfc,true
47581,2026-04-30 06:56:39+00,eth-usdfc,true
47583,2026-04-30 06:56:40+00,base-usdc-usdfc,true
47582,2026-04-30 06:56:40+00,fil-usdfc,true
47584,2026-04-30 06:56:41+00,polygon-usdc-usdfc,true
47585,2026-04-30 07:50:19+00,eth-usdfc,true
47586,2026-04-30 07:50:20+00,fil-usdfc,true
47587,2026-04-30 07:50:21+00,base-usdc-usdfc,true
47588,2026-04-30 07:50:22+00,polygon-usdc-usdfc,true
47589,2026-04-30 08:50:01+00,eth-usdfc,true
47590,2026-04-30 08:50:02+00,fil-usdfc,true
47591,2026-04-30 08:50:03+00,base-usdc-usdfc,true
47592,2026-04-30 08:50:04+00,polygon-usdc-usdfc,true
47593,2026-04-30 09:45:08+00,eth-usdfc,true
47594,2026-04-30 09:45:09+00,fil-usdfc,true
47595,2026-04-30 09:45:10+00,base-usdc-usdfc,true
47596,2026-04-30 09:45:11+00,polygon-usdc-usdfc,true
47597,2026-04-30 10:37:57+00,eth-usdfc,true
47598,2026-04-30 10:37:58+00,fil-usdfc,true
47600,2026-04-30 10:37:59+00,polygon-usdc-usdfc,true
47599,2026-04-30 10:37:59+00,base-usdc-usdfc,true
47601,2026-04-30 11:33:33+00,eth-usdfc,true
47602,2026-04-30 11:33:34+00,fil-usdfc,true
47604,2026-04-30 11:33:35+00,polygon-usdc-usdfc,true
47603,2026-04-30 11:33:35+00,base-usdc-usdfc,true
47605,2026-04-30 12:36:35+00,eth-usdfc,true
47606,2026-04-30 12:36:36+00,fil-usdfc,true
47607,2026-04-30 12:36:37+00,base-usdc-usdfc,true
47608,2026-04-30 12:36:38+00,polygon-usdc-usdfc,true
47609,2026-04-30 13:37:29+00,eth-usdfc,true
47610,2026-04-30 13:37:30+00,fil-usdfc,true
47612,2026-04-30 13:37:31+00,polygon-usdc-usdfc,true
47611,2026-04-30 13:37:31+00,base-usdc-usdfc,true
47613,2026-04-30 14:46:08+00,eth-usdfc,true
47614,2026-04-30 14:46:09+00,fil-usdfc,true
47615,2026-04-30 14:46:10+00,base-usdc-usdfc,true
47616,2026-04-30 14:46:11+00,polygon-usdc-usdfc,true
47617,2026-04-30 15:37:41+00,eth-usdfc,true
47618,2026-04-30 15:37:42+00,fil-usdfc,true
47619,2026-04-30 15:37:43+00,base-usdc-usdfc,true
47620,2026-04-30 15:37:44+00,polygon-usdc-usdfc,true
47621,2026-04-30 16:34:35+00,eth-usdfc,true
47622,2026-04-30 16:34:36+00,fil-usdfc,true
47623,2026-04-30 16:34:37+00,base-usdc-usdfc,true
47624,2026-04-30 16:34:38+00,polygon-usdc-usdfc,true
47625,2026-04-30 17:33:44+00,eth-usdfc,true
47627,2026-04-30 17:33:45+00,base-usdc-usdfc,true
47626,2026-04-30 17:33:45+00,fil-usdfc,true
47628,2026-04-30 17:33:46+00,polygon-usdc-usdfc,true
47629,2026-04-30 18:33:32+00,eth-usdfc,true
47630,2026-04-30 18:33:33+00,fil-usdfc,true
47632,2026-04-30 18:33:34+00,polygon-usdc-usdfc,true
47631,2026-04-30 18:33:34+00,base-usdc-usdfc,true
47633,2026-04-30 19:33:43+00,eth-usdfc,true
47634,2026-04-30 19:33:44+00,fil-usdfc,true
47635,2026-04-30 19:33:45+00,base-usdc-usdfc,true
47636,2026-04-30 19:33:46+00,polygon-usdc-usdfc,true
47637,2026-04-30 20:27:16+00,eth-usdfc,true
47638,2026-04-30 20:27:18+00,fil-usdfc,true
47640,2026-04-30 20:27:19+00,polygon-usdc-usdfc,true
47639,2026-04-30 20:27:19+00,base-usdc-usdfc,true
47641,2026-04-30 21:23:54+00,eth-usdfc,true
47643,2026-04-30 21:23:55+00,base-usdc-usdfc,true
47642,2026-04-30 21:23:55+00,fil-usdfc,true
47644,2026-04-30 21:23:56+00,polygon-usdc-usdfc,true
47645,2026-04-30 22:21:36+00,eth-usdfc,true
47646,2026-04-30 22:21:37+00,fil-usdfc,true
47648,2026-04-30 22:21:38+00,polygon-usdc-usdfc,true
47647,2026-04-30 22:21:38+00,base-usdc-usdfc,true
47649,2026-04-30 23:21:28+00,eth-usdfc,true
47650,2026-04-30 23:21:29+00,fil-usdfc,true
47651,2026-04-30 23:21:30+00,base-usdc-usdfc,true
47652,2026-04-30 23:21:31+00,polygon-usdc-usdfc,true
47653,2026-05-01 00:45:27+00,eth-usdfc,true
47654,2026-05-01 00:45:28+00,fil-usdfc,true
47655,2026-05-01 00:45:29+00,base-usdc-usdfc,true
47656,2026-05-01 00:45:30+00,polygon-usdc-usdfc,true
47657,2026-05-01 01:38:45+00,eth-usdfc,true
47658,2026-05-01 01:38:46+00,fil-usdfc,true
47659,2026-05-01 01:38:47+00,base-usdc-usdfc,true
47660,2026-05-01 01:38:48+00,polygon-usdc-usdfc,true
47661,2026-05-01 03:09:48+00,eth-usdfc,true
47662,2026-05-01 03:09:49+00,fil-usdfc,true
47663,2026-05-01 03:09:50+00,base-usdc-usdfc,true
47664,2026-05-01 03:09:53+00,polygon-usdc-usdfc,true
47665,2026-05-01 05:19:15+00,eth-usdfc,true
47666,2026-05-01 05:19:16+00,fil-usdfc,true
47668,2026-05-01 05:19:18+00,polygon-usdc-usdfc,true
47667,2026-05-01 05:19:18+00,base-usdc-usdfc,true
47669,2026-05-01 06:59:03+00,eth-usdfc,true
47670,2026-05-01 06:59:04+00,fil-usdfc,true
47671,2026-05-01 06:59:05+00,base-usdc-usdfc,true
47672,2026-05-01 06:59:06+00,polygon-usdc-usdfc,true
47673,2026-05-01 07:51:01+00,eth-usdfc,true
47675,2026-05-01 07:51:02+00,base-usdc-usdfc,true
47674,2026-05-01 07:51:02+00,fil-usdfc,true
47676,2026-05-01 07:51:03+00,polygon-usdc-usdfc,true
47677,2026-05-01 08:43:13+00,eth-usdfc,true
47679,2026-05-01 08:43:14+00,base-usdc-usdfc,true
47678,2026-05-01 08:43:14+00,fil-usdfc,true
47680,2026-05-01 08:43:15+00,polygon-usdc-usdfc,true
47681,2026-05-01 09:36:07+00,eth-usdfc,true
47682,2026-05-01 09:36:08+00,fil-usdfc,true
47684,2026-05-01 09:36:09+00,polygon-usdc-usdfc,true
47683,2026-05-01 09:36:09+00,base-usdc-usdfc,true
47685,2026-05-01 10:33:24+00,eth-usdfc,true
47686,2026-05-01 10:33:25+00,fil-usdfc,true
47688,2026-05-01 10:33:26+00,polygon-usdc-usdfc,true
47687,2026-05-01 10:33:26+00,base-usdc-usdfc,true
47689,2026-05-01 11:27:34+00,eth-usdfc,true
47690,2026-05-01 11:27:35+00,fil-usdfc,true
47691,2026-05-01 11:27:36+00,base-usdc-usdfc,true
47692,2026-05-01 11:27:37+00,polygon-usdc-usdfc,true
47693,2026-05-01 12:24:24+00,eth-usdfc,true
47694,2026-05-01 12:24:25+00,fil-usdfc,true
47695,2026-05-01 12:24:26+00,base-usdc-usdfc,true
47696,2026-05-01 12:24:27+00,polygon-usdc-usdfc,true
47697,2026-05-01 13:33:10+00,eth-usdfc,true
47698,2026-05-01 13:33:11+00,fil-usdfc,true
47700,2026-05-01 13:33:12+00,polygon-usdc-usdfc,true
47699,2026-05-01 13:33:12+00,base-usdc-usdfc,true
47701,2026-05-01 14:27:05+00,eth-usdfc,true
47702,2026-05-01 14:27:06+00,fil-usdfc,true
47703,2026-05-01 14:27:07+00,base-usdc-usdfc,true
47704,2026-05-01 14:27:09+00,polygon-usdc-usdfc,true
47705,2026-05-01 15:24:08+00,eth-usdfc,true
47706,2026-05-01 15:24:09+00,fil-usdfc,true
47708,2026-05-01 15:24:10+00,polygon-usdc-usdfc,true
47707,2026-05-01 15:24:10+00,base-usdc-usdfc,true
47709,2026-05-01 16:24:03+00,eth-usdfc,true
47710,2026-05-01 16:24:04+00,fil-usdfc,true
47712,2026-05-01 16:24:05+00,polygon-usdc-usdfc,true
47711,2026-05-01 16:24:05+00,base-usdc-usdfc,true
47713,2026-05-01 17:24:25+00,eth-usdfc,true
47714,2026-05-01 17:24:26+00,fil-usdfc,true
47715,2026-05-01 17:24:27+00,base-usdc-usdfc,true
47716,2026-05-01 17:24:28+00,polygon-usdc-usdfc,true
47717,2026-05-01 18:26:54+00,eth-usdfc,true
47719,2026-05-01 18:26:55+00,base-usdc-usdfc,true
47718,2026-05-01 18:26:55+00,fil-usdfc,true
47720,2026-05-01 18:26:56+00,polygon-usdc-usdfc,true
47721,2026-05-01 19:30:35+00,eth-usdfc,true
47722,2026-05-01 19:30:36+00,fil-usdfc,true
47723,2026-05-01 19:30:37+00,base-usdc-usdfc,true
47724,2026-05-01 19:30:38+00,polygon-usdc-usdfc,true
47725,2026-05-01 20:20:59+00,eth-usdfc,true
47726,2026-05-01 20:21:00+00,fil-usdfc,true
47727,2026-05-01 20:21:01+00,base-usdc-usdfc,true
47728,2026-05-01 20:21:02+00,polygon-usdc-usdfc,true
47729,2026-05-01 21:19:57+00,eth-usdfc,true
47730,2026-05-01 21:19:58+00,fil-usdfc,true
47731,2026-05-01 21:19:59+00,base-usdc-usdfc,true
47732,2026-05-01 21:20:00+00,polygon-usdc-usdfc,true
47733,2026-05-01 22:19:23+00,eth-usdfc,true
47734,2026-05-01 22:19:24+00,fil-usdfc,true
47735,2026-05-01 22:19:25+00,base-usdc-usdfc,true
47736,2026-05-01 22:19:26+00,polygon-usdc-usdfc,true
47737,2026-05-01 23:20:26+00,eth-usdfc,true
47739,2026-05-01 23:20:27+00,base-usdc-usdfc,true
47738,2026-05-01 23:20:27+00,fil-usdfc,true
47740,2026-05-01 23:20:28+00,polygon-usdc-usdfc,true
47741,2026-05-02 00:41:40+00,eth-usdfc,true
47742,2026-05-02 00:41:42+00,fil-usdfc,true
47743,2026-05-02 00:41:43+00,base-usdc-usdfc,true
47744,2026-05-02 00:41:44+00,polygon-usdc-usdfc,true
47745,2026-05-02 01:37:14+00,eth-usdfc,true
47746,2026-05-02 01:37:15+00,fil-usdfc,true
47747,2026-05-02 01:37:16+00,base-usdc-usdfc,true
47748,2026-05-02 01:37:17+00,polygon-usdc-usdfc,true
47749,2026-05-02 03:08:07+00,eth-usdfc,true
47750,2026-05-02 03:08:08+00,fil-usdfc,true
47752,2026-05-02 03:08:09+00,polygon-usdc-usdfc,true
47751,2026-05-02 03:08:09+00,base-usdc-usdfc,true
47753,2026-05-02 05:05:01+00,eth-usdfc,true
47754,2026-05-02 05:05:02+00,fil-usdfc,true
47755,2026-05-02 05:05:03+00,base-usdc-usdfc,true
47756,2026-05-02 05:05:04+00,polygon-usdc-usdfc,true
47757,2026-05-02 06:43:12+00,eth-usdfc,true
47758,2026-05-02 06:43:13+00,fil-usdfc,true
47759,2026-05-02 06:43:14+00,base-usdc-usdfc,true
47760,2026-05-02 06:43:16+00,polygon-usdc-usdfc,true
47761,2026-05-02 07:35:07+00,eth-usdfc,true
47762,2026-05-02 07:35:08+00,fil-usdfc,true
47764,2026-05-02 07:35:09+00,polygon-usdc-usdfc,true
47763,2026-05-02 07:35:09+00,base-usdc-usdfc,true
47765,2026-05-02 08:34:01+00,eth-usdfc,true
47766,2026-05-02 08:34:02+00,fil-usdfc,true
47767,2026-05-02 08:34:04+00,base-usdc-usdfc,true
47768,2026-05-02 08:34:05+00,polygon-usdc-usdfc,true
47769,2026-05-02 09:28:05+00,eth-usdfc,true
47770,2026-05-02 09:28:06+00,fil-usdfc,true
47771,2026-05-02 09:28:07+00,base-usdc-usdfc,true
47772,2026-05-02 09:28:08+00,polygon-usdc-usdfc,true
47773,2026-05-02 10:21:26+00,eth-usdfc,true
47775,2026-05-02 10:21:27+00,base-usdc-usdfc,true
47774,2026-05-02 10:21:27+00,fil-usdfc,true
47776,2026-05-02 10:21:28+00,polygon-usdc-usdfc,true
47777,2026-05-02 11:18:32+00,eth-usdfc,true
47778,2026-05-02 11:18:33+00,fil-usdfc,true
47779,2026-05-02 11:18:34+00,base-usdc-usdfc,true
47780,2026-05-02 11:18:35+00,polygon-usdc-usdfc,true
47781,2026-05-02 12:21:36+00,eth-usdfc,true
47782,2026-05-02 12:21:37+00,fil-usdfc,true
47783,2026-05-02 12:21:39+00,base-usdc-usdfc,true
47784,2026-05-02 12:21:40+00,polygon-usdc-usdfc,true
47785,2026-05-02 13:32:47+00,eth-usdfc,true
47786,2026-05-02 13:32:48+00,fil-usdfc,true
47788,2026-05-02 13:32:49+00,polygon-usdc-usdfc,true
47787,2026-05-02 13:32:49+00,base-usdc-usdfc,true
47789,2026-05-02 14:21:56+00,eth-usdfc,true
47791,2026-05-02 14:21:57+00,base-usdc-usdfc,true
47790,2026-05-02 14:21:57+00,fil-usdfc,true
47792,2026-05-02 14:21:58+00,polygon-usdc-usdfc,true
47793,2026-05-02 15:17:59+00,eth-usdfc,true
47794,2026-05-02 15:18:00+00,fil-usdfc,true
47795,2026-05-02 15:18:01+00,base-usdc-usdfc,true
47796,2026-05-02 15:18:02+00,polygon-usdc-usdfc,true
47797,2026-05-02 16:18:39+00,eth-usdfc,true
47798,2026-05-02 16:18:40+00,fil-usdfc,true
47799,2026-05-02 16:18:41+00,base-usdc-usdfc,true
47800,2026-05-02 16:18:43+00,polygon-usdc-usdfc,true
47801,2026-05-02 17:18:47+00,eth-usdfc,true
47802,2026-05-02 17:18:48+00,fil-usdfc,true
47804,2026-05-02 17:18:49+00,polygon-usdc-usdfc,true
47803,2026-05-02 17:18:49+00,base-usdc-usdfc,true
47805,2026-05-02 18:21:07+00,eth-usdfc,true
47806,2026-05-02 18:21:08+00,fil-usdfc,true
47808,2026-05-02 18:21:09+00,polygon-usdc-usdfc,true
47807,2026-05-02 18:21:09+00,base-usdc-usdfc,true
47809,2026-05-02 19:24:25+00,eth-usdfc,true
47810,2026-05-02 19:24:26+00,fil-usdfc,true
47811,2026-05-02 19:24:27+00,base-usdc-usdfc,true
47812,2026-05-02 19:24:28+00,polygon-usdc-usdfc,true
47814,2026-05-02 20:14:42+00,fil-usdfc,true
47813,2026-05-02 20:14:42+00,eth-usdfc,true
47815,2026-05-02 20:14:43+00,base-usdc-usdfc,true
47816,2026-05-02 20:14:44+00,polygon-usdc-usdfc,true
47817,2026-05-02 21:16:29+00,eth-usdfc,true
47819,2026-05-02 21:16:30+00,base-usdc-usdfc,true
47818,2026-05-02 21:16:30+00,fil-usdfc,true
47820,2026-05-02 21:16:31+00,polygon-usdc-usdfc,true
47821,2026-05-02 22:15:08+00,eth-usdfc,true
47822,2026-05-02 22:15:09+00,fil-usdfc,true
47823,2026-05-02 22:15:10+00,base-usdc-usdfc,true
47824,2026-05-02 22:15:11+00,polygon-usdc-usdfc,true
47825,2026-05-02 23:17:42+00,eth-usdfc,true
47826,2026-05-02 23:17:44+00,fil-usdfc,true
47827,2026-05-02 23:17:45+00,base-usdc-usdfc,true
47828,2026-05-02 23:17:46+00,polygon-usdc-usdfc,true
47829,2026-05-03 00:43:34+00,eth-usdfc,true
47830,2026-05-03 00:43:35+00,fil-usdfc,true
47831,2026-05-03 00:43:36+00,base-usdc-usdfc,true
47832,2026-05-03 00:43:37+00,polygon-usdc-usdfc,true
47833,2026-05-03 01:37:20+00,eth-usdfc,true
47835,2026-05-03 01:37:21+00,base-usdc-usdfc,true
47834,2026-05-03 01:37:21+00,fil-usdfc,true
47836,2026-05-03 01:37:22+00,polygon-usdc-usdfc,true
47837,2026-05-03 03:09:36+00,eth-usdfc,true
47838,2026-05-03 03:09:37+00,fil-usdfc,true
47839,2026-05-03 03:09:38+00,base-usdc-usdfc,true
47840,2026-05-03 03:09:39+00,polygon-usdc-usdfc,true
47841,2026-05-03 05:10:54+00,eth-usdfc,true
47842,2026-05-03 05:10:55+00,fil-usdfc,true
47843,2026-05-03 05:10:56+00,base-usdc-usdfc,true
47844,2026-05-03 05:10:57+00,polygon-usdc-usdfc,true
47845,2026-05-03 06:55:02+00,eth-usdfc,true
47846,2026-05-03 06:55:03+00,fil-usdfc,true
47847,2026-05-03 06:55:04+00,base-usdc-usdfc,true
47848,2026-05-03 06:55:06+00,polygon-usdc-usdfc,true
47849,2026-05-03 07:38:37+00,eth-usdfc,true
47850,2026-05-03 07:38:38+00,fil-usdfc,true
47851,2026-05-03 07:38:39+00,base-usdc-usdfc,true
47852,2026-05-03 07:38:40+00,polygon-usdc-usdfc,true
47853,2026-05-03 08:37:28+00,eth-usdfc,true
47854,2026-05-03 08:37:29+00,fil-usdfc,true
47855,2026-05-03 08:37:30+00,base-usdc-usdfc,true
47856,2026-05-03 08:37:31+00,polygon-usdc-usdfc,true
47857,2026-05-03 09:33:00+00,eth-usdfc,true
47858,2026-05-03 09:33:01+00,fil-usdfc,true
47859,2026-05-03 09:33:02+00,base-usdc-usdfc,true
47860,2026-05-03 09:33:03+00,polygon-usdc-usdfc,true
47861,2026-05-03 10:23:39+00,eth-usdfc,true
47863,2026-05-03 10:23:41+00,base-usdc-usdfc,true
47862,2026-05-03 10:23:41+00,fil-usdfc,true
47864,2026-05-03 10:23:42+00,polygon-usdc-usdfc,true
47865,2026-05-03 11:17:14+00,eth-usdfc,true
47866,2026-05-03 11:17:15+00,fil-usdfc,true
47867,2026-05-03 11:17:16+00,base-usdc-usdfc,true
47868,2026-05-03 11:17:17+00,polygon-usdc-usdfc,true
47869,2026-05-03 12:21:09+00,eth-usdfc,true
47870,2026-05-03 12:21:10+00,fil-usdfc,true
47871,2026-05-03 12:21:11+00,base-usdc-usdfc,true
47872,2026-05-03 12:21:12+00,polygon-usdc-usdfc,true
47873,2026-05-03 13:32:57+00,eth-usdfc,true
47874,2026-05-03 13:32:58+00,fil-usdfc,true
47875,2026-05-03 13:32:59+00,base-usdc-usdfc,true
47876,2026-05-03 13:33:00+00,polygon-usdc-usdfc,true
47877,2026-05-03 14:21:34+00,eth-usdfc,true
47878,2026-05-03 14:21:35+00,fil-usdfc,true
47879,2026-05-03 14:21:36+00,base-usdc-usdfc,true
47880,2026-05-03 14:21:37+00,polygon-usdc-usdfc,true
47881,2026-05-03 15:17:39+00,eth-usdfc,true
47882,2026-05-03 15:17:40+00,fil-usdfc,true
47884,2026-05-03 15:17:41+00,polygon-usdc-usdfc,true
47883,2026-05-03 15:17:41+00,base-usdc-usdfc,true
47885,2026-05-03 16:18:24+00,eth-usdfc,true
47887,2026-05-03 16:18:25+00,base-usdc-usdfc,true
47886,2026-05-03 16:18:25+00,fil-usdfc,true
47888,2026-05-03 16:18:26+00,polygon-usdc-usdfc,true
47889,2026-05-03 17:19:14+00,eth-usdfc,true
47890,2026-05-03 17:19:16+00,fil-usdfc,true
47891,2026-05-03 17:19:17+00,base-usdc-usdfc,true
47892,2026-05-03 17:19:18+00,polygon-usdc-usdfc,true
47893,2026-05-03 18:21:21+00,eth-usdfc,true
47894,2026-05-03 18:21:22+00,fil-usdfc,true
47895,2026-05-03 18:21:23+00,base-usdc-usdfc,true
47896,2026-05-03 18:21:24+00,polygon-usdc-usdfc,true
47897,2026-05-03 19:24:44+00,eth-usdfc,true
47898,2026-05-03 19:24:45+00,fil-usdfc,true
47900,2026-05-03 19:24:46+00,polygon-usdc-usdfc,true
47899,2026-05-03 19:24:46+00,base-usdc-usdfc,true
47901,2026-05-03 20:15:11+00,eth-usdfc,true
47903,2026-05-03 20:15:12+00,base-usdc-usdfc,true
47902,2026-05-03 20:15:12+00,fil-usdfc,true
47904,2026-05-03 20:15:13+00,polygon-usdc-usdfc,true
47905,2026-05-03 21:17:39+00,eth-usdfc,true
47906,2026-05-03 21:17:40+00,fil-usdfc,true
47907,2026-05-03 21:17:41+00,base-usdc-usdfc,true
47908,2026-05-03 21:17:42+00,polygon-usdc-usdfc,true
47909,2026-05-03 22:16:09+00,eth-usdfc,true
47910,2026-05-03 22:16:10+00,fil-usdfc,true
47912,2026-05-03 22:16:11+00,polygon-usdc-usdfc,true
47911,2026-05-03 22:16:11+00,base-usdc-usdfc,true
47913,2026-05-03 23:17:58+00,eth-usdfc,true
47914,2026-05-03 23:17:59+00,fil-usdfc,true
47915,2026-05-03 23:18:00+00,base-usdc-usdfc,true
47916,2026-05-03 23:18:01+00,polygon-usdc-usdfc,true
47917,2026-05-04 00:43:21+00,eth-usdfc,true
47918,2026-05-04 00:43:22+00,fil-usdfc,true
47919,2026-05-04 00:43:23+00,base-usdc-usdfc,true
47920,2026-05-04 00:43:24+00,polygon-usdc-usdfc,true
47921,2026-05-04 01:38:24+00,eth-usdfc,true
47922,2026-05-04 01:38:25+00,fil-usdfc,true
47924,2026-05-04 01:38:26+00,polygon-usdc-usdfc,true
47923,2026-05-04 01:38:26+00,base-usdc-usdfc,true
47925,2026-05-04 03:10:30+00,eth-usdfc,true
47926,2026-05-04 03:10:31+00,fil-usdfc,true
47928,2026-05-04 03:10:32+00,polygon-usdc-usdfc,true
47927,2026-05-04 03:10:32+00,base-usdc-usdfc,true
47929,2026-05-04 05:12:23+00,eth-usdfc,true
47930,2026-05-04 05:12:24+00,fil-usdfc,true
47931,2026-05-04 05:12:25+00,base-usdc-usdfc,true
47932,2026-05-04 05:12:26+00,polygon-usdc-usdfc,true
47933,2026-05-04 07:06:56+00,eth-usdfc,true
47935,2026-05-04 07:06:57+00,base-usdc-usdfc,true
47934,2026-05-04 07:06:57+00,fil-usdfc,true
47936,2026-05-04 07:06:58+00,polygon-usdc-usdfc,true
47937,2026-05-04 08:53:52+00,eth-usdfc,true
47938,2026-05-04 08:53:54+00,fil-usdfc,true
47939,2026-05-04 08:53:55+00,base-usdc-usdfc,true
47940,2026-05-04 08:53:56+00,polygon-usdc-usdfc,true
47941,2026-05-04 09:49:31+00,eth-usdfc,true
47943,2026-05-04 09:49:33+00,base-usdc-usdfc,true
47942,2026-05-04 09:49:33+00,fil-usdfc,true
47944,2026-05-04 09:49:34+00,polygon-usdc-usdfc,true
47945,2026-05-04 10:42:54+00,eth-usdfc,true
47946,2026-05-04 10:42:55+00,fil-usdfc,true
47947,2026-05-04 10:42:56+00,base-usdc-usdfc,true
47948,2026-05-04 10:42:57+00,polygon-usdc-usdfc,true
47949,2026-05-04 11:36:48+00,eth-usdfc,true
47950,2026-05-04 11:36:50+00,fil-usdfc,true
47952,2026-05-04 11:36:51+00,polygon-usdc-usdfc,true
47951,2026-05-04 11:36:51+00,base-usdc-usdfc,true
47953,2026-05-04 12:38:20+00,eth-usdfc,true
47954,2026-05-04 12:38:21+00,fil-usdfc,true
47955,2026-05-04 12:38:22+00,base-usdc-usdfc,true
47956,2026-05-04 12:38:24+00,polygon-usdc-usdfc,true
47957,2026-05-04 13:38:23+00,eth-usdfc,true
47958,2026-05-04 13:38:24+00,fil-usdfc,true
47959,2026-05-04 13:38:25+00,base-usdc-usdfc,true
47960,2026-05-04 13:38:26+00,polygon-usdc-usdfc,true
47961,2026-05-04 14:47:46+00,eth-usdfc,true
47962,2026-05-04 14:47:47+00,fil-usdfc,true
47963,2026-05-04 14:47:48+00,base-usdc-usdfc,true
47964,2026-05-04 14:47:49+00,polygon-usdc-usdfc,true
47965,2026-05-04 15:43:43+00,eth-usdfc,true
47967,2026-05-04 15:43:44+00,base-usdc-usdfc,true
47966,2026-05-04 15:43:44+00,fil-usdfc,true
47968,2026-05-04 15:43:46+00,polygon-usdc-usdfc,true
47969,2026-05-04 16:37:03+00,eth-usdfc,true
47971,2026-05-04 16:37:05+00,base-usdc-usdfc,true
47970,2026-05-04 16:37:05+00,fil-usdfc,true
47972,2026-05-04 16:37:06+00,polygon-usdc-usdfc,true
47973,2026-05-04 17:34:43+00,eth-usdfc,true
47974,2026-05-04 17:34:44+00,fil-usdfc,true
47976,2026-05-04 17:34:45+00,polygon-usdc-usdfc,true
47975,2026-05-04 17:34:45+00,base-usdc-usdfc,true
47977,2026-05-04 18:36:36+00,eth-usdfc,true
47979,2026-05-04 18:36:37+00,base-usdc-usdfc,true
47978,2026-05-04 18:36:37+00,fil-usdfc,true
47980,2026-05-04 18:36:38+00,polygon-usdc-usdfc,true
47981,2026-05-04 19:35:17+00,eth-usdfc,true
47982,2026-05-04 19:35:19+00,fil-usdfc,true
47983,2026-05-04 19:35:20+00,base-usdc-usdfc,true
47984,2026-05-04 19:35:21+00,polygon-usdc-usdfc,true
47985,2026-05-04 20:32:12+00,eth-usdfc,true
47986,2026-05-04 20:32:14+00,fil-usdfc,true
47988,2026-05-04 20:32:15+00,polygon-usdc-usdfc,true
47987,2026-05-04 20:32:15+00,base-usdc-usdfc,true
47989,2026-05-04 21:26:39+00,eth-usdfc,true
47991,2026-05-04 21:26:40+00,base-usdc-usdfc,true
47990,2026-05-04 21:26:40+00,fil-usdfc,true
47992,2026-05-04 21:26:41+00,polygon-usdc-usdfc,true
47993,2026-05-04 22:23:14+00,eth-usdfc,true
47994,2026-05-04 22:23:15+00,fil-usdfc,true
47995,2026-05-04 22:23:16+00,base-usdc-usdfc,true
47996,2026-05-04 22:23:17+00,polygon-usdc-usdfc,true
47997,2026-05-04 23:21:14+00,eth-usdfc,true
47998,2026-05-04 23:21:16+00,fil-usdfc,true
47999,2026-05-04 23:21:17+00,base-usdc-usdfc,true
48000,2026-05-04 23:21:18+00,polygon-usdc-usdfc,true
48001,2026-05-05 00:40:09+00,eth-usdfc,true
48002,2026-05-05 00:40:10+00,fil-usdfc,true
48003,2026-05-05 00:40:11+00,base-usdc-usdfc,true
48004,2026-05-05 00:40:12+00,polygon-usdc-usdfc,true
48005,2026-05-05 01:37:35+00,eth-usdfc,true
48006,2026-05-05 01:37:36+00,fil-usdfc,true
48008,2026-05-05 01:37:37+00,polygon-usdc-usdfc,true
48007,2026-05-05 01:37:37+00,base-usdc-usdfc,true
48009,2026-05-05 03:09:10+00,eth-usdfc,true
48010,2026-05-05 03:09:12+00,fil-usdfc,true
48011,2026-05-05 03:09:13+00,base-usdc-usdfc,true
48012,2026-05-05 03:09:14+00,polygon-usdc-usdfc,true
48013,2026-05-05 05:06:43+00,eth-usdfc,true
48014,2026-05-05 05:06:44+00,fil-usdfc,true
48016,2026-05-05 05:06:45+00,polygon-usdc-usdfc,true
48015,2026-05-05 05:06:45+00,base-usdc-usdfc,true
48017,2026-05-05 06:50:15+00,eth-usdfc,true
48019,2026-05-05 06:50:17+00,base-usdc-usdfc,true
48018,2026-05-05 06:50:17+00,fil-usdfc,true
48020,2026-05-05 06:50:19+00,polygon-usdc-usdfc,true
48021,2026-05-05 07:41:53+00,eth-usdfc,true
48023,2026-05-05 07:41:54+00,base-usdc-usdfc,true
48022,2026-05-05 07:41:54+00,fil-usdfc,true
48024,2026-05-05 07:41:55+00,polygon-usdc-usdfc,true
48025,2026-05-05 08:48:42+00,eth-usdfc,true
48027,2026-05-05 08:48:43+00,base-usdc-usdfc,true
48026,2026-05-05 08:48:43+00,fil-usdfc,true
48028,2026-05-05 08:48:44+00,polygon-usdc-usdfc,true
48029,2026-05-05 09:40:21+00,eth-usdfc,true
48030,2026-05-05 09:40:22+00,fil-usdfc,true
48031,2026-05-05 09:40:23+00,base-usdc-usdfc,true
48032,2026-05-05 09:40:24+00,polygon-usdc-usdfc,true
48033,2026-05-05 10:35:52+00,eth-usdfc,true
48034,2026-05-05 10:35:53+00,fil-usdfc,true
48035,2026-05-05 10:35:54+00,base-usdc-usdfc,true
48036,2026-05-05 10:35:55+00,polygon-usdc-usdfc,true
48037,2026-05-05 11:30:47+00,eth-usdfc,true
48038,2026-05-05 11:30:48+00,fil-usdfc,true
48039,2026-05-05 11:30:49+00,base-usdc-usdfc,true
48040,2026-05-05 11:30:50+00,polygon-usdc-usdfc,true
48041,2026-05-05 12:29:47+00,eth-usdfc,true
48042,2026-05-05 12:29:48+00,fil-usdfc,true
48043,2026-05-05 12:29:49+00,base-usdc-usdfc,true
48044,2026-05-05 12:29:50+00,polygon-usdc-usdfc,true
48045,2026-05-05 13:38:32+00,eth-usdfc,true
48046,2026-05-05 13:38:33+00,fil-usdfc,true
48047,2026-05-05 13:38:34+00,base-usdc-usdfc,true
48048,2026-05-05 13:38:36+00,polygon-usdc-usdfc,true
48049,2026-05-05 15:39:13+00,eth-usdfc,true
48050,2026-05-05 15:39:14+00,fil-usdfc,true
48051,2026-05-05 15:39:15+00,base-usdc-usdfc,true
48052,2026-05-05 15:39:16+00,polygon-usdc-usdfc,true
48053,2026-05-05 16:37:05+00,eth-usdfc,true
48054,2026-05-05 16:37:06+00,fil-usdfc,true
48056,2026-05-05 16:37:07+00,polygon-usdc-usdfc,true
48055,2026-05-05 16:37:07+00,base-usdc-usdfc,true
48057,2026-05-05 17:35:33+00,eth-usdfc,true
48058,2026-05-05 17:35:34+00,fil-usdfc,true
48059,2026-05-05 17:35:35+00,base-usdc-usdfc,true
48060,2026-05-05 17:35:36+00,polygon-usdc-usdfc,true
48061,2026-05-05 18:34:27+00,eth-usdfc,true
48063,2026-05-05 18:34:28+00,base-usdc-usdfc,true
48062,2026-05-05 18:34:28+00,fil-usdfc,true
48064,2026-05-05 18:34:29+00,polygon-usdc-usdfc,true
48065,2026-05-05 19:35:22+00,eth-usdfc,true
48066,2026-05-05 19:35:23+00,fil-usdfc,true
48067,2026-05-05 19:35:24+00,base-usdc-usdfc,true
48068,2026-05-05 19:35:25+00,polygon-usdc-usdfc,true
48069,2026-05-05 20:27:19+00,eth-usdfc,true
48070,2026-05-05 20:27:20+00,fil-usdfc,true
48071,2026-05-05 20:27:21+00,base-usdc-usdfc,true
48072,2026-05-05 20:27:22+00,polygon-usdc-usdfc,true
48073,2026-05-05 21:24:48+00,eth-usdfc,true
48074,2026-05-05 21:24:49+00,fil-usdfc,true
48075,2026-05-05 21:24:50+00,base-usdc-usdfc,true
48076,2026-05-05 21:24:51+00,polygon-usdc-usdfc,true
48077,2026-05-05 22:22:58+00,eth-usdfc,true
48079,2026-05-05 22:23:00+00,base-usdc-usdfc,true
48078,2026-05-05 22:23:00+00,fil-usdfc,true
48080,2026-05-05 22:23:01+00,polygon-usdc-usdfc,true
48081,2026-05-05 23:20:55+00,eth-usdfc,true
48082,2026-05-05 23:20:56+00,fil-usdfc,true
48083,2026-05-05 23:20:57+00,base-usdc-usdfc,true
48084,2026-05-05 23:20:58+00,polygon-usdc-usdfc,true
48085,2026-05-06 00:39:37+00,eth-usdfc,true
48086,2026-05-06 00:39:38+00,fil-usdfc,true
48087,2026-05-06 00:39:39+00,base-usdc-usdfc,true
48088,2026-05-06 00:39:40+00,polygon-usdc-usdfc,true
48089,2026-05-06 01:37:50+00,eth-usdfc,true
48091,2026-05-06 01:37:51+00,base-usdc-usdfc,true
48090,2026-05-06 01:37:51+00,fil-usdfc,true
48092,2026-05-06 01:37:52+00,polygon-usdc-usdfc,true
48093,2026-05-06 03:09:42+00,eth-usdfc,true
48094,2026-05-06 03:09:43+00,fil-usdfc,true
48095,2026-05-06 03:09:44+00,base-usdc-usdfc,true
48096,2026-05-06 03:09:45+00,polygon-usdc-usdfc,true
48097,2026-05-06 05:08:57+00,eth-usdfc,true
48098,2026-05-06 05:08:58+00,fil-usdfc,true
48099,2026-05-06 05:08:59+00,base-usdc-usdfc,true
48100,2026-05-06 05:09:00+00,polygon-usdc-usdfc,true
48101,2026-05-06 06:59:07+00,eth-usdfc,true
48102,2026-05-06 06:59:08+00,fil-usdfc,true
48104,2026-05-06 06:59:09+00,polygon-usdc-usdfc,true
48103,2026-05-06 06:59:09+00,base-usdc-usdfc,true
48105,2026-05-06 07:54:01+00,eth-usdfc,true
48106,2026-05-06 07:54:02+00,fil-usdfc,true
48107,2026-05-06 07:54:03+00,base-usdc-usdfc,true
48108,2026-05-06 07:54:04+00,polygon-usdc-usdfc,true
48109,2026-05-06 08:53:43+00,eth-usdfc,true
48110,2026-05-06 08:53:44+00,fil-usdfc,true
48111,2026-05-06 08:53:45+00,base-usdc-usdfc,true
48112,2026-05-06 08:53:46+00,polygon-usdc-usdfc,true
48113,2026-05-06 09:50:40+00,eth-usdfc,true
48114,2026-05-06 09:50:41+00,fil-usdfc,true
48115,2026-05-06 09:50:42+00,base-usdc-usdfc,true
48116,2026-05-06 09:50:43+00,polygon-usdc-usdfc,true
48117,2026-05-06 10:43:49+00,eth-usdfc,true
48118,2026-05-06 10:43:50+00,fil-usdfc,true
48119,2026-05-06 10:43:51+00,base-usdc-usdfc,true
48120,2026-05-06 10:43:52+00,polygon-usdc-usdfc,true
48121,2026-05-06 11:36:54+00,eth-usdfc,true
48122,2026-05-06 11:36:55+00,fil-usdfc,true
48124,2026-05-06 11:36:56+00,polygon-usdc-usdfc,true
48123,2026-05-06 11:36:56+00,base-usdc-usdfc,true
48125,2026-05-06 12:41:46+00,eth-usdfc,true
48126,2026-05-06 12:41:48+00,fil-usdfc,true
48127,2026-05-06 12:41:49+00,base-usdc-usdfc,true
48128,2026-05-06 12:41:50+00,polygon-usdc-usdfc,true
48129,2026-05-06 13:38:20+00,eth-usdfc,true
48130,2026-05-06 13:38:22+00,fil-usdfc,true
48131,2026-05-06 13:38:23+00,base-usdc-usdfc,true
48132,2026-05-06 13:38:24+00,polygon-usdc-usdfc,true
48133,2026-05-06 14:57:52+00,eth-usdfc,true
48134,2026-05-06 14:57:53+00,fil-usdfc,true
48135,2026-05-06 14:57:54+00,base-usdc-usdfc,true
48136,2026-05-06 14:57:55+00,polygon-usdc-usdfc,true
48137,2026-05-06 15:50:56+00,eth-usdfc,true
48138,2026-05-06 15:50:57+00,fil-usdfc,true
48140,2026-05-06 15:50:58+00,polygon-usdc-usdfc,true
48139,2026-05-06 15:50:58+00,base-usdc-usdfc,true
48141,2026-05-06 16:35:08+00,eth-usdfc,true
48142,2026-05-06 16:35:09+00,fil-usdfc,true
48143,2026-05-06 16:35:11+00,base-usdc-usdfc,true
48144,2026-05-06 16:35:12+00,polygon-usdc-usdfc,true
48145,2026-05-06 17:35:09+00,eth-usdfc,true
48146,2026-05-06 17:35:10+00,fil-usdfc,true
48148,2026-05-06 17:35:11+00,polygon-usdc-usdfc,true
48147,2026-05-06 17:35:11+00,base-usdc-usdfc,true
48149,2026-05-06 18:37:32+00,eth-usdfc,true
48151,2026-05-06 18:37:33+00,base-usdc-usdfc,true
48150,2026-05-06 18:37:33+00,fil-usdfc,true
48152,2026-05-06 18:37:34+00,polygon-usdc-usdfc,true
48153,2026-05-06 19:35:55+00,eth-usdfc,true
48154,2026-05-06 19:35:56+00,fil-usdfc,true
48155,2026-05-06 19:35:57+00,base-usdc-usdfc,true
48156,2026-05-06 19:35:59+00,polygon-usdc-usdfc,true
48158,2026-05-06 20:34:15+00,fil-usdfc,true
48157,2026-05-06 20:34:15+00,eth-usdfc,true
48159,2026-05-06 20:34:16+00,base-usdc-usdfc,true
48160,2026-05-06 20:34:17+00,polygon-usdc-usdfc,true
48161,2026-05-06 21:27:20+00,eth-usdfc,true
48163,2026-05-06 21:27:21+00,base-usdc-usdfc,true
48162,2026-05-06 21:27:21+00,fil-usdfc,true
48164,2026-05-06 21:27:22+00,polygon-usdc-usdfc,true
48165,2026-05-06 22:19:31+00,eth-usdfc,true
48167,2026-05-06 22:19:32+00,base-usdc-usdfc,true
48166,2026-05-06 22:19:32+00,fil-usdfc,true
48168,2026-05-06 22:19:33+00,polygon-usdc-usdfc,true
48169,2026-05-06 23:20:16+00,eth-usdfc,true
48170,2026-05-06 23:20:17+00,fil-usdfc,true
48171,2026-05-06 23:20:18+00,base-usdc-usdfc,true
48172,2026-05-06 23:20:19+00,polygon-usdc-usdfc,true
48173,2026-05-07 00:42:15+00,eth-usdfc,true
48174,2026-05-07 00:42:16+00,fil-usdfc,true
48175,2026-05-07 00:42:17+00,base-usdc-usdfc,true
48176,2026-05-07 00:42:18+00,polygon-usdc-usdfc,true
48177,2026-05-07 01:38:38+00,eth-usdfc,true
48179,2026-05-07 01:38:39+00,base-usdc-usdfc,true
48178,2026-05-07 01:38:39+00,fil-usdfc,true
48180,2026-05-07 01:38:40+00,polygon-usdc-usdfc,true
48181,2026-05-07 03:10:37+00,eth-usdfc,true
48182,2026-05-07 03:10:38+00,fil-usdfc,true
48183,2026-05-07 03:10:39+00,base-usdc-usdfc,true
48184,2026-05-07 03:10:41+00,polygon-usdc-usdfc,true
48185,2026-05-07 05:10:59+00,eth-usdfc,true
48187,2026-05-07 05:11:00+00,base-usdc-usdfc,true
48186,2026-05-07 05:11:00+00,fil-usdfc,true
48188,2026-05-07 05:11:01+00,polygon-usdc-usdfc,true
48189,2026-05-07 07:04:10+00,eth-usdfc,true
48190,2026-05-07 07:04:12+00,fil-usdfc,true
48191,2026-05-07 07:04:13+00,base-usdc-usdfc,true
48192,2026-05-07 07:04:14+00,polygon-usdc-usdfc,true
48193,2026-05-07 08:57:20+00,eth-usdfc,true
48195,2026-05-07 08:57:22+00,base-usdc-usdfc,true
48194,2026-05-07 08:57:22+00,fil-usdfc,true
48196,2026-05-07 08:57:23+00,polygon-usdc-usdfc,true
48197,2026-05-07 09:57:19+00,eth-usdfc,true
48198,2026-05-07 09:57:20+00,fil-usdfc,true
48199,2026-05-07 09:57:21+00,base-usdc-usdfc,true
48200,2026-05-07 09:57:22+00,polygon-usdc-usdfc,true
48201,2026-05-07 10:50:15+00,eth-usdfc,true
48202,2026-05-07 10:50:16+00,fil-usdfc,true
48203,2026-05-07 10:50:17+00,base-usdc-usdfc,true
48204,2026-05-07 10:50:18+00,polygon-usdc-usdfc,true
48206,2026-05-07 11:37:05+00,fil-usdfc,true
48205,2026-05-07 11:37:05+00,eth-usdfc,true
48208,2026-05-07 11:37:07+00,polygon-usdc-usdfc,true
48207,2026-05-07 11:37:07+00,base-usdc-usdfc,true
48209,2026-05-07 12:42:26+00,eth-usdfc,true
48210,2026-05-07 12:42:27+00,fil-usdfc,true
48211,2026-05-07 12:42:28+00,base-usdc-usdfc,true
48212,2026-05-07 12:42:29+00,polygon-usdc-usdfc,true
48213,2026-05-07 13:37:56+00,eth-usdfc,true
48214,2026-05-07 13:37:57+00,fil-usdfc,true
48215,2026-05-07 13:37:58+00,base-usdc-usdfc,true
48216,2026-05-07 13:37:59+00,polygon-usdc-usdfc,true
48217,2026-05-07 14:59:01+00,eth-usdfc,true
48219,2026-05-07 14:59:03+00,base-usdc-usdfc,true
48218,2026-05-07 14:59:03+00,fil-usdfc,true
48220,2026-05-07 14:59:05+00,polygon-usdc-usdfc,true
48221,2026-05-07 15:52:12+00,eth-usdfc,true
48222,2026-05-07 15:52:13+00,fil-usdfc,true
48224,2026-05-07 15:52:15+00,polygon-usdc-usdfc,true
48223,2026-05-07 15:52:15+00,base-usdc-usdfc,true
48225,2026-05-07 16:37:17+00,eth-usdfc,true
48226,2026-05-07 16:37:18+00,fil-usdfc,true
48227,2026-05-07 16:37:19+00,base-usdc-usdfc,true
48228,2026-05-07 16:37:20+00,polygon-usdc-usdfc,true
48229,2026-05-07 17:35:58+00,eth-usdfc,true
48230,2026-05-07 17:35:59+00,fil-usdfc,true
48231,2026-05-07 17:36:00+00,base-usdc-usdfc,true
48232,2026-05-07 17:36:01+00,polygon-usdc-usdfc,true
48233,2026-05-07 18:38:09+00,eth-usdfc,true
48234,2026-05-07 18:38:10+00,fil-usdfc,true
48235,2026-05-07 18:38:12+00,base-usdc-usdfc,true
48236,2026-05-07 18:38:14+00,polygon-usdc-usdfc,true
48237,2026-05-07 19:34:25+00,eth-usdfc,true
48238,2026-05-07 19:34:26+00,fil-usdfc,true
48239,2026-05-07 19:34:27+00,base-usdc-usdfc,true
48240,2026-05-07 19:34:28+00,polygon-usdc-usdfc,true
48241,2026-05-07 20:30:08+00,eth-usdfc,true
48242,2026-05-07 20:30:09+00,fil-usdfc,true
48243,2026-05-07 20:30:10+00,base-usdc-usdfc,true
48244,2026-05-07 20:30:11+00,polygon-usdc-usdfc,true
48245,2026-05-07 21:23:38+00,eth-usdfc,true
48246,2026-05-07 21:23:39+00,fil-usdfc,true
48247,2026-05-07 21:23:40+00,base-usdc-usdfc,true
48248,2026-05-07 21:23:41+00,polygon-usdc-usdfc,true
48249,2026-05-07 22:25:23+00,eth-usdfc,true
48251,2026-05-07 22:25:25+00,base-usdc-usdfc,true
48250,2026-05-07 22:25:25+00,fil-usdfc,true
48252,2026-05-07 22:25:26+00,polygon-usdc-usdfc,true
48253,2026-05-07 23:21:09+00,eth-usdfc,true
48254,2026-05-07 23:21:10+00,fil-usdfc,true
48255,2026-05-07 23:21:11+00,base-usdc-usdfc,true
48256,2026-05-07 23:21:12+00,polygon-usdc-usdfc,true
48257,2026-05-08 00:42:48+00,eth-usdfc,true
48258,2026-05-08 00:42:49+00,fil-usdfc,true
48259,2026-05-08 00:42:50+00,base-usdc-usdfc,true
48260,2026-05-08 00:42:51+00,polygon-usdc-usdfc,true
48261,2026-05-08 01:39:01+00,eth-usdfc,true
48262,2026-05-08 01:39:03+00,fil-usdfc,true
48263,2026-05-08 01:39:04+00,base-usdc-usdfc,true
48264,2026-05-08 01:39:05+00,polygon-usdc-usdfc,true
48265,2026-05-08 03:08:23+00,eth-usdfc,true
48266,2026-05-08 03:08:24+00,fil-usdfc,true
48268,2026-05-08 03:08:25+00,polygon-usdc-usdfc,true
48267,2026-05-08 03:08:25+00,base-usdc-usdfc,true
48269,2026-05-08 05:03:21+00,eth-usdfc,true
48270,2026-05-08 05:03:22+00,fil-usdfc,true
48271,2026-05-08 05:03:23+00,base-usdc-usdfc,true
48272,2026-05-08 05:03:24+00,polygon-usdc-usdfc,true
48273,2026-05-08 06:40:13+00,eth-usdfc,true
48274,2026-05-08 06:40:14+00,fil-usdfc,true
48275,2026-05-08 06:40:15+00,base-usdc-usdfc,true
48276,2026-05-08 06:40:17+00,polygon-usdc-usdfc,true
48277,2026-05-08 07:35:19+00,eth-usdfc,true
48278,2026-05-08 07:35:20+00,fil-usdfc,true
48279,2026-05-08 07:35:21+00,base-usdc-usdfc,true
48280,2026-05-08 07:35:22+00,polygon-usdc-usdfc,true
48281,2026-05-08 08:35:42+00,eth-usdfc,true
48282,2026-05-08 08:35:43+00,fil-usdfc,true
48283,2026-05-08 08:35:44+00,base-usdc-usdfc,true
48284,2026-05-08 08:35:45+00,polygon-usdc-usdfc,true
48285,2026-05-08 09:36:24+00,eth-usdfc,true
48287,2026-05-08 09:36:25+00,base-usdc-usdfc,true
48286,2026-05-08 09:36:25+00,fil-usdfc,true
48288,2026-05-08 09:36:26+00,polygon-usdc-usdfc,true
48289,2026-05-08 10:35:13+00,eth-usdfc,true
48290,2026-05-08 10:35:14+00,fil-usdfc,true
48291,2026-05-08 10:35:15+00,base-usdc-usdfc,true
48292,2026-05-08 10:35:16+00,polygon-usdc-usdfc,true
48293,2026-05-08 11:32:59+00,eth-usdfc,true
48294,2026-05-08 11:33:00+00,fil-usdfc,true
48296,2026-05-08 11:33:01+00,polygon-usdc-usdfc,true
48295,2026-05-08 11:33:01+00,base-usdc-usdfc,true
48297,2026-05-08 12:33:00+00,eth-usdfc,true
48298,2026-05-08 12:33:01+00,fil-usdfc,true
48299,2026-05-08 12:33:02+00,base-usdc-usdfc,true
48300,2026-05-08 12:33:04+00,polygon-usdc-usdfc,true
48301,2026-05-08 13:36:51+00,eth-usdfc,true
48303,2026-05-08 13:36:52+00,base-usdc-usdfc,true
48302,2026-05-08 13:36:52+00,fil-usdfc,true
48304,2026-05-08 13:36:53+00,polygon-usdc-usdfc,true
48305,2026-05-08 14:38:42+00,eth-usdfc,true
48306,2026-05-08 14:38:43+00,fil-usdfc,true
48307,2026-05-08 14:38:44+00,base-usdc-usdfc,true
48308,2026-05-08 14:38:45+00,polygon-usdc-usdfc,true
48309,2026-05-08 15:35:32+00,eth-usdfc,true
48310,2026-05-08 15:35:34+00,fil-usdfc,true
48311,2026-05-08 15:35:35+00,base-usdc-usdfc,true
48312,2026-05-08 15:35:37+00,polygon-usdc-usdfc,true
48313,2026-05-08 16:34:00+00,eth-usdfc,true
48314,2026-05-08 16:34:01+00,fil-usdfc,true
48315,2026-05-08 16:34:02+00,base-usdc-usdfc,true
48316,2026-05-08 16:34:03+00,polygon-usdc-usdfc,true
48317,2026-05-08 17:33:27+00,eth-usdfc,true
48318,2026-05-08 17:33:28+00,fil-usdfc,true
48319,2026-05-08 17:33:29+00,base-usdc-usdfc,true
48320,2026-05-08 17:33:30+00,polygon-usdc-usdfc,true
48321,2026-05-08 18:33:28+00,eth-usdfc,true
48323,2026-05-08 18:33:29+00,base-usdc-usdfc,true
48322,2026-05-08 18:33:29+00,fil-usdfc,true
48324,2026-05-08 18:33:30+00,polygon-usdc-usdfc,true
48325,2026-05-08 19:32:53+00,eth-usdfc,true
48327,2026-05-08 19:32:55+00,base-usdc-usdfc,true
48326,2026-05-08 19:32:55+00,fil-usdfc,true
48328,2026-05-08 19:32:56+00,polygon-usdc-usdfc,true
48329,2026-05-08 20:24:20+00,eth-usdfc,true
48331,2026-05-08 20:24:21+00,base-usdc-usdfc,true
48330,2026-05-08 20:24:21+00,fil-usdfc,true
48332,2026-05-08 20:24:22+00,polygon-usdc-usdfc,true
48333,2026-05-08 21:24:36+00,eth-usdfc,true
48335,2026-05-08 21:24:37+00,base-usdc-usdfc,true
48334,2026-05-08 21:24:37+00,fil-usdfc,true
48336,2026-05-08 21:24:38+00,polygon-usdc-usdfc,true
48337,2026-05-08 22:22:52+00,eth-usdfc,true
48339,2026-05-08 22:22:53+00,base-usdc-usdfc,true
48338,2026-05-08 22:22:53+00,fil-usdfc,true
48340,2026-05-08 22:22:54+00,polygon-usdc-usdfc,true
48341,2026-05-08 23:22:07+00,eth-usdfc,true
48342,2026-05-08 23:22:08+00,fil-usdfc,true
48343,2026-05-08 23:22:09+00,base-usdc-usdfc,true
48344,2026-05-08 23:22:10+00,polygon-usdc-usdfc,true
48345,2026-05-09 00:43:26+00,eth-usdfc,true
48346,2026-05-09 00:43:27+00,fil-usdfc,true
48348,2026-05-09 00:43:28+00,polygon-usdc-usdfc,true
48347,2026-05-09 00:43:28+00,base-usdc-usdfc,true
48349,2026-05-09 01:37:54+00,eth-usdfc,true
48351,2026-05-09 01:37:55+00,base-usdc-usdfc,true
48350,2026-05-09 01:37:55+00,fil-usdfc,true
48352,2026-05-09 01:37:56+00,polygon-usdc-usdfc,true
48353,2026-05-09 03:09:37+00,eth-usdfc,true
48354,2026-05-09 03:09:38+00,fil-usdfc,true
48355,2026-05-09 03:09:39+00,base-usdc-usdfc,true
48356,2026-05-09 03:09:40+00,polygon-usdc-usdfc,true
48357,2026-05-09 05:07:19+00,eth-usdfc,true
48359,2026-05-09 05:07:20+00,base-usdc-usdfc,true
48358,2026-05-09 05:07:20+00,fil-usdfc,true
48360,2026-05-09 05:07:21+00,polygon-usdc-usdfc,true
48361,2026-05-09 06:47:18+00,eth-usdfc,true
48363,2026-05-09 06:47:20+00,base-usdc-usdfc,true
48362,2026-05-09 06:47:20+00,fil-usdfc,true
48364,2026-05-09 06:47:22+00,polygon-usdc-usdfc,true
48365,2026-05-09 07:36:13+00,eth-usdfc,true
48366,2026-05-09 07:36:15+00,fil-usdfc,true
48367,2026-05-09 07:36:16+00,base-usdc-usdfc,true
48368,2026-05-09 07:36:17+00,polygon-usdc-usdfc,true
48369,2026-05-09 08:35:39+00,eth-usdfc,true
48371,2026-05-09 08:35:40+00,base-usdc-usdfc,true
48370,2026-05-09 08:35:40+00,fil-usdfc,true
48372,2026-05-09 08:35:41+00,polygon-usdc-usdfc,true
48373,2026-05-09 09:33:47+00,eth-usdfc,true
48374,2026-05-09 09:33:48+00,fil-usdfc,true
48375,2026-05-09 09:33:49+00,base-usdc-usdfc,true
48376,2026-05-09 09:33:50+00,polygon-usdc-usdfc,true
48377,2026-05-09 10:24:08+00,eth-usdfc,true
48378,2026-05-09 10:24:09+00,fil-usdfc,true
48379,2026-05-09 10:24:10+00,base-usdc-usdfc,true
48380,2026-05-09 10:24:12+00,polygon-usdc-usdfc,true
48381,2026-05-09 11:20:30+00,eth-usdfc,true
48382,2026-05-09 11:20:31+00,fil-usdfc,true
48383,2026-05-09 11:20:32+00,base-usdc-usdfc,true
48384,2026-05-09 11:20:33+00,polygon-usdc-usdfc,true
48385,2026-05-09 12:22:59+00,eth-usdfc,true
48386,2026-05-09 12:23:00+00,fil-usdfc,true
48387,2026-05-09 12:23:01+00,base-usdc-usdfc,true
48388,2026-05-09 12:23:02+00,polygon-usdc-usdfc,true
48389,2026-05-09 13:32:53+00,eth-usdfc,true
48390,2026-05-09 13:32:54+00,fil-usdfc,true
48391,2026-05-09 13:32:55+00,base-usdc-usdfc,true
48392,2026-05-09 13:32:57+00,polygon-usdc-usdfc,true
48393,2026-05-09 14:26:06+00,eth-usdfc,true
48395,2026-05-09 14:26:08+00,base-usdc-usdfc,true
48394,2026-05-09 14:26:08+00,fil-usdfc,true
48396,2026-05-09 14:26:09+00,polygon-usdc-usdfc,true
48397,2026-05-09 15:21:53+00,eth-usdfc,true
48399,2026-05-09 15:21:54+00,base-usdc-usdfc,true
48398,2026-05-09 15:21:54+00,fil-usdfc,true
48400,2026-05-09 15:21:55+00,polygon-usdc-usdfc,true
48401,2026-05-09 16:20:37+00,eth-usdfc,true
48402,2026-05-09 16:20:38+00,fil-usdfc,true
48404,2026-05-09 16:20:39+00,polygon-usdc-usdfc,true
48403,2026-05-09 16:20:39+00,base-usdc-usdfc,true
48405,2026-05-09 17:21:26+00,eth-usdfc,true
48406,2026-05-09 17:21:27+00,fil-usdfc,true
48407,2026-05-09 17:21:28+00,base-usdc-usdfc,true
48408,2026-05-09 17:21:29+00,polygon-usdc-usdfc,true
48409,2026-05-09 18:22:33+00,eth-usdfc,true
48411,2026-05-09 18:22:34+00,base-usdc-usdfc,true
48410,2026-05-09 18:22:34+00,fil-usdfc,true
48412,2026-05-09 18:22:35+00,polygon-usdc-usdfc,true
48413,2026-05-09 19:26:48+00,eth-usdfc,true
48414,2026-05-09 19:26:49+00,fil-usdfc,true
48415,2026-05-09 19:26:50+00,base-usdc-usdfc,true
48416,2026-05-09 19:26:51+00,polygon-usdc-usdfc,true
48417,2026-05-09 20:17:03+00,eth-usdfc,true
48418,2026-05-09 20:17:04+00,fil-usdfc,true
48419,2026-05-09 20:17:05+00,base-usdc-usdfc,true
48420,2026-05-09 20:17:06+00,polygon-usdc-usdfc,true
48421,2026-05-09 21:17:50+00,eth-usdfc,true
48422,2026-05-09 21:17:51+00,fil-usdfc,true
48424,2026-05-09 21:17:52+00,polygon-usdc-usdfc,true
48423,2026-05-09 21:17:52+00,base-usdc-usdfc,true
48425,2026-05-09 22:17:18+00,eth-usdfc,true
48427,2026-05-09 22:17:19+00,base-usdc-usdfc,true
48426,2026-05-09 22:17:19+00,fil-usdfc,true
48428,2026-05-09 22:17:20+00,polygon-usdc-usdfc,true
48429,2026-05-09 23:19:21+00,eth-usdfc,true
48430,2026-05-09 23:19:22+00,fil-usdfc,true
48431,2026-05-09 23:19:23+00,base-usdc-usdfc,true
48432,2026-05-09 23:19:24+00,polygon-usdc-usdfc,true
48433,2026-05-10 00:45:06+00,eth-usdfc,true
48434,2026-05-10 00:45:07+00,fil-usdfc,true
48435,2026-05-10 00:45:08+00,base-usdc-usdfc,true
48436,2026-05-10 00:45:09+00,polygon-usdc-usdfc,true
48437,2026-05-10 01:37:46+00,eth-usdfc,true
48438,2026-05-10 01:37:47+00,fil-usdfc,true
48439,2026-05-10 01:37:48+00,base-usdc-usdfc,true
48440,2026-05-10 01:37:49+00,polygon-usdc-usdfc,true
48441,2026-05-10 03:10:03+00,eth-usdfc,true
48442,2026-05-10 03:10:04+00,fil-usdfc,true
48443,2026-05-10 03:10:05+00,base-usdc-usdfc,true
48444,2026-05-10 03:10:06+00,polygon-usdc-usdfc,true
48445,2026-05-10 05:15:54+00,eth-usdfc,true
48446,2026-05-10 05:15:55+00,fil-usdfc,true
48447,2026-05-10 05:15:56+00,base-usdc-usdfc,true
48448,2026-05-10 05:15:57+00,polygon-usdc-usdfc,true
48449,2026-05-10 06:58:45+00,eth-usdfc,true
48451,2026-05-10 06:58:46+00,base-usdc-usdfc,true
48450,2026-05-10 06:58:46+00,fil-usdfc,true
48452,2026-05-10 06:58:47+00,polygon-usdc-usdfc,true
48453,2026-05-10 07:47:24+00,eth-usdfc,true
48455,2026-05-10 07:47:25+00,base-usdc-usdfc,true
48454,2026-05-10 07:47:25+00,fil-usdfc,true
48456,2026-05-10 07:47:26+00,polygon-usdc-usdfc,true
48457,2026-05-10 08:40:17+00,eth-usdfc,true
48458,2026-05-10 08:40:18+00,fil-usdfc,true
48459,2026-05-10 08:40:19+00,base-usdc-usdfc,true
48460,2026-05-10 08:40:20+00,polygon-usdc-usdfc,true
48461,2026-05-10 09:33:36+00,eth-usdfc,true
48462,2026-05-10 09:33:37+00,fil-usdfc,true
48463,2026-05-10 09:33:38+00,base-usdc-usdfc,true
48464,2026-05-10 09:33:40+00,polygon-usdc-usdfc,true
48465,2026-05-10 10:28:56+00,eth-usdfc,true
48466,2026-05-10 10:28:57+00,fil-usdfc,true
48467,2026-05-10 10:28:58+00,base-usdc-usdfc,true
48468,2026-05-10 10:28:59+00,polygon-usdc-usdfc,true
48469,2026-05-10 11:22:16+00,eth-usdfc,true
48470,2026-05-10 11:22:18+00,fil-usdfc,true
48471,2026-05-10 11:22:19+00,base-usdc-usdfc,true
48472,2026-05-10 11:22:20+00,polygon-usdc-usdfc,true
48473,2026-05-10 12:22:26+00,eth-usdfc,true
48474,2026-05-10 12:22:28+00,fil-usdfc,true
48475,2026-05-10 12:22:29+00,base-usdc-usdfc,true
48476,2026-05-10 12:22:30+00,polygon-usdc-usdfc,true
48477,2026-05-10 13:33:08+00,eth-usdfc,true
48478,2026-05-10 13:33:19+00,fil-usdfc,true
48479,2026-05-10 13:33:21+00,base-usdc-usdfc,true
48480,2026-05-10 13:33:23+00,polygon-usdc-usdfc,true
48481,2026-05-10 14:27:40+00,eth-usdfc,true
48483,2026-05-10 14:27:41+00,base-usdc-usdfc,true
48482,2026-05-10 14:27:41+00,fil-usdfc,true
48484,2026-05-10 14:27:42+00,polygon-usdc-usdfc,true
48485,2026-05-10 15:23:18+00,eth-usdfc,true
48486,2026-05-10 15:23:19+00,fil-usdfc,true
48487,2026-05-10 15:23:20+00,base-usdc-usdfc,true
48488,2026-05-10 15:23:21+00,polygon-usdc-usdfc,true
48489,2026-05-10 16:21:22+00,eth-usdfc,true
48491,2026-05-10 16:21:23+00,base-usdc-usdfc,true
48490,2026-05-10 16:21:23+00,fil-usdfc,true
48492,2026-05-10 16:21:24+00,polygon-usdc-usdfc,true
48493,2026-05-10 17:22:23+00,eth-usdfc,true
48495,2026-05-10 17:22:24+00,base-usdc-usdfc,true
48494,2026-05-10 17:22:24+00,fil-usdfc,true
48496,2026-05-10 17:22:25+00,polygon-usdc-usdfc,true
48497,2026-05-10 18:23:04+00,eth-usdfc,true
48498,2026-05-10 18:23:05+00,fil-usdfc,true
48499,2026-05-10 18:23:06+00,base-usdc-usdfc,true
48500,2026-05-10 18:23:07+00,polygon-usdc-usdfc,true
48501,2026-05-10 19:27:17+00,eth-usdfc,true
48503,2026-05-10 19:27:19+00,base-usdc-usdfc,true
48502,2026-05-10 19:27:19+00,fil-usdfc,true
48504,2026-05-10 19:27:21+00,polygon-usdc-usdfc,true
48505,2026-05-10 20:18:05+00,eth-usdfc,true
48506,2026-05-10 20:18:06+00,fil-usdfc,true
48507,2026-05-10 20:18:07+00,base-usdc-usdfc,true
48508,2026-05-10 20:18:08+00,polygon-usdc-usdfc,true
48509,2026-05-10 21:19:13+00,eth-usdfc,true
48511,2026-05-10 21:19:14+00,base-usdc-usdfc,true
48510,2026-05-10 21:19:14+00,fil-usdfc,true
48512,2026-05-10 21:19:15+00,polygon-usdc-usdfc,true
48513,2026-05-10 22:18:23+00,eth-usdfc,true
48514,2026-05-10 22:18:24+00,fil-usdfc,true
48515,2026-05-10 22:18:25+00,base-usdc-usdfc,true
48516,2026-05-10 22:18:26+00,polygon-usdc-usdfc,true
48517,2026-05-10 23:20:22+00,eth-usdfc,true
48518,2026-05-10 23:20:23+00,fil-usdfc,true
48519,2026-05-10 23:20:24+00,base-usdc-usdfc,true
48520,2026-05-10 23:20:25+00,polygon-usdc-usdfc,true
48521,2026-05-11 00:45:27+00,eth-usdfc,true
48522,2026-05-11 00:45:28+00,fil-usdfc,true
48524,2026-05-11 00:45:29+00,polygon-usdc-usdfc,true
48523,2026-05-11 00:45:29+00,base-usdc-usdfc,true
48525,2026-05-11 01:39:09+00,eth-usdfc,true
48526,2026-05-11 01:39:10+00,fil-usdfc,true
48527,2026-05-11 01:39:11+00,base-usdc-usdfc,true
48528,2026-05-11 01:39:12+00,polygon-usdc-usdfc,true
48529,2026-05-11 03:11:57+00,eth-usdfc,true
48530,2026-05-11 03:11:59+00,fil-usdfc,true
48531,2026-05-11 03:12:00+00,base-usdc-usdfc,true
48532,2026-05-11 03:12:01+00,polygon-usdc-usdfc,true
48533,2026-05-11 05:22:29+00,eth-usdfc,true
48534,2026-05-11 05:22:30+00,fil-usdfc,true
48535,2026-05-11 05:22:31+00,base-usdc-usdfc,true
48536,2026-05-11 05:22:32+00,polygon-usdc-usdfc,true
48537,2026-05-11 07:17:58+00,eth-usdfc,true
48538,2026-05-11 07:17:59+00,fil-usdfc,true
48539,2026-05-11 07:18:00+00,base-usdc-usdfc,true
48540,2026-05-11 07:18:01+00,polygon-usdc-usdfc,true
48541,2026-05-11 09:13:25+00,eth-usdfc,true
48543,2026-05-11 09:13:26+00,base-usdc-usdfc,true
48542,2026-05-11 09:13:26+00,fil-usdfc,true
48544,2026-05-11 09:13:28+00,polygon-usdc-usdfc,true
48545,2026-05-11 11:06:54+00,eth-usdfc,true
48546,2026-05-11 11:06:55+00,fil-usdfc,true
48547,2026-05-11 11:06:56+00,base-usdc-usdfc,true
48548,2026-05-11 11:06:57+00,polygon-usdc-usdfc,true
48549,2026-05-11 13:04:02+00,eth-usdfc,true
48551,2026-05-11 13:04:04+00,base-usdc-usdfc,true
48550,2026-05-11 13:04:04+00,fil-usdfc,true
48552,2026-05-11 13:04:05+00,polygon-usdc-usdfc,true
48553,2026-05-11 15:06:25+00,eth-usdfc,true
48554,2026-05-11 15:06:26+00,fil-usdfc,true
48555,2026-05-11 15:06:27+00,base-usdc-usdfc,true
48556,2026-05-11 15:06:28+00,polygon-usdc-usdfc,true
48557,2026-05-11 16:56:47+00,eth-usdfc,true
48558,2026-05-11 16:56:48+00,fil-usdfc,true
48559,2026-05-11 16:56:49+00,base-usdc-usdfc,true
48560,2026-05-11 16:56:50+00,polygon-usdc-usdfc,true
48561,2026-05-11 17:43:37+00,eth-usdfc,true
48562,2026-05-11 17:43:38+00,fil-usdfc,true
48563,2026-05-11 17:43:39+00,base-usdc-usdfc,true
48564,2026-05-11 17:43:40+00,polygon-usdc-usdfc,true
48565,2026-05-11 18:41:18+00,eth-usdfc,true
48566,2026-05-11 18:41:20+00,fil-usdfc,true
48567,2026-05-11 18:41:21+00,base-usdc-usdfc,true
48568,2026-05-11 18:41:22+00,polygon-usdc-usdfc,true
48569,2026-05-11 19:35:17+00,eth-usdfc,true
48570,2026-05-11 19:35:18+00,fil-usdfc,true
48572,2026-05-11 19:35:19+00,polygon-usdc-usdfc,true
48571,2026-05-11 19:35:19+00,base-usdc-usdfc,true
48573,2026-05-11 20:37:25+00,eth-usdfc,true
48574,2026-05-11 20:37:26+00,fil-usdfc,true
48575,2026-05-11 20:37:27+00,base-usdc-usdfc,true
48576,2026-05-11 20:37:28+00,polygon-usdc-usdfc,true
48577,2026-05-11 21:31:58+00,eth-usdfc,true
48579,2026-05-11 21:31:59+00,base-usdc-usdfc,true
48578,2026-05-11 21:31:59+00,fil-usdfc,true
48580,2026-05-11 21:32:00+00,polygon-usdc-usdfc,true
48581,2026-05-11 22:25:39+00,eth-usdfc,true
48582,2026-05-11 22:25:40+00,fil-usdfc,true
48583,2026-05-11 22:25:41+00,base-usdc-usdfc,true
48584,2026-05-11 22:25:42+00,polygon-usdc-usdfc,true
48585,2026-05-11 23:22:03+00,eth-usdfc,true
48586,2026-05-11 23:22:04+00,fil-usdfc,true
48587,2026-05-11 23:22:05+00,base-usdc-usdfc,true
48588,2026-05-11 23:22:06+00,polygon-usdc-usdfc,true
48589,2026-05-12 00:41:21+00,eth-usdfc,true
48590,2026-05-12 00:41:22+00,fil-usdfc,true
48591,2026-05-12 00:41:23+00,base-usdc-usdfc,true
48592,2026-05-12 00:41:25+00,polygon-usdc-usdfc,true
48593,2026-05-12 01:38:06+00,eth-usdfc,true
48594,2026-05-12 01:38:07+00,fil-usdfc,true
48595,2026-05-12 01:38:08+00,base-usdc-usdfc,true
48596,2026-05-12 01:38:09+00,polygon-usdc-usdfc,true
48597,2026-05-12 03:10:23+00,eth-usdfc,true
48598,2026-05-12 03:10:24+00,fil-usdfc,true
48599,2026-05-12 03:10:25+00,base-usdc-usdfc,true
48600,2026-05-12 03:10:26+00,polygon-usdc-usdfc,true
48601,2026-05-12 05:16:48+00,eth-usdfc,true
48602,2026-05-12 05:16:49+00,fil-usdfc,true
48603,2026-05-12 05:16:50+00,base-usdc-usdfc,true
48604,2026-05-12 05:16:52+00,polygon-usdc-usdfc,true
48605,2026-05-12 07:03:18+00,eth-usdfc,true
48606,2026-05-12 07:03:20+00,fil-usdfc,true
48607,2026-05-12 07:03:21+00,base-usdc-usdfc,true
48608,2026-05-12 07:03:22+00,polygon-usdc-usdfc,true
48609,2026-05-12 09:01:18+00,eth-usdfc,true
48610,2026-05-12 09:01:19+00,fil-usdfc,true
48611,2026-05-12 09:01:20+00,base-usdc-usdfc,true
48612,2026-05-12 09:01:21+00,polygon-usdc-usdfc,true
48613,2026-05-12 10:50:26+00,eth-usdfc,true
48615,2026-05-12 10:50:27+00,base-usdc-usdfc,true
48614,2026-05-12 10:50:27+00,fil-usdfc,true
48616,2026-05-12 10:50:28+00,polygon-usdc-usdfc,true
48617,2026-05-12 11:39:50+00,eth-usdfc,true
48619,2026-05-12 11:39:51+00,base-usdc-usdfc,true
48618,2026-05-12 11:39:51+00,fil-usdfc,true
48620,2026-05-12 11:39:52+00,polygon-usdc-usdfc,true
48621,2026-05-12 12:44:52+00,eth-usdfc,true
48622,2026-05-12 12:44:54+00,fil-usdfc,true
48624,2026-05-12 12:44:55+00,polygon-usdc-usdfc,true
48623,2026-05-12 12:44:55+00,base-usdc-usdfc,true
48625,2026-05-12 13:39:25+00,eth-usdfc,true
48627,2026-05-12 13:39:26+00,base-usdc-usdfc,true
48626,2026-05-12 13:39:26+00,fil-usdfc,true
48628,2026-05-12 13:39:27+00,polygon-usdc-usdfc,true
48629,2026-05-12 15:00:17+00,eth-usdfc,true
48630,2026-05-12 15:00:19+00,fil-usdfc,true
48632,2026-05-12 15:00:20+00,polygon-usdc-usdfc,true
48631,2026-05-12 15:00:20+00,base-usdc-usdfc,true
48633,2026-05-12 16:47:07+00,eth-usdfc,true
48634,2026-05-12 16:47:11+00,fil-usdfc,true
48636,2026-05-12 16:47:12+00,polygon-usdc-usdfc,true
48635,2026-05-12 16:47:12+00,base-usdc-usdfc,true
48637,2026-05-12 17:43:13+00,eth-usdfc,true
48638,2026-05-12 17:43:15+00,fil-usdfc,true
48639,2026-05-12 17:43:16+00,base-usdc-usdfc,true
48640,2026-05-12 17:43:18+00,polygon-usdc-usdfc,true
48641,2026-05-12 18:39:57+00,eth-usdfc,true
48642,2026-05-12 18:39:58+00,fil-usdfc,true
48643,2026-05-12 18:39:59+00,base-usdc-usdfc,true
48644,2026-05-12 18:40:02+00,polygon-usdc-usdfc,true
48645,2026-05-12 19:34:45+00,eth-usdfc,true
48646,2026-05-12 19:34:46+00,fil-usdfc,true
48647,2026-05-12 19:34:47+00,base-usdc-usdfc,true
48648,2026-05-12 19:34:48+00,polygon-usdc-usdfc,true
48649,2026-05-12 20:35:23+00,eth-usdfc,true
48650,2026-05-12 20:35:24+00,fil-usdfc,true
48651,2026-05-12 20:35:25+00,base-usdc-usdfc,true
48652,2026-05-12 20:35:26+00,polygon-usdc-usdfc,true
48653,2026-05-12 21:31:03+00,eth-usdfc,true
48654,2026-05-12 21:31:04+00,fil-usdfc,true
48656,2026-05-12 21:31:05+00,polygon-usdc-usdfc,true
48655,2026-05-12 21:31:05+00,base-usdc-usdfc,true
48657,2026-05-12 22:29:17+00,eth-usdfc,true
48658,2026-05-12 22:29:18+00,fil-usdfc,true
48660,2026-05-12 22:29:19+00,polygon-usdc-usdfc,true
48659,2026-05-12 22:29:19+00,base-usdc-usdfc,true
48661,2026-05-12 23:26:03+00,eth-usdfc,true
48662,2026-05-12 23:26:04+00,fil-usdfc,true
48664,2026-05-12 23:26:05+00,polygon-usdc-usdfc,true
48663,2026-05-12 23:26:05+00,base-usdc-usdfc,true
48665,2026-05-13 00:45:46+00,eth-usdfc,true
48666,2026-05-13 00:45:47+00,fil-usdfc,true
48667,2026-05-13 00:45:48+00,base-usdc-usdfc,true
48668,2026-05-13 00:45:49+00,polygon-usdc-usdfc,true
48669,2026-05-13 01:39:59+00,eth-usdfc,true
48670,2026-05-13 01:40:00+00,fil-usdfc,true
48671,2026-05-13 01:40:01+00,base-usdc-usdfc,true
48672,2026-05-13 01:40:02+00,polygon-usdc-usdfc,true
48673,2026-05-13 03:10:45+00,eth-usdfc,true
48674,2026-05-13 03:10:46+00,fil-usdfc,true
48675,2026-05-13 03:10:47+00,base-usdc-usdfc,true
48676,2026-05-13 03:10:48+00,polygon-usdc-usdfc,true
48677,2026-05-13 05:20:19+00,eth-usdfc,true
48678,2026-05-13 05:20:21+00,fil-usdfc,true
48679,2026-05-13 05:20:25+00,base-usdc-usdfc,true
48680,2026-05-13 05:20:26+00,polygon-usdc-usdfc,true
48681,2026-05-13 07:07:21+00,eth-usdfc,true
48682,2026-05-13 07:07:22+00,fil-usdfc,true
48684,2026-05-13 07:07:24+00,polygon-usdc-usdfc,true
48683,2026-05-13 07:07:24+00,base-usdc-usdfc,true
48685,2026-05-13 09:05:10+00,eth-usdfc,true
48686,2026-05-13 09:05:11+00,fil-usdfc,true
48687,2026-05-13 09:05:12+00,base-usdc-usdfc,true
48688,2026-05-13 09:05:13+00,polygon-usdc-usdfc,true
48689,2026-05-13 10:53:37+00,eth-usdfc,true
48690,2026-05-13 10:53:38+00,fil-usdfc,true
48692,2026-05-13 10:53:39+00,polygon-usdc-usdfc,true
48691,2026-05-13 10:53:39+00,base-usdc-usdfc,true
48693,2026-05-13 11:45:03+00,eth-usdfc,true
48695,2026-05-13 11:45:04+00,base-usdc-usdfc,true
48694,2026-05-13 11:45:04+00,fil-usdfc,true
48696,2026-05-13 11:45:05+00,polygon-usdc-usdfc,true
48697,2026-05-13 12:48:33+00,eth-usdfc,true
48698,2026-05-13 12:48:34+00,fil-usdfc,true
48699,2026-05-13 12:48:35+00,base-usdc-usdfc,true
48700,2026-05-13 12:48:36+00,polygon-usdc-usdfc,true
48701,2026-05-13 13:45:37+00,eth-usdfc,true
48702,2026-05-13 13:45:38+00,fil-usdfc,true
48703,2026-05-13 13:45:39+00,base-usdc-usdfc,true
48704,2026-05-13 13:45:40+00,polygon-usdc-usdfc,true
48705,2026-05-13 15:04:15+00,eth-usdfc,true
48706,2026-05-13 15:04:16+00,fil-usdfc,true
48707,2026-05-13 15:04:17+00,base-usdc-usdfc,true
48708,2026-05-13 15:04:18+00,polygon-usdc-usdfc,true
48709,2026-05-13 16:49:37+00,eth-usdfc,true
48710,2026-05-13 16:49:38+00,fil-usdfc,true
48711,2026-05-13 16:49:39+00,base-usdc-usdfc,true
48712,2026-05-13 16:49:40+00,polygon-usdc-usdfc,true
48713,2026-05-13 17:44:03+00,eth-usdfc,true
48714,2026-05-13 17:44:04+00,fil-usdfc,true
48715,2026-05-13 17:44:05+00,base-usdc-usdfc,true
48716,2026-05-13 17:44:06+00,polygon-usdc-usdfc,true
48717,2026-05-13 18:41:54+00,eth-usdfc,true
48718,2026-05-13 18:41:55+00,fil-usdfc,true
48720,2026-05-13 18:41:56+00,polygon-usdc-usdfc,true
48719,2026-05-13 18:41:56+00,base-usdc-usdfc,true
48721,2026-05-13 19:35:23+00,eth-usdfc,true
48722,2026-05-13 19:35:24+00,fil-usdfc,true
48724,2026-05-13 19:35:25+00,polygon-usdc-usdfc,true
48723,2026-05-13 19:35:25+00,base-usdc-usdfc,true
48725,2026-05-13 20:36:57+00,eth-usdfc,true
48726,2026-05-13 20:36:58+00,fil-usdfc,true
48727,2026-05-13 20:36:59+00,base-usdc-usdfc,true
48728,2026-05-13 20:37:00+00,polygon-usdc-usdfc,true
48729,2026-05-13 21:34:07+00,eth-usdfc,true
48730,2026-05-13 21:34:09+00,fil-usdfc,true
48732,2026-05-13 21:34:10+00,polygon-usdc-usdfc,true
48731,2026-05-13 21:34:10+00,base-usdc-usdfc,true
48734,2026-05-13 22:29:01+00,fil-usdfc,true
48733,2026-05-13 22:29:01+00,eth-usdfc,true
48735,2026-05-13 22:29:02+00,base-usdc-usdfc,true
48736,2026-05-13 22:29:03+00,polygon-usdc-usdfc,true
48737,2026-05-13 23:27:09+00,eth-usdfc,true
48738,2026-05-13 23:27:10+00,fil-usdfc,true
48740,2026-05-13 23:27:11+00,polygon-usdc-usdfc,true
48739,2026-05-13 23:27:11+00,base-usdc-usdfc,true
48741,2026-05-14 00:47:28+00,eth-usdfc,true
48743,2026-05-14 00:47:30+00,base-usdc-usdfc,true
48742,2026-05-14 00:47:30+00,fil-usdfc,true
48744,2026-05-14 00:47:32+00,polygon-usdc-usdfc,true
48745,2026-05-14 01:41:48+00,eth-usdfc,true
48746,2026-05-14 01:41:49+00,fil-usdfc,true
48748,2026-05-14 01:41:50+00,polygon-usdc-usdfc,true
48747,2026-05-14 01:41:50+00,base-usdc-usdfc,true
48749,2026-05-14 03:10:04+00,eth-usdfc,true
48750,2026-05-14 03:10:05+00,fil-usdfc,true
48751,2026-05-14 03:10:06+00,base-usdc-usdfc,true
48752,2026-05-14 03:10:07+00,polygon-usdc-usdfc,true
48753,2026-05-14 05:20:03+00,eth-usdfc,true
48754,2026-05-14 05:20:04+00,fil-usdfc,true
48755,2026-05-14 05:20:05+00,base-usdc-usdfc,true
48756,2026-05-14 05:20:06+00,polygon-usdc-usdfc,true
48757,2026-05-14 07:05:03+00,eth-usdfc,true
48758,2026-05-14 07:05:04+00,fil-usdfc,true
48759,2026-05-14 07:05:05+00,base-usdc-usdfc,true
48760,2026-05-14 07:05:06+00,polygon-usdc-usdfc,true
48761,2026-05-14 08:59:26+00,eth-usdfc,true
48762,2026-05-14 08:59:27+00,fil-usdfc,true
48763,2026-05-14 08:59:28+00,base-usdc-usdfc,true
48764,2026-05-14 08:59:29+00,polygon-usdc-usdfc,true
48765,2026-05-14 09:54:19+00,eth-usdfc,true
48766,2026-05-14 09:54:20+00,fil-usdfc,true
48767,2026-05-14 09:54:21+00,base-usdc-usdfc,true
48768,2026-05-14 09:54:22+00,polygon-usdc-usdfc,true
48769,2026-05-14 10:49:56+00,eth-usdfc,true
48771,2026-05-14 10:49:57+00,base-usdc-usdfc,true
48770,2026-05-14 10:49:57+00,fil-usdfc,true
48772,2026-05-14 10:49:58+00,polygon-usdc-usdfc,true
48773,2026-05-14 11:36:54+00,eth-usdfc,true
48774,2026-05-14 11:36:55+00,fil-usdfc,true
48775,2026-05-14 11:36:56+00,base-usdc-usdfc,true
48776,2026-05-14 11:36:57+00,polygon-usdc-usdfc,true
48777,2026-05-14 12:41:06+00,eth-usdfc,true
48779,2026-05-14 12:41:07+00,base-usdc-usdfc,true
48778,2026-05-14 12:41:07+00,fil-usdfc,true
48780,2026-05-14 12:41:09+00,polygon-usdc-usdfc,true
48781,2026-05-14 13:37:40+00,eth-usdfc,true
48783,2026-05-14 13:37:41+00,base-usdc-usdfc,true
48782,2026-05-14 13:37:41+00,fil-usdfc,true
48784,2026-05-14 13:37:42+00,polygon-usdc-usdfc,true
48785,2026-05-14 14:54:49+00,eth-usdfc,true
48786,2026-05-14 14:54:50+00,fil-usdfc,true
48787,2026-05-14 14:54:51+00,base-usdc-usdfc,true
48788,2026-05-14 14:54:52+00,polygon-usdc-usdfc,true
48789,2026-05-14 15:50:38+00,eth-usdfc,true
48791,2026-05-14 15:50:40+00,base-usdc-usdfc,true
48790,2026-05-14 15:50:40+00,fil-usdfc,true
48792,2026-05-14 15:50:41+00,polygon-usdc-usdfc,true
48793,2026-05-14 16:43:26+00,eth-usdfc,true
48794,2026-05-14 16:43:27+00,fil-usdfc,true
48795,2026-05-14 16:43:28+00,base-usdc-usdfc,true
48796,2026-05-14 16:43:30+00,polygon-usdc-usdfc,true
48797,2026-05-14 17:37:31+00,eth-usdfc,true
48798,2026-05-14 17:37:32+00,fil-usdfc,true
48799,2026-05-14 17:37:33+00,base-usdc-usdfc,true
48800,2026-05-14 17:37:34+00,polygon-usdc-usdfc,true
48801,2026-05-14 18:40:29+00,eth-usdfc,true
48802,2026-05-14 18:40:30+00,fil-usdfc,true
48803,2026-05-14 18:40:31+00,base-usdc-usdfc,true
48804,2026-05-14 18:40:32+00,polygon-usdc-usdfc,true
48805,2026-05-14 19:34:45+00,eth-usdfc,true
48807,2026-05-14 19:34:46+00,base-usdc-usdfc,true
48806,2026-05-14 19:34:46+00,fil-usdfc,true
48808,2026-05-14 19:34:47+00,polygon-usdc-usdfc,true
48809,2026-05-14 20:33:42+00,eth-usdfc,true
48810,2026-05-14 20:33:43+00,fil-usdfc,true
48811,2026-05-14 20:33:44+00,base-usdc-usdfc,true
48812,2026-05-14 20:33:46+00,polygon-usdc-usdfc,true
48813,2026-05-14 21:28:32+00,eth-usdfc,true
48814,2026-05-14 21:28:33+00,fil-usdfc,true
48816,2026-05-14 21:28:34+00,polygon-usdc-usdfc,true
48815,2026-05-14 21:28:34+00,base-usdc-usdfc,true
48817,2026-05-14 22:26:43+00,eth-usdfc,true
48818,2026-05-14 22:26:44+00,fil-usdfc,true
48819,2026-05-14 22:26:45+00,base-usdc-usdfc,true
48820,2026-05-14 22:26:46+00,polygon-usdc-usdfc,true
48821,2026-05-14 23:21:16+00,eth-usdfc,true
48823,2026-05-14 23:21:17+00,base-usdc-usdfc,true
48822,2026-05-14 23:21:17+00,fil-usdfc,true
48824,2026-05-14 23:21:19+00,polygon-usdc-usdfc,true
48826,2026-05-15 00:44:46+00,fil-usdfc,true
48825,2026-05-15 00:44:46+00,eth-usdfc,true
48827,2026-05-15 00:44:47+00,base-usdc-usdfc,true
48828,2026-05-15 00:44:48+00,polygon-usdc-usdfc,true
48829,2026-05-15 01:39:54+00,eth-usdfc,true
48830,2026-05-15 01:39:55+00,fil-usdfc,true
48832,2026-05-15 01:39:56+00,polygon-usdc-usdfc,true
48831,2026-05-15 01:39:56+00,base-usdc-usdfc,true
48833,2026-05-15 03:11:14+00,eth-usdfc,true
48834,2026-05-15 03:11:15+00,fil-usdfc,true
48835,2026-05-15 03:11:16+00,base-usdc-usdfc,true
48836,2026-05-15 03:11:17+00,polygon-usdc-usdfc,true
48837,2026-05-15 05:21:42+00,eth-usdfc,true
48838,2026-05-15 05:21:43+00,fil-usdfc,true
48840,2026-05-15 05:21:44+00,polygon-usdc-usdfc,true
48839,2026-05-15 05:21:44+00,base-usdc-usdfc,true
48841,2026-05-15 07:11:34+00,eth-usdfc,true
48842,2026-05-15 07:11:35+00,fil-usdfc,true
48843,2026-05-15 07:11:36+00,base-usdc-usdfc,true
48844,2026-05-15 07:11:37+00,polygon-usdc-usdfc,true
48845,2026-05-15 09:07:59+00,eth-usdfc,true
48846,2026-05-15 09:08:00+00,fil-usdfc,true
48848,2026-05-15 09:08:02+00,polygon-usdc-usdfc,true
48847,2026-05-15 09:08:02+00,base-usdc-usdfc,true
48849,2026-05-15 10:50:05+00,eth-usdfc,true
48851,2026-05-15 10:50:07+00,base-usdc-usdfc,true
48850,2026-05-15 10:50:07+00,fil-usdfc,true
48852,2026-05-15 10:50:08+00,polygon-usdc-usdfc,true
48853,2026-05-15 11:40:24+00,eth-usdfc,true
48854,2026-05-15 11:40:25+00,fil-usdfc,true
48855,2026-05-15 11:40:26+00,base-usdc-usdfc,true
48856,2026-05-15 11:40:27+00,polygon-usdc-usdfc,true
48857,2026-05-15 12:41:06+00,eth-usdfc,true
48858,2026-05-15 12:41:08+00,fil-usdfc,true
48859,2026-05-15 12:41:09+00,base-usdc-usdfc,true
48860,2026-05-15 12:41:11+00,polygon-usdc-usdfc,true
48861,2026-05-15 13:36:42+00,eth-usdfc,true
48863,2026-05-15 13:36:43+00,base-usdc-usdfc,true
48862,2026-05-15 13:36:43+00,fil-usdfc,true
48864,2026-05-15 13:36:44+00,polygon-usdc-usdfc,true
48865,2026-05-15 14:51:54+00,eth-usdfc,true
48867,2026-05-15 14:51:56+00,base-usdc-usdfc,true
48866,2026-05-15 14:51:56+00,fil-usdfc,true
48868,2026-05-15 14:51:58+00,polygon-usdc-usdfc,true
48869,2026-05-15 15:44:34+00,eth-usdfc,true
48871,2026-05-15 15:44:35+00,base-usdc-usdfc,true
48870,2026-05-15 15:44:35+00,fil-usdfc,true
48872,2026-05-15 15:44:36+00,polygon-usdc-usdfc,true
48873,2026-05-15 16:38:28+00,eth-usdfc,true
48874,2026-05-15 16:38:29+00,fil-usdfc,true
48875,2026-05-15 16:38:30+00,base-usdc-usdfc,true
48876,2026-05-15 16:38:31+00,polygon-usdc-usdfc,true
48877,2026-05-15 17:33:44+00,eth-usdfc,true
48879,2026-05-15 17:33:45+00,base-usdc-usdfc,true
48878,2026-05-15 17:33:45+00,fil-usdfc,true
48880,2026-05-15 17:33:46+00,polygon-usdc-usdfc,true
48881,2026-05-15 18:36:14+00,eth-usdfc,true
48883,2026-05-15 18:36:16+00,base-usdc-usdfc,true
48882,2026-05-15 18:36:16+00,fil-usdfc,true
48884,2026-05-15 18:36:17+00,polygon-usdc-usdfc,true
48885,2026-05-15 19:34:02+00,eth-usdfc,true
48886,2026-05-15 19:34:03+00,fil-usdfc,true
48888,2026-05-15 19:34:04+00,polygon-usdc-usdfc,true
48887,2026-05-15 19:34:04+00,base-usdc-usdfc,true
48889,2026-05-15 20:28:55+00,eth-usdfc,true
48890,2026-05-15 20:28:56+00,fil-usdfc,true
48891,2026-05-15 20:28:57+00,base-usdc-usdfc,true
48892,2026-05-15 20:28:58+00,polygon-usdc-usdfc,true
48893,2026-05-15 21:25:15+00,eth-usdfc,true
48894,2026-05-15 21:25:16+00,fil-usdfc,true
48895,2026-05-15 21:25:17+00,base-usdc-usdfc,true
48896,2026-05-15 21:25:18+00,polygon-usdc-usdfc,true
48897,2026-05-15 22:22:58+00,eth-usdfc,true
48898,2026-05-15 22:22:59+00,fil-usdfc,true
48899,2026-05-15 22:23:00+00,base-usdc-usdfc,true
48900,2026-05-15 22:23:01+00,polygon-usdc-usdfc,true
48901,2026-05-15 23:22:08+00,eth-usdfc,true
48902,2026-05-15 23:22:09+00,fil-usdfc,true
48903,2026-05-15 23:22:11+00,base-usdc-usdfc,true
48904,2026-05-15 23:22:12+00,polygon-usdc-usdfc,true
48905,2026-05-16 00:42:26+00,eth-usdfc,true
48906,2026-05-16 00:42:27+00,fil-usdfc,true
48908,2026-05-16 00:42:28+00,polygon-usdc-usdfc,true
48907,2026-05-16 00:42:28+00,base-usdc-usdfc,true
48909,2026-05-16 01:38:24+00,eth-usdfc,true
48910,2026-05-16 01:38:25+00,fil-usdfc,true
48911,2026-05-16 01:38:26+00,base-usdc-usdfc,true
48912,2026-05-16 01:38:27+00,polygon-usdc-usdfc,true
48913,2026-05-16 03:09:08+00,eth-usdfc,true
48914,2026-05-16 03:09:09+00,fil-usdfc,true
48916,2026-05-16 03:09:10+00,polygon-usdc-usdfc,true
48915,2026-05-16 03:09:10+00,base-usdc-usdfc,true
48917,2026-05-16 05:08:28+00,eth-usdfc,true
48918,2026-05-16 05:08:33+00,fil-usdfc,true
48919,2026-05-16 05:08:34+00,base-usdc-usdfc,true
48920,2026-05-16 05:08:35+00,polygon-usdc-usdfc,true
48921,2026-05-16 06:51:05+00,eth-usdfc,true
48922,2026-05-16 06:51:06+00,fil-usdfc,true
48923,2026-05-16 06:51:07+00,base-usdc-usdfc,true
48924,2026-05-16 06:51:08+00,polygon-usdc-usdfc,true
48925,2026-05-16 07:38:22+00,eth-usdfc,true
48926,2026-05-16 07:38:24+00,fil-usdfc,true
48927,2026-05-16 07:38:25+00,base-usdc-usdfc,true
48928,2026-05-16 07:38:26+00,polygon-usdc-usdfc,true
48929,2026-05-16 08:37:46+00,eth-usdfc,true
48930,2026-05-16 08:37:47+00,fil-usdfc,true
48931,2026-05-16 08:37:48+00,base-usdc-usdfc,true
48932,2026-05-16 08:37:49+00,polygon-usdc-usdfc,true
48933,2026-05-16 09:34:24+00,eth-usdfc,true
48934,2026-05-16 09:34:25+00,fil-usdfc,true
48935,2026-05-16 09:34:26+00,base-usdc-usdfc,true
48936,2026-05-16 09:34:27+00,polygon-usdc-usdfc,true
48937,2026-05-16 10:29:44+00,eth-usdfc,true
48939,2026-05-16 10:29:46+00,base-usdc-usdfc,true
48938,2026-05-16 10:29:46+00,fil-usdfc,true
48940,2026-05-16 10:29:47+00,polygon-usdc-usdfc,true
48941,2026-05-16 11:24:31+00,eth-usdfc,true
48943,2026-05-16 11:24:32+00,base-usdc-usdfc,true
48942,2026-05-16 11:24:32+00,fil-usdfc,true
48944,2026-05-16 11:24:33+00,polygon-usdc-usdfc,true
48945,2026-05-16 12:25:19+00,eth-usdfc,true
48946,2026-05-16 12:25:20+00,fil-usdfc,true
48947,2026-05-16 12:25:21+00,base-usdc-usdfc,true
48948,2026-05-16 12:25:22+00,polygon-usdc-usdfc,true
48950,2026-05-16 13:33:29+00,fil-usdfc,true
48949,2026-05-16 13:33:29+00,eth-usdfc,true
48951,2026-05-16 13:33:30+00,base-usdc-usdfc,true
48952,2026-05-16 13:33:31+00,polygon-usdc-usdfc,true
48953,2026-05-16 14:30:28+00,eth-usdfc,true
48955,2026-05-16 14:30:29+00,base-usdc-usdfc,true
48954,2026-05-16 14:30:29+00,fil-usdfc,true
48956,2026-05-16 14:30:30+00,polygon-usdc-usdfc,true
48957,2026-05-16 15:24:26+00,eth-usdfc,true
48958,2026-05-16 15:24:27+00,fil-usdfc,true
48959,2026-05-16 15:24:28+00,base-usdc-usdfc,true
48960,2026-05-16 15:24:29+00,polygon-usdc-usdfc,true
48961,2026-05-16 16:21:51+00,eth-usdfc,true
48963,2026-05-16 16:21:52+00,base-usdc-usdfc,true
48962,2026-05-16 16:21:52+00,fil-usdfc,true
48964,2026-05-16 16:21:53+00,polygon-usdc-usdfc,true
48965,2026-05-16 17:23:38+00,eth-usdfc,true
48966,2026-05-16 17:23:39+00,fil-usdfc,true
48968,2026-05-16 17:23:40+00,polygon-usdc-usdfc,true
48967,2026-05-16 17:23:40+00,base-usdc-usdfc,true
48969,2026-05-16 18:22:30+00,eth-usdfc,true
48971,2026-05-16 18:22:32+00,base-usdc-usdfc,true
48970,2026-05-16 18:22:32+00,fil-usdfc,true
48972,2026-05-16 18:22:33+00,polygon-usdc-usdfc,true
48973,2026-05-16 19:27:04+00,eth-usdfc,true
48974,2026-05-16 19:27:05+00,fil-usdfc,true
48975,2026-05-16 19:27:06+00,base-usdc-usdfc,true
48976,2026-05-16 19:27:07+00,polygon-usdc-usdfc,true
48977,2026-05-16 20:18:23+00,eth-usdfc,true
48979,2026-05-16 20:18:24+00,base-usdc-usdfc,true
48978,2026-05-16 20:18:24+00,fil-usdfc,true
48980,2026-05-16 20:18:25+00,polygon-usdc-usdfc,true
48981,2026-05-16 21:19:08+00,eth-usdfc,true
48982,2026-05-16 21:19:09+00,fil-usdfc,true
48984,2026-05-16 21:19:11+00,polygon-usdc-usdfc,true
48983,2026-05-16 21:19:11+00,base-usdc-usdfc,true
48985,2026-05-16 22:18:20+00,eth-usdfc,true
48986,2026-05-16 22:18:21+00,fil-usdfc,true
48987,2026-05-16 22:18:22+00,base-usdc-usdfc,true
48988,2026-05-16 22:18:23+00,polygon-usdc-usdfc,true
48989,2026-05-16 23:20:22+00,eth-usdfc,true
48990,2026-05-16 23:20:23+00,fil-usdfc,true
48991,2026-05-16 23:20:24+00,base-usdc-usdfc,true
48992,2026-05-16 23:20:25+00,polygon-usdc-usdfc,true
48993,2026-05-17 00:46:34+00,eth-usdfc,true
48994,2026-05-17 00:46:35+00,fil-usdfc,true
48995,2026-05-17 00:46:36+00,base-usdc-usdfc,true
48996,2026-05-17 00:46:37+00,polygon-usdc-usdfc,true
48997,2026-05-17 01:38:32+00,eth-usdfc,true
48999,2026-05-17 01:38:33+00,base-usdc-usdfc,true
48998,2026-05-17 01:38:33+00,fil-usdfc,true
49000,2026-05-17 01:38:34+00,polygon-usdc-usdfc,true
49001,2026-05-17 03:10:23+00,eth-usdfc,true
49003,2026-05-17 03:10:25+00,base-usdc-usdfc,true
49002,2026-05-17 03:10:25+00,fil-usdfc,true
49004,2026-05-17 03:10:27+00,polygon-usdc-usdfc,true
49005,2026-05-17 05:19:57+00,eth-usdfc,true
49006,2026-05-17 05:19:58+00,fil-usdfc,true
49007,2026-05-17 05:19:59+00,base-usdc-usdfc,true
49008,2026-05-17 05:20:00+00,polygon-usdc-usdfc,true
49009,2026-05-17 07:01:53+00,eth-usdfc,true
49010,2026-05-17 07:01:54+00,fil-usdfc,true
49011,2026-05-17 07:01:55+00,base-usdc-usdfc,true
49012,2026-05-17 07:01:56+00,polygon-usdc-usdfc,true
49013,2026-05-17 08:45:54+00,eth-usdfc,true
49014,2026-05-17 08:45:55+00,fil-usdfc,true
49015,2026-05-17 08:45:56+00,base-usdc-usdfc,true
49016,2026-05-17 08:45:57+00,polygon-usdc-usdfc,true
49017,2026-05-17 09:36:39+00,eth-usdfc,true
49019,2026-05-17 09:36:40+00,base-usdc-usdfc,true
49018,2026-05-17 09:36:40+00,fil-usdfc,true
49020,2026-05-17 09:36:41+00,polygon-usdc-usdfc,true
49021,2026-05-17 10:32:43+00,eth-usdfc,true
49023,2026-05-17 10:32:44+00,base-usdc-usdfc,true
49022,2026-05-17 10:32:44+00,fil-usdfc,true
49024,2026-05-17 10:32:45+00,polygon-usdc-usdfc,true
49025,2026-05-17 11:28:10+00,eth-usdfc,true
49026,2026-05-17 11:28:11+00,fil-usdfc,true
49027,2026-05-17 11:28:12+00,base-usdc-usdfc,true
49028,2026-05-17 11:28:13+00,polygon-usdc-usdfc,true
49029,2026-05-17 12:23:47+00,eth-usdfc,true
49030,2026-05-17 12:23:48+00,fil-usdfc,true
49031,2026-05-17 12:23:49+00,base-usdc-usdfc,true
49032,2026-05-17 12:23:50+00,polygon-usdc-usdfc,true
49033,2026-05-17 13:33:21+00,eth-usdfc,true
49034,2026-05-17 13:33:22+00,fil-usdfc,true
49035,2026-05-17 13:33:23+00,base-usdc-usdfc,true
49036,2026-05-17 13:33:24+00,polygon-usdc-usdfc,true
49037,2026-05-17 14:32:49+00,eth-usdfc,true
49038,2026-05-17 14:32:50+00,fil-usdfc,true
49039,2026-05-17 14:32:51+00,base-usdc-usdfc,true
49040,2026-05-17 14:32:52+00,polygon-usdc-usdfc,true
49041,2026-05-17 15:25:15+00,eth-usdfc,true
49042,2026-05-17 15:25:16+00,fil-usdfc,true
49043,2026-05-17 15:25:17+00,base-usdc-usdfc,true
49044,2026-05-17 15:25:18+00,polygon-usdc-usdfc,true
49045,2026-05-17 16:23:18+00,eth-usdfc,true
49046,2026-05-17 16:23:19+00,fil-usdfc,true
49047,2026-05-17 16:23:20+00,base-usdc-usdfc,true
49048,2026-05-17 16:23:21+00,polygon-usdc-usdfc,true
49049,2026-05-17 17:24:22+00,eth-usdfc,true
49050,2026-05-17 17:24:23+00,fil-usdfc,true
49051,2026-05-17 17:24:24+00,base-usdc-usdfc,true
49052,2026-05-17 17:24:25+00,polygon-usdc-usdfc,true
49054,2026-05-17 18:24:54+00,fil-usdfc,true
49053,2026-05-17 18:24:54+00,eth-usdfc,true
49055,2026-05-17 18:24:55+00,base-usdc-usdfc,true
49056,2026-05-17 18:24:56+00,polygon-usdc-usdfc,true
49058,2026-05-17 19:28:39+00,fil-usdfc,true
49057,2026-05-17 19:28:39+00,eth-usdfc,true
49059,2026-05-17 19:28:40+00,base-usdc-usdfc,true
49060,2026-05-17 19:28:41+00,polygon-usdc-usdfc,true
49061,2026-05-17 20:19:48+00,eth-usdfc,true
49063,2026-05-17 20:19:49+00,base-usdc-usdfc,true
49062,2026-05-17 20:19:49+00,fil-usdfc,true
49064,2026-05-17 20:19:50+00,polygon-usdc-usdfc,true
49065,2026-05-17 21:20:23+00,eth-usdfc,true
49066,2026-05-17 21:20:24+00,fil-usdfc,true
49067,2026-05-17 21:20:25+00,base-usdc-usdfc,true
49068,2026-05-17 21:20:26+00,polygon-usdc-usdfc,true
49070,2026-05-17 22:19:50+00,fil-usdfc,true
49069,2026-05-17 22:19:50+00,eth-usdfc,true
49071,2026-05-17 22:19:51+00,base-usdc-usdfc,true
49072,2026-05-17 22:19:52+00,polygon-usdc-usdfc,true
49073,2026-05-17 23:21:18+00,eth-usdfc,true
49074,2026-05-17 23:21:19+00,fil-usdfc,true
49076,2026-05-17 23:21:20+00,polygon-usdc-usdfc,true
49075,2026-05-17 23:21:20+00,base-usdc-usdfc,true
49077,2026-05-18 00:47:20+00,eth-usdfc,true
49079,2026-05-18 00:47:21+00,base-usdc-usdfc,true
49078,2026-05-18 00:47:21+00,fil-usdfc,true
49080,2026-05-18 00:47:22+00,polygon-usdc-usdfc,true
49081,2026-05-18 01:43:59+00,eth-usdfc,true
49082,2026-05-18 01:44:00+00,fil-usdfc,true
49083,2026-05-18 01:44:01+00,base-usdc-usdfc,true
49084,2026-05-18 01:44:02+00,polygon-usdc-usdfc,true
49086,2026-05-18 03:12:32+00,fil-usdfc,true
49085,2026-05-18 03:12:32+00,eth-usdfc,true
49087,2026-05-18 03:12:33+00,base-usdc-usdfc,true
49088,2026-05-18 03:12:34+00,polygon-usdc-usdfc,true
49089,2026-05-18 05:26:37+00,eth-usdfc,true
49090,2026-05-18 05:26:38+00,fil-usdfc,true
49091,2026-05-18 05:26:39+00,base-usdc-usdfc,true
49092,2026-05-18 05:26:40+00,polygon-usdc-usdfc,true
49093,2026-05-18 07:28:42+00,eth-usdfc,true
49094,2026-05-18 07:28:43+00,fil-usdfc,true
49096,2026-05-18 07:28:44+00,polygon-usdc-usdfc,true
49095,2026-05-18 07:28:44+00,base-usdc-usdfc,true
49097,2026-05-18 09:16:16+00,eth-usdfc,true
49098,2026-05-18 09:16:17+00,fil-usdfc,true
49099,2026-05-18 09:16:18+00,base-usdc-usdfc,true
49100,2026-05-18 09:16:19+00,polygon-usdc-usdfc,true
49101,2026-05-18 11:22:57+00,eth-usdfc,true
49102,2026-05-18 11:22:58+00,fil-usdfc,true
49103,2026-05-18 11:22:59+00,base-usdc-usdfc,true
49104,2026-05-18 11:23:00+00,polygon-usdc-usdfc,true
49105,2026-05-18 13:18:55+00,eth-usdfc,true
49107,2026-05-18 13:18:56+00,base-usdc-usdfc,true
49106,2026-05-18 13:18:56+00,fil-usdfc,true
49108,2026-05-18 13:18:57+00,polygon-usdc-usdfc,true
49109,2026-05-18 15:08:05+00,eth-usdfc,true
49110,2026-05-18 15:08:06+00,fil-usdfc,true
49112,2026-05-18 15:08:07+00,polygon-usdc-usdfc,true
49111,2026-05-18 15:08:07+00,base-usdc-usdfc,true
49113,2026-05-18 17:00:57+00,eth-usdfc,true
49115,2026-05-18 17:00:59+00,base-usdc-usdfc,true
49114,2026-05-18 17:00:59+00,fil-usdfc,true
49116,2026-05-18 17:01:01+00,polygon-usdc-usdfc,true
49117,2026-05-18 18:40:11+00,eth-usdfc,true
49118,2026-05-18 18:40:14+00,fil-usdfc,true
49119,2026-05-18 18:40:15+00,base-usdc-usdfc,true
49120,2026-05-18 18:40:16+00,polygon-usdc-usdfc,true
49121,2026-05-18 19:34:57+00,eth-usdfc,true
49122,2026-05-18 19:34:58+00,fil-usdfc,true
49124,2026-05-18 19:34:59+00,polygon-usdc-usdfc,true
49123,2026-05-18 19:34:59+00,base-usdc-usdfc,true
49125,2026-05-18 20:34:37+00,eth-usdfc,true
49126,2026-05-18 20:34:38+00,fil-usdfc,true
49127,2026-05-18 20:34:39+00,base-usdc-usdfc,true
49128,2026-05-18 20:34:40+00,polygon-usdc-usdfc,true
49129,2026-05-18 21:29:30+00,eth-usdfc,true
49130,2026-05-18 21:29:31+00,fil-usdfc,true
49131,2026-05-18 21:29:32+00,base-usdc-usdfc,true
49132,2026-05-18 21:29:33+00,polygon-usdc-usdfc,true
49133,2026-05-18 22:23:09+00,eth-usdfc,true
49134,2026-05-18 22:23:11+00,fil-usdfc,true
49135,2026-05-18 22:23:12+00,base-usdc-usdfc,true
49136,2026-05-18 22:23:13+00,polygon-usdc-usdfc,true
49137,2026-05-18 23:25:55+00,eth-usdfc,true
49138,2026-05-18 23:25:56+00,fil-usdfc,true
49139,2026-05-18 23:25:57+00,base-usdc-usdfc,true
49140,2026-05-18 23:25:58+00,polygon-usdc-usdfc,true
49141,2026-05-19 00:48:57+00,eth-usdfc,true
49142,2026-05-19 00:48:58+00,fil-usdfc,true
49143,2026-05-19 00:48:59+00,base-usdc-usdfc,true
49144,2026-05-19 00:49:00+00,polygon-usdc-usdfc,true
49145,2026-05-19 01:43:11+00,eth-usdfc,true
49146,2026-05-19 01:43:12+00,fil-usdfc,true
49147,2026-05-19 01:43:13+00,base-usdc-usdfc,true
49148,2026-05-19 01:43:14+00,polygon-usdc-usdfc,true
49149,2026-05-19 03:11:21+00,eth-usdfc,true
49150,2026-05-19 03:11:22+00,fil-usdfc,true
49152,2026-05-19 03:11:23+00,polygon-usdc-usdfc,true
49151,2026-05-19 03:11:23+00,base-usdc-usdfc,true
49153,2026-05-19 05:24:16+00,eth-usdfc,true
49154,2026-05-19 05:24:17+00,fil-usdfc,true
49155,2026-05-19 05:24:18+00,base-usdc-usdfc,true
49156,2026-05-19 05:24:19+00,polygon-usdc-usdfc,true
49157,2026-05-19 07:17:57+00,eth-usdfc,true
49158,2026-05-19 07:17:58+00,fil-usdfc,true
49159,2026-05-19 07:17:59+00,base-usdc-usdfc,true
49160,2026-05-19 07:18:00+00,polygon-usdc-usdfc,true
49161,2026-05-19 09:14:00+00,eth-usdfc,true
49162,2026-05-19 09:14:02+00,fil-usdfc,true
49163,2026-05-19 09:14:03+00,base-usdc-usdfc,true
49164,2026-05-19 09:14:04+00,polygon-usdc-usdfc,true
49165,2026-05-19 11:07:01+00,eth-usdfc,true
49166,2026-05-19 11:07:02+00,fil-usdfc,true
49167,2026-05-19 11:07:03+00,base-usdc-usdfc,true
49168,2026-05-19 11:07:04+00,polygon-usdc-usdfc,true
49169,2026-05-19 13:10:30+00,eth-usdfc,true
49170,2026-05-19 13:10:31+00,fil-usdfc,true
49171,2026-05-19 13:10:32+00,base-usdc-usdfc,true
49172,2026-05-19 13:10:33+00,polygon-usdc-usdfc,true
49173,2026-05-19 15:08:32+00,eth-usdfc,true
49175,2026-05-19 15:08:33+00,base-usdc-usdfc,true
49174,2026-05-19 15:08:33+00,fil-usdfc,true
49176,2026-05-19 15:08:34+00,polygon-usdc-usdfc,true
49177,2026-05-19 17:06:01+00,eth-usdfc,true
49178,2026-05-19 17:06:03+00,fil-usdfc,true
49179,2026-05-19 17:06:04+00,base-usdc-usdfc,true
49180,2026-05-19 17:06:05+00,polygon-usdc-usdfc,true
49181,2026-05-19 18:40:39+00,eth-usdfc,true
49182,2026-05-19 18:40:40+00,fil-usdfc,true
49183,2026-05-19 18:40:41+00,base-usdc-usdfc,true
49184,2026-05-19 18:40:42+00,polygon-usdc-usdfc,true
49185,2026-05-19 19:35:36+00,eth-usdfc,true
49186,2026-05-19 19:35:37+00,fil-usdfc,true
49187,2026-05-19 19:35:38+00,base-usdc-usdfc,true
49188,2026-05-19 19:35:39+00,polygon-usdc-usdfc,true
49189,2026-05-19 20:37:16+00,eth-usdfc,true
49190,2026-05-19 20:37:17+00,fil-usdfc,true
49191,2026-05-19 20:37:18+00,base-usdc-usdfc,true
49192,2026-05-19 20:37:19+00,polygon-usdc-usdfc,true
49193,2026-05-19 21:33:26+00,eth-usdfc,true
49194,2026-05-19 21:33:27+00,fil-usdfc,true
49195,2026-05-19 21:33:28+00,base-usdc-usdfc,true
49196,2026-05-19 21:33:29+00,polygon-usdc-usdfc,true
49197,2026-05-19 22:29:48+00,eth-usdfc,true
49199,2026-05-19 22:29:49+00,base-usdc-usdfc,true
49198,2026-05-19 22:29:49+00,fil-usdfc,true
49200,2026-05-19 22:29:50+00,polygon-usdc-usdfc,true
49201,2026-05-19 23:28:02+00,eth-usdfc,true
49203,2026-05-19 23:28:03+00,base-usdc-usdfc,true
49202,2026-05-19 23:28:03+00,fil-usdfc,true
49204,2026-05-19 23:28:04+00,polygon-usdc-usdfc,true
49205,2026-05-20 01:44:26+00,eth-usdfc,true
49206,2026-05-20 01:44:27+00,fil-usdfc,true
49207,2026-05-20 01:44:28+00,base-usdc-usdfc,true
49208,2026-05-20 01:44:29+00,polygon-usdc-usdfc,true
49209,2026-05-20 03:11:05+00,eth-usdfc,true
49210,2026-05-20 03:11:06+00,fil-usdfc,true
49211,2026-05-20 03:11:07+00,base-usdc-usdfc,true
49212,2026-05-20 03:11:08+00,polygon-usdc-usdfc,true
49213,2026-05-20 05:24:47+00,eth-usdfc,true
49214,2026-05-20 05:24:49+00,fil-usdfc,true
49215,2026-05-20 05:24:50+00,base-usdc-usdfc,true
49216,2026-05-20 05:24:51+00,polygon-usdc-usdfc,true
49217,2026-05-20 07:18:34+00,eth-usdfc,true
49218,2026-05-20 07:18:35+00,fil-usdfc,true
49220,2026-05-20 07:18:36+00,polygon-usdc-usdfc,true
49219,2026-05-20 07:18:36+00,base-usdc-usdfc,true
49221,2026-05-20 09:11:57+00,eth-usdfc,true
49222,2026-05-20 09:11:59+00,fil-usdfc,true
49223,2026-05-20 09:12:00+00,base-usdc-usdfc,true
49224,2026-05-20 09:12:01+00,polygon-usdc-usdfc,true
49225,2026-05-20 11:04:50+00,eth-usdfc,true
49227,2026-05-20 11:04:52+00,base-usdc-usdfc,true
49226,2026-05-20 11:04:52+00,fil-usdfc,true
49228,2026-05-20 11:04:53+00,polygon-usdc-usdfc,true
49229,2026-05-20 12:56:56+00,eth-usdfc,true
49230,2026-05-20 12:56:57+00,fil-usdfc,true
49231,2026-05-20 12:56:58+00,base-usdc-usdfc,true
49232,2026-05-20 12:56:59+00,polygon-usdc-usdfc,true
49233,2026-05-20 13:58:56+00,eth-usdfc,true
49235,2026-05-20 13:58:57+00,base-usdc-usdfc,true
49234,2026-05-20 13:58:57+00,fil-usdfc,true
49236,2026-05-20 13:58:58+00,polygon-usdc-usdfc,true
49237,2026-05-20 15:15:23+00,eth-usdfc,true
49238,2026-05-20 15:15:24+00,fil-usdfc,true
49240,2026-05-20 15:15:25+00,polygon-usdc-usdfc,true
49239,2026-05-20 15:15:25+00,base-usdc-usdfc,true
49241,2026-05-20 17:07:20+00,eth-usdfc,true
49243,2026-05-20 17:07:22+00,base-usdc-usdfc,true
49242,2026-05-20 17:07:22+00,fil-usdfc,true
49244,2026-05-20 17:07:23+00,polygon-usdc-usdfc,true
49245,2026-05-20 18:51:12+00,eth-usdfc,true
49246,2026-05-20 18:51:13+00,fil-usdfc,true
49247,2026-05-20 18:51:14+00,base-usdc-usdfc,true
49248,2026-05-20 18:51:15+00,polygon-usdc-usdfc,true
49249,2026-05-20 19:46:22+00,eth-usdfc,true
49251,2026-05-20 19:46:23+00,base-usdc-usdfc,true
49250,2026-05-20 19:46:23+00,fil-usdfc,true
49252,2026-05-20 19:46:24+00,polygon-usdc-usdfc,true
49253,2026-05-20 20:45:57+00,eth-usdfc,true
49254,2026-05-20 20:45:58+00,fil-usdfc,true
49255,2026-05-20 20:45:59+00,base-usdc-usdfc,true
49256,2026-05-20 20:46:00+00,polygon-usdc-usdfc,true
49257,2026-05-20 21:36:25+00,eth-usdfc,true
49258,2026-05-20 21:36:26+00,fil-usdfc,true
49260,2026-05-20 21:36:27+00,polygon-usdc-usdfc,true
49259,2026-05-20 21:36:27+00,base-usdc-usdfc,true
49261,2026-05-20 22:33:08+00,eth-usdfc,true
49263,2026-05-20 22:33:10+00,base-usdc-usdfc,true
49262,2026-05-20 22:33:10+00,fil-usdfc,true
49264,2026-05-20 22:33:11+00,polygon-usdc-usdfc,true
49265,2026-05-20 23:30:06+00,eth-usdfc,true
49266,2026-05-20 23:30:07+00,fil-usdfc,true
49267,2026-05-20 23:30:08+00,base-usdc-usdfc,true
49268,2026-05-20 23:30:09+00,polygon-usdc-usdfc,true
49269,2026-05-21 00:50:24+00,eth-usdfc,true
49270,2026-05-21 00:50:25+00,fil-usdfc,true
49271,2026-05-21 00:50:26+00,base-usdc-usdfc,true
49272,2026-05-21 00:50:27+00,polygon-usdc-usdfc,true
49273,2026-05-21 01:43:23+00,eth-usdfc,true
49274,2026-05-21 01:43:24+00,fil-usdfc,true
49275,2026-05-21 01:43:25+00,base-usdc-usdfc,true
49276,2026-05-21 01:43:26+00,polygon-usdc-usdfc,true
49277,2026-05-21 03:11:58+00,eth-usdfc,true
49279,2026-05-21 03:11:59+00,base-usdc-usdfc,true
49278,2026-05-21 03:11:59+00,fil-usdfc,true
49280,2026-05-21 03:12:00+00,polygon-usdc-usdfc,true
49281,2026-05-21 05:28:26+00,eth-usdfc,true
49282,2026-05-21 05:28:28+00,fil-usdfc,true
49283,2026-05-21 05:28:29+00,base-usdc-usdfc,true
49284,2026-05-21 05:28:31+00,polygon-usdc-usdfc,true
49285,2026-05-21 07:22:06+00,eth-usdfc,true
49286,2026-05-21 07:22:07+00,fil-usdfc,true
49287,2026-05-21 07:22:08+00,base-usdc-usdfc,true
49288,2026-05-21 07:22:09+00,polygon-usdc-usdfc,true
49289,2026-05-21 09:12:04+00,eth-usdfc,true
49290,2026-05-21 09:12:05+00,fil-usdfc,true
49291,2026-05-21 09:12:06+00,base-usdc-usdfc,true
49292,2026-05-21 09:12:07+00,polygon-usdc-usdfc,true
49293,2026-05-21 11:07:31+00,eth-usdfc,true
49294,2026-05-21 11:07:32+00,fil-usdfc,true
49296,2026-05-21 11:07:33+00,polygon-usdc-usdfc,true
49295,2026-05-21 11:07:33+00,base-usdc-usdfc,true
49297,2026-05-21 13:12:45+00,eth-usdfc,true
49298,2026-05-21 13:12:46+00,fil-usdfc,true
49299,2026-05-21 13:12:47+00,base-usdc-usdfc,true
49300,2026-05-21 13:12:48+00,polygon-usdc-usdfc,true
49301,2026-05-21 15:09:59+00,eth-usdfc,true
49302,2026-05-21 15:10:00+00,fil-usdfc,true
49303,2026-05-21 15:10:01+00,base-usdc-usdfc,true
49304,2026-05-21 15:10:02+00,polygon-usdc-usdfc,true
49305,2026-05-21 16:59:36+00,eth-usdfc,true
49306,2026-05-21 16:59:37+00,fil-usdfc,true
49307,2026-05-21 16:59:38+00,base-usdc-usdfc,true
49308,2026-05-21 16:59:39+00,polygon-usdc-usdfc,true
49309,2026-05-21 17:46:03+00,eth-usdfc,true
49311,2026-05-21 17:46:04+00,base-usdc-usdfc,true
49310,2026-05-21 17:46:04+00,fil-usdfc,true
49312,2026-05-21 17:46:05+00,polygon-usdc-usdfc,true
49313,2026-05-21 18:41:38+00,eth-usdfc,true
49314,2026-05-21 18:41:39+00,fil-usdfc,true
49316,2026-05-21 18:41:40+00,polygon-usdc-usdfc,true
49315,2026-05-21 18:41:40+00,base-usdc-usdfc,true
49317,2026-05-21 19:35:40+00,eth-usdfc,true
49318,2026-05-21 19:35:41+00,fil-usdfc,true
49319,2026-05-21 19:35:42+00,base-usdc-usdfc,true
49320,2026-05-21 19:35:43+00,polygon-usdc-usdfc,true
49321,2026-05-21 20:38:20+00,eth-usdfc,true
49322,2026-05-21 20:38:21+00,fil-usdfc,true
49323,2026-05-21 20:38:22+00,base-usdc-usdfc,true
49324,2026-05-21 20:38:23+00,polygon-usdc-usdfc,true
49325,2026-05-21 21:33:49+00,eth-usdfc,true
49326,2026-05-21 21:33:50+00,fil-usdfc,true
49327,2026-05-21 21:33:51+00,base-usdc-usdfc,true
49328,2026-05-21 21:33:52+00,polygon-usdc-usdfc,true
49329,2026-05-21 22:31:37+00,eth-usdfc,true
49330,2026-05-21 22:31:38+00,fil-usdfc,true
49331,2026-05-21 22:31:39+00,base-usdc-usdfc,true
49332,2026-05-21 22:31:40+00,polygon-usdc-usdfc,true
49333,2026-05-21 23:25:24+00,eth-usdfc,true
49334,2026-05-21 23:25:25+00,fil-usdfc,true
49335,2026-05-21 23:25:26+00,base-usdc-usdfc,true
49336,2026-05-21 23:25:27+00,polygon-usdc-usdfc,true
49337,2026-05-22 00:48:27+00,eth-usdfc,true
49338,2026-05-22 00:48:28+00,fil-usdfc,true
49339,2026-05-22 00:48:29+00,base-usdc-usdfc,true
49340,2026-05-22 00:48:31+00,polygon-usdc-usdfc,true
49341,2026-05-22 01:43:24+00,eth-usdfc,true
49342,2026-05-22 01:43:25+00,fil-usdfc,true
49343,2026-05-22 01:43:26+00,base-usdc-usdfc,true
49344,2026-05-22 01:43:27+00,polygon-usdc-usdfc,true
49345,2026-05-22 03:11:40+00,eth-usdfc,true
49347,2026-05-22 03:11:41+00,base-usdc-usdfc,true
49346,2026-05-22 03:11:41+00,fil-usdfc,true
49348,2026-05-22 03:11:42+00,polygon-usdc-usdfc,true
49349,2026-05-22 05:24:46+00,eth-usdfc,true
49350,2026-05-22 05:24:47+00,fil-usdfc,true
49351,2026-05-22 05:24:48+00,base-usdc-usdfc,true
49352,2026-05-22 05:24:49+00,polygon-usdc-usdfc,true
49353,2026-05-22 07:18:26+00,eth-usdfc,true
49354,2026-05-22 07:18:27+00,fil-usdfc,true
49355,2026-05-22 07:18:28+00,base-usdc-usdfc,true
49356,2026-05-22 07:18:29+00,polygon-usdc-usdfc,true
49357,2026-05-22 09:10:24+00,eth-usdfc,true
49358,2026-05-22 09:10:25+00,fil-usdfc,true
49359,2026-05-22 09:10:26+00,base-usdc-usdfc,true
49360,2026-05-22 09:10:27+00,polygon-usdc-usdfc,true
49361,2026-05-22 11:04:20+00,eth-usdfc,true
49362,2026-05-22 11:04:21+00,fil-usdfc,true
49363,2026-05-22 11:04:22+00,base-usdc-usdfc,true
49364,2026-05-22 11:04:23+00,polygon-usdc-usdfc,true
49365,2026-05-22 12:53:38+00,eth-usdfc,true
49366,2026-05-22 12:53:40+00,fil-usdfc,true
49368,2026-05-22 12:53:41+00,polygon-usdc-usdfc,true
49367,2026-05-22 12:53:41+00,base-usdc-usdfc,true
49369,2026-05-22 13:49:33+00,eth-usdfc,true
49370,2026-05-22 13:49:34+00,fil-usdfc,true
49372,2026-05-22 13:49:35+00,polygon-usdc-usdfc,true
49371,2026-05-22 13:49:35+00,base-usdc-usdfc,true
49373,2026-05-22 15:06:02+00,eth-usdfc,true
49375,2026-05-22 15:06:03+00,base-usdc-usdfc,true
49374,2026-05-22 15:06:03+00,fil-usdfc,true
49376,2026-05-22 15:06:04+00,polygon-usdc-usdfc,true
49377,2026-05-22 16:47:22+00,eth-usdfc,true
49379,2026-05-22 16:47:23+00,base-usdc-usdfc,true
49378,2026-05-22 16:47:23+00,fil-usdfc,true
49380,2026-05-22 16:47:24+00,polygon-usdc-usdfc,true
49381,2026-05-22 17:36:41+00,eth-usdfc,true
49382,2026-05-22 17:36:42+00,fil-usdfc,true
49383,2026-05-22 17:36:43+00,base-usdc-usdfc,true
49384,2026-05-22 17:36:44+00,polygon-usdc-usdfc,true
49385,2026-05-22 18:39:39+00,eth-usdfc,true
49386,2026-05-22 18:39:40+00,fil-usdfc,true
49388,2026-05-22 18:39:41+00,polygon-usdc-usdfc,true
49387,2026-05-22 18:39:41+00,base-usdc-usdfc,true
49389,2026-05-22 19:34:20+00,eth-usdfc,true
49391,2026-05-22 19:34:21+00,base-usdc-usdfc,true
49390,2026-05-22 19:34:21+00,fil-usdfc,true
49392,2026-05-22 19:34:22+00,polygon-usdc-usdfc,true
49393,2026-05-22 20:35:13+00,eth-usdfc,true
49394,2026-05-22 20:35:14+00,fil-usdfc,true
49395,2026-05-22 20:35:15+00,base-usdc-usdfc,true
49396,2026-05-22 20:35:16+00,polygon-usdc-usdfc,true
49397,2026-05-22 21:27:53+00,eth-usdfc,true
49398,2026-05-22 21:27:54+00,fil-usdfc,true
49399,2026-05-22 21:27:55+00,base-usdc-usdfc,true
49400,2026-05-22 21:27:56+00,polygon-usdc-usdfc,true
49401,2026-05-22 22:24:41+00,eth-usdfc,true
49402,2026-05-22 22:24:42+00,fil-usdfc,true
49403,2026-05-22 22:24:43+00,base-usdc-usdfc,true
49404,2026-05-22 22:24:44+00,polygon-usdc-usdfc,true
49405,2026-05-22 23:26:46+00,eth-usdfc,true
49406,2026-05-22 23:26:47+00,fil-usdfc,true
49407,2026-05-22 23:26:48+00,base-usdc-usdfc,true
49408,2026-05-22 23:26:49+00,polygon-usdc-usdfc,true
49409,2026-05-23 00:47:09+00,eth-usdfc,true
49410,2026-05-23 00:47:10+00,fil-usdfc,true
49411,2026-05-23 00:47:12+00,base-usdc-usdfc,true
49412,2026-05-23 00:47:13+00,polygon-usdc-usdfc,true
49413,2026-05-23 01:39:02+00,eth-usdfc,true
49414,2026-05-23 01:39:03+00,fil-usdfc,true
49415,2026-05-23 01:39:04+00,base-usdc-usdfc,true
49416,2026-05-23 01:39:05+00,polygon-usdc-usdfc,true
49417,2026-05-23 03:09:07+00,eth-usdfc,true
49419,2026-05-23 03:09:08+00,base-usdc-usdfc,true
49418,2026-05-23 03:09:08+00,fil-usdfc,true
49420,2026-05-23 03:09:09+00,polygon-usdc-usdfc,true
49421,2026-05-23 05:17:54+00,eth-usdfc,true
49422,2026-05-23 05:17:55+00,fil-usdfc,true
49423,2026-05-23 05:17:56+00,base-usdc-usdfc,true
49424,2026-05-23 05:17:57+00,polygon-usdc-usdfc,true
49425,2026-05-23 06:58:32+00,eth-usdfc,true
49426,2026-05-23 06:58:33+00,fil-usdfc,true
49428,2026-05-23 06:58:34+00,polygon-usdc-usdfc,true
49427,2026-05-23 06:58:34+00,base-usdc-usdfc,true
49429,2026-05-23 07:52:47+00,eth-usdfc,true
49430,2026-05-23 07:52:48+00,fil-usdfc,true
49431,2026-05-23 07:52:49+00,base-usdc-usdfc,true
49432,2026-05-23 07:52:50+00,polygon-usdc-usdfc,true
49433,2026-05-23 08:44:58+00,eth-usdfc,true
49434,2026-05-23 08:45:00+00,fil-usdfc,true
49435,2026-05-23 08:45:01+00,base-usdc-usdfc,true
49436,2026-05-23 08:45:02+00,polygon-usdc-usdfc,true
49437,2026-05-23 09:36:50+00,eth-usdfc,true
49438,2026-05-23 09:36:51+00,fil-usdfc,true
49439,2026-05-23 09:36:52+00,base-usdc-usdfc,true
49440,2026-05-23 09:36:53+00,polygon-usdc-usdfc,true
49442,2026-05-23 10:33:02+00,fil-usdfc,true
49441,2026-05-23 10:33:02+00,eth-usdfc,true
49443,2026-05-23 10:33:03+00,base-usdc-usdfc,true
49444,2026-05-23 10:33:04+00,polygon-usdc-usdfc,true
49445,2026-05-23 11:28:33+00,eth-usdfc,true
49447,2026-05-23 11:28:34+00,base-usdc-usdfc,true
49446,2026-05-23 11:28:34+00,fil-usdfc,true
49448,2026-05-23 11:28:35+00,polygon-usdc-usdfc,true
49449,2026-05-23 12:24:33+00,eth-usdfc,true
49450,2026-05-23 12:24:34+00,fil-usdfc,true
49451,2026-05-23 12:24:35+00,base-usdc-usdfc,true
49452,2026-05-23 12:24:36+00,polygon-usdc-usdfc,true
49453,2026-05-23 13:33:24+00,eth-usdfc,true
49455,2026-05-23 13:33:25+00,base-usdc-usdfc,true
49454,2026-05-23 13:33:25+00,fil-usdfc,true
49456,2026-05-23 13:33:26+00,polygon-usdc-usdfc,true
49457,2026-05-23 14:34:11+00,eth-usdfc,true
49458,2026-05-23 14:34:12+00,fil-usdfc,true
49459,2026-05-23 14:34:13+00,base-usdc-usdfc,true
49460,2026-05-23 14:34:14+00,polygon-usdc-usdfc,true
49461,2026-05-23 15:26:46+00,eth-usdfc,true
49462,2026-05-23 15:26:52+00,fil-usdfc,true
49463,2026-05-23 15:26:59+00,base-usdc-usdfc,true
49464,2026-05-23 15:27:01+00,polygon-usdc-usdfc,true
49465,2026-05-23 16:23:14+00,eth-usdfc,true
49466,2026-05-23 16:23:15+00,fil-usdfc,true
49468,2026-05-23 16:23:16+00,polygon-usdc-usdfc,true
49467,2026-05-23 16:23:16+00,base-usdc-usdfc,true
49469,2026-05-23 18:24:01+00,eth-usdfc,true
49470,2026-05-23 18:24:02+00,fil-usdfc,true
49472,2026-05-23 18:24:03+00,polygon-usdc-usdfc,true
49471,2026-05-23 18:24:03+00,base-usdc-usdfc,true
49473,2026-05-23 19:29:58+00,eth-usdfc,true
49474,2026-05-23 19:29:59+00,fil-usdfc,true
49475,2026-05-23 19:30:00+00,base-usdc-usdfc,true
49476,2026-05-23 19:30:01+00,polygon-usdc-usdfc,true
49477,2026-05-23 20:20:18+00,eth-usdfc,true
49478,2026-05-23 20:20:19+00,fil-usdfc,true
49479,2026-05-23 20:20:20+00,base-usdc-usdfc,true
49480,2026-05-23 20:20:21+00,polygon-usdc-usdfc,true
49481,2026-05-23 21:20:06+00,eth-usdfc,true
49482,2026-05-23 21:20:07+00,fil-usdfc,true
49484,2026-05-23 21:20:08+00,polygon-usdc-usdfc,true
49483,2026-05-23 21:20:08+00,base-usdc-usdfc,true
49485,2026-05-23 22:19:34+00,eth-usdfc,true
49486,2026-05-23 22:19:35+00,fil-usdfc,true
49487,2026-05-23 22:19:36+00,base-usdc-usdfc,true
49488,2026-05-23 22:19:37+00,polygon-usdc-usdfc,true
49489,2026-05-23 23:21:46+00,eth-usdfc,true
49490,2026-05-23 23:21:47+00,fil-usdfc,true
49491,2026-05-23 23:21:48+00,base-usdc-usdfc,true
49492,2026-05-23 23:21:50+00,polygon-usdc-usdfc,true
49493,2026-05-24 00:49:00+00,eth-usdfc,true
49495,2026-05-24 00:49:02+00,base-usdc-usdfc,true
49494,2026-05-24 00:49:02+00,fil-usdfc,true
49496,2026-05-24 00:49:03+00,polygon-usdc-usdfc,true
49497,2026-05-24 01:43:13+00,eth-usdfc,true
49498,2026-05-24 01:43:15+00,fil-usdfc,true
49499,2026-05-24 01:43:16+00,base-usdc-usdfc,true
49500,2026-05-24 01:43:17+00,polygon-usdc-usdfc,true
49501,2026-05-24 03:11:21+00,eth-usdfc,true
49502,2026-05-24 03:11:22+00,fil-usdfc,true
49503,2026-05-24 03:11:23+00,base-usdc-usdfc,true
49504,2026-05-24 03:11:24+00,polygon-usdc-usdfc,true
49505,2026-05-24 05:22:55+00,eth-usdfc,true
49506,2026-05-24 05:22:56+00,fil-usdfc,true
49508,2026-05-24 05:22:57+00,polygon-usdc-usdfc,true
49507,2026-05-24 05:22:57+00,base-usdc-usdfc,true
49509,2026-05-24 07:10:17+00,eth-usdfc,true
49510,2026-05-24 07:10:18+00,fil-usdfc,true
49511,2026-05-24 07:10:19+00,base-usdc-usdfc,true
49512,2026-05-24 07:10:20+00,polygon-usdc-usdfc,true
49513,2026-05-24 08:54:48+00,eth-usdfc,true
49515,2026-05-24 08:54:49+00,base-usdc-usdfc,true
49514,2026-05-24 08:54:49+00,fil-usdfc,true
49516,2026-05-24 08:54:50+00,polygon-usdc-usdfc,true
49517,2026-05-24 09:39:47+00,eth-usdfc,true
49518,2026-05-24 09:39:48+00,fil-usdfc,true
49519,2026-05-24 09:39:49+00,base-usdc-usdfc,true
49520,2026-05-24 09:39:50+00,polygon-usdc-usdfc,true
49521,2026-05-24 10:35:15+00,eth-usdfc,true
49522,2026-05-24 10:35:16+00,fil-usdfc,true
49523,2026-05-24 10:35:18+00,base-usdc-usdfc,true
49524,2026-05-24 10:35:19+00,polygon-usdc-usdfc,true
49525,2026-05-24 11:30:59+00,eth-usdfc,true
49526,2026-05-24 11:31:00+00,fil-usdfc,true
49527,2026-05-24 11:31:01+00,base-usdc-usdfc,true
49528,2026-05-24 11:31:02+00,polygon-usdc-usdfc,true
49529,2026-05-24 12:27:17+00,eth-usdfc,true
49530,2026-05-24 12:27:18+00,fil-usdfc,true
49531,2026-05-24 12:27:19+00,base-usdc-usdfc,true
49532,2026-05-24 12:27:20+00,polygon-usdc-usdfc,true
49533,2026-05-24 13:34:04+00,eth-usdfc,true
49534,2026-05-24 13:34:05+00,fil-usdfc,true
49535,2026-05-24 13:34:06+00,base-usdc-usdfc,true
49536,2026-05-24 13:34:07+00,polygon-usdc-usdfc,true
49537,2026-05-24 14:33:30+00,eth-usdfc,true
49539,2026-05-24 14:33:32+00,base-usdc-usdfc,true
49538,2026-05-24 14:33:32+00,fil-usdfc,true
49540,2026-05-24 14:33:33+00,polygon-usdc-usdfc,true
49541,2026-05-24 15:27:19+00,eth-usdfc,true
49542,2026-05-24 15:27:20+00,fil-usdfc,true
49543,2026-05-24 15:27:21+00,base-usdc-usdfc,true
49544,2026-05-24 15:27:22+00,polygon-usdc-usdfc,true
49545,2026-05-24 16:24:09+00,eth-usdfc,true
49546,2026-05-24 16:24:10+00,fil-usdfc,true
49547,2026-05-24 16:24:11+00,base-usdc-usdfc,true
49548,2026-05-24 16:24:12+00,polygon-usdc-usdfc,true
49549,2026-05-24 17:23:56+00,eth-usdfc,true
49550,2026-05-24 17:23:57+00,fil-usdfc,true
49551,2026-05-24 17:23:58+00,base-usdc-usdfc,true
49552,2026-05-24 17:23:59+00,polygon-usdc-usdfc,true
49553,2026-05-24 18:25:24+00,eth-usdfc,true
49554,2026-05-24 18:25:25+00,fil-usdfc,true
49555,2026-05-24 18:25:26+00,base-usdc-usdfc,true
49556,2026-05-24 18:25:27+00,polygon-usdc-usdfc,true
49557,2026-05-24 19:31:26+00,eth-usdfc,true
49558,2026-05-24 19:31:27+00,fil-usdfc,true
49559,2026-05-24 19:31:28+00,base-usdc-usdfc,true
49560,2026-05-24 19:31:29+00,polygon-usdc-usdfc,true
49561,2026-05-24 20:22:57+00,eth-usdfc,true
49562,2026-05-24 20:22:58+00,fil-usdfc,true
49564,2026-05-24 20:22:59+00,polygon-usdc-usdfc,true
49563,2026-05-24 20:22:59+00,base-usdc-usdfc,true
49565,2026-05-24 21:21:12+00,eth-usdfc,true
49567,2026-05-24 21:21:14+00,base-usdc-usdfc,true
49566,2026-05-24 21:21:14+00,fil-usdfc,true
49568,2026-05-24 21:21:15+00,polygon-usdc-usdfc,true
49569,2026-05-24 22:22:09+00,eth-usdfc,true
49570,2026-05-24 22:22:10+00,fil-usdfc,true
49571,2026-05-24 22:22:11+00,base-usdc-usdfc,true
49572,2026-05-24 22:22:12+00,polygon-usdc-usdfc,true
49573,2026-05-24 23:24:09+00,eth-usdfc,true
49574,2026-05-24 23:24:10+00,fil-usdfc,true
49575,2026-05-24 23:24:11+00,base-usdc-usdfc,true
49576,2026-05-24 23:24:12+00,polygon-usdc-usdfc,true
49577,2026-05-25 00:49:59+00,eth-usdfc,true
49578,2026-05-25 00:50:00+00,fil-usdfc,true
49579,2026-05-25 00:50:01+00,base-usdc-usdfc,true
49580,2026-05-25 00:50:02+00,polygon-usdc-usdfc,true
49581,2026-05-25 01:46:07+00,eth-usdfc,true
49582,2026-05-25 01:46:08+00,fil-usdfc,true
49583,2026-05-25 01:46:09+00,base-usdc-usdfc,true
49584,2026-05-25 01:46:10+00,polygon-usdc-usdfc,true
49585,2026-05-25 03:13:05+00,eth-usdfc,true
49586,2026-05-25 03:13:06+00,fil-usdfc,true
49587,2026-05-25 03:13:07+00,base-usdc-usdfc,true
49588,2026-05-25 03:13:08+00,polygon-usdc-usdfc,true
49589,2026-05-25 05:36:00+00,eth-usdfc,true
49590,2026-05-25 05:36:01+00,fil-usdfc,true
49591,2026-05-25 05:36:02+00,base-usdc-usdfc,true
49592,2026-05-25 05:36:03+00,polygon-usdc-usdfc,true
49593,2026-05-25 07:39:11+00,eth-usdfc,true
49594,2026-05-25 07:39:13+00,fil-usdfc,true
49595,2026-05-25 07:39:14+00,base-usdc-usdfc,true
49596,2026-05-25 07:39:16+00,polygon-usdc-usdfc,true
49597,2026-05-25 09:24:38+00,eth-usdfc,true
49598,2026-05-25 09:24:39+00,fil-usdfc,true
49599,2026-05-25 09:24:40+00,base-usdc-usdfc,true
49600,2026-05-25 09:24:41+00,polygon-usdc-usdfc,true
49601,2026-05-25 11:25:37+00,eth-usdfc,true
49603,2026-05-25 11:25:38+00,base-usdc-usdfc,true
49602,2026-05-25 11:25:38+00,fil-usdfc,true
49604,2026-05-25 11:25:39+00,polygon-usdc-usdfc,true
49605,2026-05-25 13:13:15+00,eth-usdfc,true
49606,2026-05-25 13:13:17+00,fil-usdfc,true
49608,2026-05-25 13:13:18+00,polygon-usdc-usdfc,true
49607,2026-05-25 13:13:18+00,base-usdc-usdfc,true
49609,2026-05-25 15:05:41+00,eth-usdfc,true
49610,2026-05-25 15:05:42+00,fil-usdfc,true
49611,2026-05-25 15:05:43+00,base-usdc-usdfc,true
49612,2026-05-25 15:05:44+00,polygon-usdc-usdfc,true
49613,2026-05-25 16:45:53+00,eth-usdfc,true
49614,2026-05-25 16:45:54+00,fil-usdfc,true
49615,2026-05-25 16:45:55+00,base-usdc-usdfc,true
49616,2026-05-25 16:45:56+00,polygon-usdc-usdfc,true
49617,2026-05-25 17:34:54+00,eth-usdfc,true
49618,2026-05-25 17:34:55+00,fil-usdfc,true
49620,2026-05-25 17:34:56+00,polygon-usdc-usdfc,true
49619,2026-05-25 17:34:56+00,base-usdc-usdfc,true
49621,2026-05-25 18:37:14+00,eth-usdfc,true
49622,2026-05-25 18:37:15+00,fil-usdfc,true
49623,2026-05-25 18:37:16+00,base-usdc-usdfc,true
49624,2026-05-25 18:37:17+00,polygon-usdc-usdfc,true
49625,2026-05-25 19:33:32+00,eth-usdfc,true
49627,2026-05-25 19:33:33+00,base-usdc-usdfc,true
49626,2026-05-25 19:33:33+00,fil-usdfc,true
49628,2026-05-25 19:33:34+00,polygon-usdc-usdfc,true
49629,2026-05-25 20:32:59+00,eth-usdfc,true
49630,2026-05-25 20:33:01+00,fil-usdfc,true
49631,2026-05-25 20:33:02+00,base-usdc-usdfc,true
49632,2026-05-25 20:33:03+00,polygon-usdc-usdfc,true
49633,2026-05-25 21:27:53+00,eth-usdfc,true
49634,2026-05-25 21:27:54+00,fil-usdfc,true
49636,2026-05-25 21:27:55+00,polygon-usdc-usdfc,true
49635,2026-05-25 21:27:55+00,base-usdc-usdfc,true
49637,2026-05-25 22:25:01+00,eth-usdfc,true
49639,2026-05-25 22:25:02+00,base-usdc-usdfc,true
49638,2026-05-25 22:25:02+00,fil-usdfc,true
49640,2026-05-25 22:25:03+00,polygon-usdc-usdfc,true
49641,2026-05-25 23:27:20+00,eth-usdfc,true
49643,2026-05-25 23:27:21+00,base-usdc-usdfc,true
49642,2026-05-25 23:27:21+00,fil-usdfc,true
49644,2026-05-25 23:27:22+00,polygon-usdc-usdfc,true
49645,2026-05-26 00:47:54+00,eth-usdfc,true
49646,2026-05-26 00:47:55+00,fil-usdfc,true
49647,2026-05-26 00:47:56+00,base-usdc-usdfc,true
49648,2026-05-26 00:47:57+00,polygon-usdc-usdfc,true
49649,2026-05-26 01:41:14+00,eth-usdfc,true
49650,2026-05-26 01:41:15+00,fil-usdfc,true
49651,2026-05-26 01:41:16+00,base-usdc-usdfc,true
49652,2026-05-26 01:41:17+00,polygon-usdc-usdfc,true
49653,2026-05-26 03:11:33+00,eth-usdfc,true
49655,2026-05-26 03:11:34+00,base-usdc-usdfc,true
49654,2026-05-26 03:11:34+00,fil-usdfc,true
49656,2026-05-26 03:11:35+00,polygon-usdc-usdfc,true
49657,2026-05-26 05:23:57+00,eth-usdfc,true
49658,2026-05-26 05:23:59+00,fil-usdfc,true
49659,2026-05-26 05:24:00+00,base-usdc-usdfc,true
49660,2026-05-26 05:24:01+00,polygon-usdc-usdfc,true
49661,2026-05-26 07:17:30+00,eth-usdfc,true
49662,2026-05-26 07:17:31+00,fil-usdfc,true
49663,2026-05-26 07:17:32+00,base-usdc-usdfc,true
49664,2026-05-26 07:17:33+00,polygon-usdc-usdfc,true
49665,2026-05-26 09:14:34+00,eth-usdfc,true
49666,2026-05-26 09:14:35+00,fil-usdfc,true
49667,2026-05-26 09:14:36+00,base-usdc-usdfc,true
49668,2026-05-26 09:14:37+00,polygon-usdc-usdfc,true
49669,2026-05-26 13:04:16+00,eth-usdfc,true
49670,2026-05-26 13:04:18+00,fil-usdfc,true
49671,2026-05-26 13:04:19+00,base-usdc-usdfc,true
49672,2026-05-26 13:04:20+00,polygon-usdc-usdfc,true
49673,2026-05-26 17:08:54+00,eth-usdfc,true
49674,2026-05-26 17:08:55+00,fil-usdfc,true
49675,2026-05-26 17:08:56+00,base-usdc-usdfc,true
49676,2026-05-26 17:08:58+00,polygon-usdc-usdfc,true
49677,2026-05-26 18:51:22+00,eth-usdfc,true
49679,2026-05-26 18:51:23+00,base-usdc-usdfc,true
49678,2026-05-26 18:51:23+00,fil-usdfc,true
49680,2026-05-26 18:51:24+00,polygon-usdc-usdfc,true
49681,2026-05-26 19:40:43+00,eth-usdfc,true
49682,2026-05-26 19:40:44+00,fil-usdfc,true
49684,2026-05-26 19:40:45+00,polygon-usdc-usdfc,true
49683,2026-05-26 19:40:45+00,base-usdc-usdfc,true
49685,2026-05-26 20:43:11+00,eth-usdfc,true
49686,2026-05-26 20:43:13+00,fil-usdfc,true
49687,2026-05-26 20:43:14+00,base-usdc-usdfc,true
49688,2026-05-26 20:43:16+00,polygon-usdc-usdfc,true
49689,2026-05-26 21:34:26+00,eth-usdfc,true
49690,2026-05-26 21:34:27+00,fil-usdfc,true
49691,2026-05-26 21:34:28+00,base-usdc-usdfc,true
49692,2026-05-26 21:34:29+00,polygon-usdc-usdfc,true
49693,2026-05-26 22:31:14+00,eth-usdfc,true
49694,2026-05-26 22:31:15+00,fil-usdfc,true
49696,2026-05-26 22:31:16+00,polygon-usdc-usdfc,true
49695,2026-05-26 22:31:16+00,base-usdc-usdfc,true
49697,2026-05-26 23:27:44+00,eth-usdfc,true
49698,2026-05-26 23:27:45+00,fil-usdfc,true
49700,2026-05-26 23:27:46+00,polygon-usdc-usdfc,true
49699,2026-05-26 23:27:46+00,base-usdc-usdfc,true
49701,2026-05-27 00:49:52+00,eth-usdfc,true
49702,2026-05-27 00:49:54+00,fil-usdfc,true
49703,2026-05-27 00:49:55+00,base-usdc-usdfc,true
49704,2026-05-27 00:49:56+00,polygon-usdc-usdfc,true
49705,2026-05-27 03:12:48+00,eth-usdfc,true
49706,2026-05-27 03:12:49+00,fil-usdfc,true
49707,2026-05-27 03:12:50+00,base-usdc-usdfc,true
49708,2026-05-27 03:12:51+00,polygon-usdc-usdfc,true
49709,2026-05-27 05:32:28+00,eth-usdfc,true
49710,2026-05-27 05:32:29+00,fil-usdfc,true
49711,2026-05-27 05:32:30+00,base-usdc-usdfc,true
49712,2026-05-27 05:32:31+00,polygon-usdc-usdfc,true
49713,2026-05-27 07:31:22+00,eth-usdfc,true
49715,2026-05-27 07:31:23+00,base-usdc-usdfc,true
49714,2026-05-27 07:31:23+00,fil-usdfc,true
49716,2026-05-27 07:31:24+00,polygon-usdc-usdfc,true
49717,2026-05-27 09:12:46+00,eth-usdfc,true
49718,2026-05-27 09:12:47+00,fil-usdfc,true
49719,2026-05-27 09:12:48+00,base-usdc-usdfc,true
49720,2026-05-27 09:12:49+00,polygon-usdc-usdfc,true
49721,2026-05-27 11:15:40+00,eth-usdfc,true
49723,2026-05-27 11:15:41+00,base-usdc-usdfc,true
49722,2026-05-27 11:15:41+00,fil-usdfc,true
49724,2026-05-27 11:15:42+00,polygon-usdc-usdfc,true
49725,2026-05-27 13:14:36+00,eth-usdfc,true
49726,2026-05-27 13:14:37+00,fil-usdfc,true
49727,2026-05-27 13:14:38+00,base-usdc-usdfc,true
49728,2026-05-27 13:14:39+00,polygon-usdc-usdfc,true
49729,2026-05-27 15:08:32+00,eth-usdfc,true
49730,2026-05-27 15:08:33+00,fil-usdfc,true
49731,2026-05-27 15:08:34+00,base-usdc-usdfc,true
49732,2026-05-27 15:08:35+00,polygon-usdc-usdfc,true
49733,2026-05-27 17:08:28+00,eth-usdfc,true
49734,2026-05-27 17:08:29+00,fil-usdfc,true
49735,2026-05-27 17:08:30+00,base-usdc-usdfc,true
49736,2026-05-27 17:08:31+00,polygon-usdc-usdfc,true
49738,2026-05-27 18:50:33+00,fil-usdfc,true
49737,2026-05-27 18:50:33+00,eth-usdfc,true
49739,2026-05-27 18:50:34+00,base-usdc-usdfc,true
49740,2026-05-27 18:50:35+00,polygon-usdc-usdfc,true
49741,2026-05-27 19:43:13+00,eth-usdfc,true
49742,2026-05-27 19:43:14+00,fil-usdfc,true
49744,2026-05-27 19:43:16+00,polygon-usdc-usdfc,true
49743,2026-05-27 19:43:16+00,base-usdc-usdfc,true
49745,2026-05-27 20:45:57+00,eth-usdfc,true
49746,2026-05-27 20:45:59+00,fil-usdfc,true
49747,2026-05-27 20:46:00+00,base-usdc-usdfc,true
49748,2026-05-27 20:46:02+00,polygon-usdc-usdfc,true
49749,2026-05-27 21:37:02+00,eth-usdfc,true
49751,2026-05-27 21:37:03+00,base-usdc-usdfc,true
49750,2026-05-27 21:37:03+00,fil-usdfc,true
49752,2026-05-27 21:37:04+00,polygon-usdc-usdfc,true
49753,2026-05-27 22:35:07+00,eth-usdfc,true
49754,2026-05-27 22:35:08+00,fil-usdfc,true
49756,2026-05-27 22:35:09+00,polygon-usdc-usdfc,true
49755,2026-05-27 22:35:09+00,base-usdc-usdfc,true
49757,2026-05-27 23:30:01+00,eth-usdfc,true
49758,2026-05-27 23:30:02+00,fil-usdfc,true
49759,2026-05-27 23:30:03+00,base-usdc-usdfc,true
49760,2026-05-27 23:30:04+00,polygon-usdc-usdfc,true
49761,2026-05-28 00:45:17+00,eth-usdfc,true
49762,2026-05-28 00:45:18+00,fil-usdfc,true
49763,2026-05-28 00:45:19+00,base-usdc-usdfc,true
49764,2026-05-28 00:45:20+00,polygon-usdc-usdfc,true
49765,2026-05-28 03:13:23+00,eth-usdfc,true
49766,2026-05-28 03:13:24+00,fil-usdfc,true
49767,2026-05-28 03:13:25+00,base-usdc-usdfc,true
49768,2026-05-28 03:13:26+00,polygon-usdc-usdfc,true
49769,2026-05-28 05:28:14+00,eth-usdfc,true
49770,2026-05-28 05:28:16+00,fil-usdfc,true
49772,2026-05-28 05:28:17+00,polygon-usdc-usdfc,true
49771,2026-05-28 05:28:17+00,base-usdc-usdfc,true
49773,2026-05-28 07:25:31+00,eth-usdfc,true
49775,2026-05-28 07:25:32+00,base-usdc-usdfc,true
49774,2026-05-28 07:25:32+00,fil-usdfc,true
49776,2026-05-28 07:25:33+00,polygon-usdc-usdfc,true
49777,2026-05-28 09:19:36+00,eth-usdfc,true
49779,2026-05-28 09:19:38+00,base-usdc-usdfc,true
49778,2026-05-28 09:19:38+00,fil-usdfc,true
49780,2026-05-28 09:19:40+00,polygon-usdc-usdfc,true
49781,2026-05-28 11:15:32+00,eth-usdfc,true
49783,2026-05-28 11:15:33+00,base-usdc-usdfc,true
49782,2026-05-28 11:15:33+00,fil-usdfc,true
49784,2026-05-28 11:15:34+00,polygon-usdc-usdfc,true
49785,2026-05-28 13:18:59+00,eth-usdfc,true
49786,2026-05-28 13:19:00+00,fil-usdfc,true
49787,2026-05-28 13:19:01+00,base-usdc-usdfc,true
49788,2026-05-28 13:19:02+00,polygon-usdc-usdfc,true
49789,2026-05-28 15:11:59+00,eth-usdfc,true
49790,2026-05-28 15:12:00+00,fil-usdfc,true
49792,2026-05-28 15:12:01+00,polygon-usdc-usdfc,true
49791,2026-05-28 15:12:01+00,base-usdc-usdfc,true
49793,2026-05-28 17:18:35+00,eth-usdfc,true
49794,2026-05-28 17:18:36+00,fil-usdfc,true
49795,2026-05-28 17:18:37+00,base-usdc-usdfc,true
49796,2026-05-28 17:18:38+00,polygon-usdc-usdfc,true
49797,2026-05-28 18:55:57+00,eth-usdfc,true
49798,2026-05-28 18:55:58+00,fil-usdfc,true
49800,2026-05-28 18:55:59+00,polygon-usdc-usdfc,true
49799,2026-05-28 18:55:59+00,base-usdc-usdfc,true
49802,2026-05-28 19:52:42+00,fil-usdfc,true
49801,2026-05-28 19:52:42+00,eth-usdfc,true
49803,2026-05-28 19:52:43+00,base-usdc-usdfc,true
49804,2026-05-28 19:52:44+00,polygon-usdc-usdfc,true
49805,2026-05-28 20:50:26+00,eth-usdfc,true
49806,2026-05-28 20:50:27+00,fil-usdfc,true
49807,2026-05-28 20:50:28+00,base-usdc-usdfc,true
49808,2026-05-28 20:50:29+00,polygon-usdc-usdfc,true
49809,2026-05-28 21:40:54+00,eth-usdfc,true
49810,2026-05-28 21:40:55+00,fil-usdfc,true
49811,2026-05-28 21:40:56+00,base-usdc-usdfc,true
49812,2026-05-28 21:40:57+00,polygon-usdc-usdfc,true
49813,2026-05-28 22:34:45+00,eth-usdfc,true
49814,2026-05-28 22:34:46+00,fil-usdfc,true
49815,2026-05-28 22:34:47+00,base-usdc-usdfc,true
49816,2026-05-28 22:34:48+00,polygon-usdc-usdfc,true
49817,2026-05-28 23:30:57+00,eth-usdfc,true
49818,2026-05-28 23:30:58+00,fil-usdfc,true
49819,2026-05-28 23:30:59+00,base-usdc-usdfc,true
49820,2026-05-28 23:31:00+00,polygon-usdc-usdfc,true
49821,2026-05-29 00:52:18+00,eth-usdfc,true
49822,2026-05-29 00:52:19+00,fil-usdfc,true
49823,2026-05-29 00:52:20+00,base-usdc-usdfc,true
49824,2026-05-29 00:52:21+00,polygon-usdc-usdfc,true
49825,2026-05-29 01:43:31+00,eth-usdfc,true
49826,2026-05-29 01:43:32+00,fil-usdfc,true
49827,2026-05-29 01:43:33+00,base-usdc-usdfc,true
49828,2026-05-29 01:43:34+00,polygon-usdc-usdfc,true
49829,2026-05-29 03:12:01+00,eth-usdfc,true
49830,2026-05-29 03:12:02+00,fil-usdfc,true
49831,2026-05-29 03:12:03+00,base-usdc-usdfc,true
49832,2026-05-29 03:12:04+00,polygon-usdc-usdfc,true
49833,2026-05-29 05:30:29+00,eth-usdfc,true
49834,2026-05-29 05:30:30+00,fil-usdfc,true
49835,2026-05-29 05:30:31+00,base-usdc-usdfc,true
49836,2026-05-29 05:30:32+00,polygon-usdc-usdfc,true
49837,2026-05-29 07:25:10+00,eth-usdfc,true
49838,2026-05-29 07:25:11+00,fil-usdfc,true
49839,2026-05-29 07:25:12+00,base-usdc-usdfc,true
49840,2026-05-29 07:25:14+00,polygon-usdc-usdfc,true
49841,2026-05-29 09:14:19+00,eth-usdfc,true
49842,2026-05-29 09:14:20+00,fil-usdfc,true
49843,2026-05-29 09:14:21+00,base-usdc-usdfc,true
49844,2026-05-29 09:14:23+00,polygon-usdc-usdfc,true
49845,2026-05-29 11:09:06+00,eth-usdfc,true
49846,2026-05-29 11:09:07+00,fil-usdfc,true
49847,2026-05-29 11:09:08+00,base-usdc-usdfc,true
49848,2026-05-29 11:09:09+00,polygon-usdc-usdfc,true
49849,2026-05-29 13:10:11+00,eth-usdfc,true
49850,2026-05-29 13:10:12+00,fil-usdfc,true
49851,2026-05-29 13:10:13+00,base-usdc-usdfc,true
49852,2026-05-29 13:10:15+00,polygon-usdc-usdfc,true
49853,2026-05-29 15:08:56+00,eth-usdfc,true
49854,2026-05-29 15:08:57+00,fil-usdfc,true
49855,2026-05-29 15:08:58+00,base-usdc-usdfc,true
49856,2026-05-29 15:08:59+00,polygon-usdc-usdfc,true
49857,2026-05-29 17:13:07+00,eth-usdfc,true
49858,2026-05-29 17:13:08+00,fil-usdfc,true
49859,2026-05-29 17:13:09+00,base-usdc-usdfc,true
49860,2026-05-29 17:13:11+00,polygon-usdc-usdfc,true
49861,2026-05-29 18:55:04+00,eth-usdfc,true
49863,2026-05-29 18:55:05+00,base-usdc-usdfc,true
49862,2026-05-29 18:55:05+00,fil-usdfc,true
49864,2026-05-29 18:55:06+00,polygon-usdc-usdfc,true
49865,2026-05-29 19:49:51+00,eth-usdfc,true
49867,2026-05-29 19:49:52+00,base-usdc-usdfc,true
49866,2026-05-29 19:49:52+00,fil-usdfc,true
49868,2026-05-29 19:49:53+00,polygon-usdc-usdfc,true
49869,2026-05-29 20:50:15+00,eth-usdfc,true
49870,2026-05-29 20:50:16+00,fil-usdfc,true
49871,2026-05-29 20:50:17+00,base-usdc-usdfc,true
49872,2026-05-29 20:50:18+00,polygon-usdc-usdfc,true
49873,2026-05-29 21:36:55+00,eth-usdfc,true
49875,2026-05-29 21:36:56+00,base-usdc-usdfc,true
49874,2026-05-29 21:36:56+00,fil-usdfc,true
49876,2026-05-29 21:36:57+00,polygon-usdc-usdfc,true
49877,2026-05-29 22:33:39+00,eth-usdfc,true
49878,2026-05-29 22:33:40+00,fil-usdfc,true
49880,2026-05-29 22:33:41+00,polygon-usdc-usdfc,true
49879,2026-05-29 22:33:41+00,base-usdc-usdfc,true
49881,2026-05-29 23:31:25+00,eth-usdfc,true
49882,2026-05-29 23:31:26+00,fil-usdfc,true
49883,2026-05-29 23:31:27+00,base-usdc-usdfc,true
49884,2026-05-29 23:31:28+00,polygon-usdc-usdfc,true
49885,2026-05-30 00:47:59+00,eth-usdfc,true
49886,2026-05-30 00:48:00+00,fil-usdfc,true
49887,2026-05-30 00:48:01+00,base-usdc-usdfc,true
49888,2026-05-30 00:48:02+00,polygon-usdc-usdfc,true
49889,2026-05-30 01:40:06+00,eth-usdfc,true
49890,2026-05-30 01:40:07+00,fil-usdfc,true
49892,2026-05-30 01:40:08+00,polygon-usdc-usdfc,true
49891,2026-05-30 01:40:08+00,base-usdc-usdfc,true
49893,2026-05-30 03:10:00+00,eth-usdfc,true
49894,2026-05-30 03:10:01+00,fil-usdfc,true
49895,2026-05-30 03:10:02+00,base-usdc-usdfc,true
49896,2026-05-30 03:10:03+00,polygon-usdc-usdfc,true
49897,2026-05-30 05:20:12+00,eth-usdfc,true
49898,2026-05-30 05:20:13+00,fil-usdfc,true
49899,2026-05-30 05:20:14+00,base-usdc-usdfc,true
49900,2026-05-30 05:20:16+00,polygon-usdc-usdfc,true
49901,2026-05-30 07:04:50+00,eth-usdfc,true
49902,2026-05-30 07:04:51+00,fil-usdfc,true
49904,2026-05-30 07:04:52+00,polygon-usdc-usdfc,true
49903,2026-05-30 07:04:52+00,base-usdc-usdfc,true
49905,2026-05-30 08:51:14+00,eth-usdfc,true
49906,2026-05-30 08:51:15+00,fil-usdfc,true
49907,2026-05-30 08:51:16+00,base-usdc-usdfc,true
49908,2026-05-30 08:51:17+00,polygon-usdc-usdfc,true
49909,2026-05-30 09:39:21+00,eth-usdfc,true
49910,2026-05-30 09:39:22+00,fil-usdfc,true
49912,2026-05-30 09:39:23+00,polygon-usdc-usdfc,true
49911,2026-05-30 09:39:23+00,base-usdc-usdfc,true
49913,2026-05-30 10:36:39+00,eth-usdfc,true
49914,2026-05-30 10:36:40+00,fil-usdfc,true
49916,2026-05-30 10:36:41+00,polygon-usdc-usdfc,true
49915,2026-05-30 10:36:41+00,base-usdc-usdfc,true
49917,2026-05-30 11:32:24+00,eth-usdfc,true
49919,2026-05-30 11:32:25+00,base-usdc-usdfc,true
49918,2026-05-30 11:32:25+00,fil-usdfc,true
49920,2026-05-30 11:32:27+00,polygon-usdc-usdfc,true
49921,2026-05-30 12:29:24+00,eth-usdfc,true
49922,2026-05-30 12:29:26+00,fil-usdfc,true
49923,2026-05-30 12:29:27+00,base-usdc-usdfc,true
49924,2026-05-30 12:29:28+00,polygon-usdc-usdfc,true
49925,2026-05-30 13:33:31+00,eth-usdfc,true
49927,2026-05-30 13:33:32+00,base-usdc-usdfc,true
49926,2026-05-30 13:33:32+00,fil-usdfc,true
49928,2026-05-30 13:33:33+00,polygon-usdc-usdfc,true
49930,2026-05-30 14:34:33+00,fil-usdfc,true
49929,2026-05-30 14:34:33+00,eth-usdfc,true
49931,2026-05-30 14:34:34+00,base-usdc-usdfc,true
49932,2026-05-30 14:34:35+00,polygon-usdc-usdfc,true
49933,2026-05-30 15:29:14+00,eth-usdfc,true
49934,2026-05-30 15:29:15+00,fil-usdfc,true
49936,2026-05-30 15:29:16+00,polygon-usdc-usdfc,true
49935,2026-05-30 15:29:16+00,base-usdc-usdfc,true
49937,2026-05-30 16:24:55+00,eth-usdfc,true
49938,2026-05-30 16:24:56+00,fil-usdfc,true
49939,2026-05-30 16:24:57+00,base-usdc-usdfc,true
49940,2026-05-30 16:24:58+00,polygon-usdc-usdfc,true
49941,2026-05-30 17:25:54+00,eth-usdfc,true
49943,2026-05-30 17:25:55+00,base-usdc-usdfc,true
49942,2026-05-30 17:25:55+00,fil-usdfc,true
49944,2026-05-30 17:25:56+00,polygon-usdc-usdfc,true
49945,2026-05-30 18:26:28+00,eth-usdfc,true
49946,2026-05-30 18:26:29+00,fil-usdfc,true
49948,2026-05-30 18:26:30+00,polygon-usdc-usdfc,true
49947,2026-05-30 18:26:30+00,base-usdc-usdfc,true
49949,2026-05-30 19:32:25+00,eth-usdfc,true
49950,2026-05-30 19:32:26+00,fil-usdfc,true
49951,2026-05-30 19:32:27+00,base-usdc-usdfc,true
49952,2026-05-30 19:32:28+00,polygon-usdc-usdfc,true
49953,2026-05-30 20:24:42+00,eth-usdfc,true
49955,2026-05-30 20:24:43+00,base-usdc-usdfc,true
49954,2026-05-30 20:24:43+00,fil-usdfc,true
49956,2026-05-30 20:24:44+00,polygon-usdc-usdfc,true
49957,2026-05-30 21:23:15+00,eth-usdfc,true
49958,2026-05-30 21:23:16+00,fil-usdfc,true
49959,2026-05-30 21:23:17+00,base-usdc-usdfc,true
49960,2026-05-30 21:23:18+00,polygon-usdc-usdfc,true
49961,2026-05-30 22:23:09+00,eth-usdfc,true
49962,2026-05-30 22:23:10+00,fil-usdfc,true
49964,2026-05-30 22:23:11+00,polygon-usdc-usdfc,true
49963,2026-05-30 22:23:11+00,base-usdc-usdfc,true
49965,2026-05-30 23:23:57+00,eth-usdfc,true
49966,2026-05-30 23:23:58+00,fil-usdfc,true
49967,2026-05-30 23:23:59+00,base-usdc-usdfc,true
49968,2026-05-30 23:24:00+00,polygon-usdc-usdfc,true
49969,2026-05-31 00:51:55+00,eth-usdfc,true
49970,2026-05-31 00:51:56+00,fil-usdfc,true
49972,2026-05-31 00:51:57+00,polygon-usdc-usdfc,true
49971,2026-05-31 00:51:57+00,base-usdc-usdfc,true
49973,2026-05-31 01:45:32+00,eth-usdfc,true
49974,2026-05-31 01:45:33+00,fil-usdfc,true
49975,2026-05-31 01:45:34+00,base-usdc-usdfc,true
49976,2026-05-31 01:45:35+00,polygon-usdc-usdfc,true
49977,2026-05-31 03:12:27+00,eth-usdfc,true
49978,2026-05-31 03:12:28+00,fil-usdfc,true
49979,2026-05-31 03:12:29+00,base-usdc-usdfc,true
49980,2026-05-31 03:12:31+00,polygon-usdc-usdfc,true
49981,2026-05-31 05:34:09+00,eth-usdfc,true
49982,2026-05-31 05:34:10+00,fil-usdfc,true
49983,2026-05-31 05:34:11+00,base-usdc-usdfc,true
49984,2026-05-31 05:34:12+00,polygon-usdc-usdfc,true
49985,2026-05-31 07:22:31+00,eth-usdfc,true
49986,2026-05-31 07:22:32+00,fil-usdfc,true
49987,2026-05-31 07:22:33+00,base-usdc-usdfc,true
49988,2026-05-31 07:22:34+00,polygon-usdc-usdfc,true
49989,2026-05-31 09:06:15+00,eth-usdfc,true
49991,2026-05-31 09:06:16+00,base-usdc-usdfc,true
49990,2026-05-31 09:06:16+00,fil-usdfc,true
49992,2026-05-31 09:06:17+00,polygon-usdc-usdfc,true
49993,2026-05-31 10:41:10+00,eth-usdfc,true
49994,2026-05-31 10:41:11+00,fil-usdfc,true
49995,2026-05-31 10:41:13+00,base-usdc-usdfc,true
49996,2026-05-31 10:41:14+00,polygon-usdc-usdfc,true
49997,2026-05-31 11:34:29+00,eth-usdfc,true
49998,2026-05-31 11:34:30+00,fil-usdfc,true
49999,2026-05-31 11:34:31+00,base-usdc-usdfc,true
50000,2026-05-31 11:34:32+00,polygon-usdc-usdfc,true
50001,2026-05-31 12:32:47+00,eth-usdfc,true
50003,2026-05-31 12:32:48+00,base-usdc-usdfc,true
50002,2026-05-31 12:32:48+00,fil-usdfc,true
50004,2026-05-31 12:32:49+00,polygon-usdc-usdfc,true
50006,2026-05-31 13:34:32+00,fil-usdfc,true
50005,2026-05-31 13:34:32+00,eth-usdfc,true
50007,2026-05-31 13:34:33+00,base-usdc-usdfc,true
50008,2026-05-31 13:34:34+00,polygon-usdc-usdfc,true
50009,2026-05-31 14:35:37+00,eth-usdfc,true
50010,2026-05-31 14:35:38+00,fil-usdfc,true
50011,2026-05-31 14:35:39+00,base-usdc-usdfc,true
50012,2026-05-31 14:35:40+00,polygon-usdc-usdfc,true
50013,2026-05-31 15:30:52+00,eth-usdfc,true
50014,2026-05-31 15:30:53+00,fil-usdfc,true
50016,2026-05-31 15:30:54+00,polygon-usdc-usdfc,true
50015,2026-05-31 15:30:54+00,base-usdc-usdfc,true
50017,2026-05-31 16:29:10+00,eth-usdfc,true
50018,2026-05-31 16:29:11+00,fil-usdfc,true
50019,2026-05-31 16:29:12+00,base-usdc-usdfc,true
50020,2026-05-31 16:29:13+00,polygon-usdc-usdfc,true
50021,2026-05-31 17:26:23+00,eth-usdfc,true
50022,2026-05-31 17:26:24+00,fil-usdfc,true
50023,2026-05-31 17:26:25+00,base-usdc-usdfc,true
50024,2026-05-31 17:26:26+00,polygon-usdc-usdfc,true
50025,2026-05-31 18:27:56+00,eth-usdfc,true
50026,2026-05-31 18:27:57+00,fil-usdfc,true
50028,2026-05-31 18:27:58+00,polygon-usdc-usdfc,true
50027,2026-05-31 18:27:58+00,base-usdc-usdfc,true
50029,2026-05-31 19:32:10+00,eth-usdfc,true
50030,2026-05-31 19:32:12+00,fil-usdfc,true
50031,2026-05-31 19:32:13+00,base-usdc-usdfc,true
50032,2026-05-31 19:32:14+00,polygon-usdc-usdfc,true
50033,2026-05-31 20:27:03+00,eth-usdfc,true
50034,2026-05-31 20:27:04+00,fil-usdfc,true
50036,2026-05-31 20:27:05+00,polygon-usdc-usdfc,true
50035,2026-05-31 20:27:05+00,base-usdc-usdfc,true
50038,2026-05-31 21:22:59+00,fil-usdfc,true
50037,2026-05-31 21:22:59+00,eth-usdfc,true
50039,2026-05-31 21:23:00+00,base-usdc-usdfc,true
50040,2026-05-31 21:23:01+00,polygon-usdc-usdfc,true
50041,2026-05-31 22:23:39+00,eth-usdfc,true
50042,2026-05-31 22:23:40+00,fil-usdfc,true
50043,2026-05-31 22:23:41+00,base-usdc-usdfc,true
50044,2026-05-31 22:23:42+00,polygon-usdc-usdfc,true
50045,2026-05-31 23:25:36+00,eth-usdfc,true
50046,2026-05-31 23:25:37+00,fil-usdfc,true
50048,2026-05-31 23:25:38+00,polygon-usdc-usdfc,true
50047,2026-05-31 23:25:38+00,base-usdc-usdfc,true
50049,2026-06-01 00:54:46+00,eth-usdfc,true
50051,2026-06-01 00:54:47+00,base-usdc-usdfc,true
50050,2026-06-01 00:54:47+00,fil-usdfc,true
50052,2026-06-01 00:54:48+00,polygon-usdc-usdfc,true
50053,2026-06-01 01:50:25+00,eth-usdfc,true
50054,2026-06-01 01:50:26+00,fil-usdfc,true
50055,2026-06-01 01:50:27+00,base-usdc-usdfc,true
50056,2026-06-01 01:50:28+00,polygon-usdc-usdfc,true
50057,2026-06-01 03:13:56+00,eth-usdfc,true
50058,2026-06-01 03:13:57+00,fil-usdfc,true
50059,2026-06-01 03:13:58+00,base-usdc-usdfc,true
50060,2026-06-01 03:13:59+00,polygon-usdc-usdfc,true
50061,2026-06-01 05:41:13+00,eth-usdfc,true
50063,2026-06-01 05:41:15+00,base-usdc-usdfc,true
50062,2026-06-01 05:41:15+00,fil-usdfc,true
50064,2026-06-01 05:41:16+00,polygon-usdc-usdfc,true
50065,2026-06-01 07:51:28+00,eth-usdfc,true
50066,2026-06-01 07:51:29+00,fil-usdfc,true
50067,2026-06-01 07:51:30+00,base-usdc-usdfc,true
50068,2026-06-01 07:51:31+00,polygon-usdc-usdfc,true
50069,2026-06-01 09:53:59+00,eth-usdfc,true
50070,2026-06-01 09:54:00+00,fil-usdfc,true
50072,2026-06-01 09:54:02+00,polygon-usdc-usdfc,true
50071,2026-06-01 09:54:02+00,base-usdc-usdfc,true
50073,2026-06-01 12:01:59+00,eth-usdfc,true
50074,2026-06-01 12:02:00+00,fil-usdfc,true
50075,2026-06-01 12:02:01+00,base-usdc-usdfc,true
50076,2026-06-01 12:02:02+00,polygon-usdc-usdfc,true
50077,2026-06-01 15:07:03+00,eth-usdfc,true
50078,2026-06-01 15:07:04+00,fil-usdfc,true
50079,2026-06-01 15:07:05+00,base-usdc-usdfc,true
50080,2026-06-01 15:07:06+00,polygon-usdc-usdfc,true
50081,2026-06-01 18:04:12+00,eth-usdfc,true
50082,2026-06-01 18:04:13+00,fil-usdfc,true
50083,2026-06-01 18:04:14+00,base-usdc-usdfc,true
50084,2026-06-01 18:04:15+00,polygon-usdc-usdfc,true
50085,2026-06-01 20:28:33+00,eth-usdfc,true
50087,2026-06-01 20:28:35+00,base-usdc-usdfc,true
50086,2026-06-01 20:28:35+00,fil-usdfc,true
50088,2026-06-01 20:28:36+00,polygon-usdc-usdfc,true
50089,2026-06-01 22:04:32+00,eth-usdfc,true
50090,2026-06-01 22:04:33+00,fil-usdfc,true
50091,2026-06-01 22:04:34+00,base-usdc-usdfc,true
50092,2026-06-01 22:04:35+00,polygon-usdc-usdfc,true
50093,2026-06-01 23:33:31+00,eth-usdfc,true
50094,2026-06-01 23:33:32+00,fil-usdfc,true
50095,2026-06-01 23:33:33+00,base-usdc-usdfc,true
50096,2026-06-01 23:33:35+00,polygon-usdc-usdfc,true
50097,2026-06-02 00:54:52+00,eth-usdfc,true
50099,2026-06-02 00:54:53+00,base-usdc-usdfc,true
50098,2026-06-02 00:54:53+00,fil-usdfc,true
50100,2026-06-02 00:54:54+00,polygon-usdc-usdfc,true
50101,2026-06-02 01:53:04+00,eth-usdfc,true
50102,2026-06-02 01:53:05+00,fil-usdfc,true
50103,2026-06-02 01:53:06+00,base-usdc-usdfc,true
50104,2026-06-02 01:53:07+00,polygon-usdc-usdfc,true
50105,2026-06-02 03:14:11+00,eth-usdfc,true
50106,2026-06-02 03:14:12+00,fil-usdfc,true
50107,2026-06-02 03:14:13+00,base-usdc-usdfc,true
50108,2026-06-02 03:14:15+00,polygon-usdc-usdfc,true
50109,2026-06-02 05:37:40+00,eth-usdfc,true
50110,2026-06-02 05:37:41+00,fil-usdfc,true
50111,2026-06-02 05:37:42+00,base-usdc-usdfc,true
50112,2026-06-02 05:37:43+00,polygon-usdc-usdfc,true
50113,2026-06-02 07:43:29+00,eth-usdfc,true
50115,2026-06-02 07:43:31+00,base-usdc-usdfc,true
50114,2026-06-02 07:43:31+00,fil-usdfc,true
50116,2026-06-02 07:43:32+00,polygon-usdc-usdfc,true
50117,2026-06-02 09:30:59+00,eth-usdfc,true
50118,2026-06-02 09:31:00+00,fil-usdfc,true
50120,2026-06-02 09:31:02+00,polygon-usdc-usdfc,true
50119,2026-06-02 09:31:02+00,base-usdc-usdfc,true
50121,2026-06-02 11:32:00+00,eth-usdfc,true
50122,2026-06-02 11:32:01+00,fil-usdfc,true
50123,2026-06-02 11:32:02+00,base-usdc-usdfc,true
50124,2026-06-02 11:32:04+00,polygon-usdc-usdfc,true
50125,2026-06-02 13:21:14+00,eth-usdfc,true
50126,2026-06-02 13:21:16+00,fil-usdfc,true
50128,2026-06-02 13:21:17+00,polygon-usdc-usdfc,true
50127,2026-06-02 13:21:17+00,base-usdc-usdfc,true
50129,2026-06-02 15:27:50+00,eth-usdfc,true
50130,2026-06-02 15:27:51+00,fil-usdfc,true
50131,2026-06-02 15:27:52+00,base-usdc-usdfc,true
50132,2026-06-02 15:27:53+00,polygon-usdc-usdfc,true
50133,2026-06-02 17:36:13+00,eth-usdfc,true
50134,2026-06-02 17:36:14+00,fil-usdfc,true
50135,2026-06-02 17:36:15+00,base-usdc-usdfc,true
50136,2026-06-02 17:36:16+00,polygon-usdc-usdfc,true
50137,2026-06-02 19:18:34+00,eth-usdfc,true
50138,2026-06-02 19:18:35+00,fil-usdfc,true
50139,2026-06-02 19:18:36+00,base-usdc-usdfc,true
50140,2026-06-02 19:18:37+00,polygon-usdc-usdfc,true
50141,2026-06-02 21:06:44+00,eth-usdfc,true
50142,2026-06-02 21:06:45+00,fil-usdfc,true
50143,2026-06-02 21:06:46+00,base-usdc-usdfc,true
50144,2026-06-02 21:06:47+00,polygon-usdc-usdfc,true
50145,2026-06-02 22:44:05+00,eth-usdfc,true
50146,2026-06-02 22:44:06+00,fil-usdfc,true
50147,2026-06-02 22:44:07+00,base-usdc-usdfc,true
50148,2026-06-02 22:44:08+00,polygon-usdc-usdfc,true
50149,2026-06-02 23:36:16+00,eth-usdfc,true
50151,2026-06-02 23:36:17+00,base-usdc-usdfc,true
50150,2026-06-02 23:36:17+00,fil-usdfc,true
50152,2026-06-02 23:36:18+00,polygon-usdc-usdfc,true
50153,2026-06-03 01:00:38+00,eth-usdfc,true
50154,2026-06-03 01:00:39+00,fil-usdfc,true
50156,2026-06-03 01:00:40+00,polygon-usdc-usdfc,true
50155,2026-06-03 01:00:40+00,base-usdc-usdfc,true
50157,2026-06-03 03:13:27+00,eth-usdfc,true
50158,2026-06-03 03:13:28+00,fil-usdfc,true
50159,2026-06-03 03:13:29+00,base-usdc-usdfc,true
50160,2026-06-03 03:13:30+00,polygon-usdc-usdfc,true
50161,2026-06-03 05:41:40+00,eth-usdfc,true
50162,2026-06-03 05:41:41+00,fil-usdfc,true
50163,2026-06-03 05:41:42+00,base-usdc-usdfc,true
50164,2026-06-03 05:41:43+00,polygon-usdc-usdfc,true
50165,2026-06-03 07:46:36+00,eth-usdfc,true
50166,2026-06-03 07:46:37+00,fil-usdfc,true
50167,2026-06-03 07:46:38+00,base-usdc-usdfc,true
50168,2026-06-03 07:46:39+00,polygon-usdc-usdfc,true
50169,2026-06-03 09:40:39+00,eth-usdfc,true
50170,2026-06-03 09:40:40+00,fil-usdfc,true
50171,2026-06-03 09:40:41+00,base-usdc-usdfc,true
50172,2026-06-03 09:40:42+00,polygon-usdc-usdfc,true
50173,2026-06-03 11:39:20+00,eth-usdfc,true
50174,2026-06-03 11:39:22+00,fil-usdfc,true
50175,2026-06-03 11:39:23+00,base-usdc-usdfc,true
50176,2026-06-03 11:39:24+00,polygon-usdc-usdfc,true
50177,2026-06-03 13:42:07+00,eth-usdfc,true
50178,2026-06-03 13:42:08+00,fil-usdfc,true
50179,2026-06-03 13:42:09+00,base-usdc-usdfc,true
50180,2026-06-03 13:42:10+00,polygon-usdc-usdfc,true
50181,2026-06-03 15:37:27+00,eth-usdfc,true
50182,2026-06-03 15:37:28+00,fil-usdfc,true
50183,2026-06-03 15:37:29+00,base-usdc-usdfc,true
50184,2026-06-03 15:37:30+00,polygon-usdc-usdfc,true
50185,2026-06-03 19:23:17+00,eth-usdfc,true
50186,2026-06-03 19:23:18+00,fil-usdfc,true
50187,2026-06-03 19:23:19+00,base-usdc-usdfc,true
50188,2026-06-03 19:23:20+00,polygon-usdc-usdfc,true
50189,2026-06-03 21:07:23+00,eth-usdfc,true
50190,2026-06-03 21:07:24+00,fil-usdfc,true
50191,2026-06-03 21:07:25+00,base-usdc-usdfc,true
50192,2026-06-03 21:07:26+00,polygon-usdc-usdfc,true
50193,2026-06-03 22:44:54+00,eth-usdfc,true
50194,2026-06-03 22:44:55+00,fil-usdfc,true
50195,2026-06-03 22:44:56+00,base-usdc-usdfc,true
50196,2026-06-03 22:44:57+00,polygon-usdc-usdfc,true
50197,2026-06-03 23:34:50+00,eth-usdfc,true
50198,2026-06-03 23:34:51+00,fil-usdfc,true
50200,2026-06-03 23:34:52+00,polygon-usdc-usdfc,true
50199,2026-06-03 23:34:52+00,base-usdc-usdfc,true
50201,2026-06-04 00:59:59+00,eth-usdfc,true
50202,2026-06-04 01:00:00+00,fil-usdfc,true
50203,2026-06-04 01:00:01+00,base-usdc-usdfc,true
50204,2026-06-04 01:00:02+00,polygon-usdc-usdfc,true
50205,2026-06-04 02:00:13+00,eth-usdfc,true
50206,2026-06-04 02:00:15+00,fil-usdfc,true
50207,2026-06-04 02:00:16+00,base-usdc-usdfc,true
50208,2026-06-04 02:00:17+00,polygon-usdc-usdfc,true
50209,2026-06-04 04:33:21+00,eth-usdfc,true
50210,2026-06-04 04:33:22+00,fil-usdfc,true
50211,2026-06-04 04:33:23+00,base-usdc-usdfc,true
50212,2026-06-04 04:33:24+00,polygon-usdc-usdfc,true
50213,2026-06-04 06:33:53+00,eth-usdfc,true
50214,2026-06-04 06:33:54+00,fil-usdfc,true
50215,2026-06-04 06:33:55+00,base-usdc-usdfc,true
50216,2026-06-04 06:33:56+00,polygon-usdc-usdfc,true
50217,2026-06-04 08:29:03+00,eth-usdfc,true
50219,2026-06-04 08:29:04+00,base-usdc-usdfc,true
50218,2026-06-04 08:29:04+00,fil-usdfc,true
50220,2026-06-04 08:29:05+00,polygon-usdc-usdfc,true
50221,2026-06-04 10:20:12+00,eth-usdfc,true
50222,2026-06-04 10:20:13+00,fil-usdfc,true
50223,2026-06-04 10:20:15+00,base-usdc-usdfc,true
50224,2026-06-04 10:20:16+00,polygon-usdc-usdfc,true
50225,2026-06-04 12:01:14+00,eth-usdfc,true
50227,2026-06-04 12:01:16+00,base-usdc-usdfc,true
50226,2026-06-04 12:01:16+00,fil-usdfc,true
50228,2026-06-04 12:01:17+00,polygon-usdc-usdfc,true
50229,2026-06-04 14:02:03+00,eth-usdfc,true
50230,2026-06-04 14:02:05+00,fil-usdfc,true
50231,2026-06-04 14:02:06+00,base-usdc-usdfc,true
50232,2026-06-04 14:02:07+00,polygon-usdc-usdfc,true
50233,2026-06-04 16:09:53+00,eth-usdfc,true
50234,2026-06-04 16:09:54+00,fil-usdfc,true
50235,2026-06-04 16:09:55+00,base-usdc-usdfc,true
50236,2026-06-04 16:09:56+00,polygon-usdc-usdfc,true
50237,2026-06-04 17:54:08+00,eth-usdfc,true
50238,2026-06-04 17:54:10+00,fil-usdfc,true
50239,2026-06-04 17:54:11+00,base-usdc-usdfc,true
50240,2026-06-04 17:54:12+00,polygon-usdc-usdfc,true
50241,2026-06-04 18:50:20+00,eth-usdfc,true
50242,2026-06-04 18:50:21+00,fil-usdfc,true
50243,2026-06-04 18:50:22+00,base-usdc-usdfc,true
50244,2026-06-04 18:50:23+00,polygon-usdc-usdfc,true
50245,2026-06-04 19:43:39+00,eth-usdfc,true
50246,2026-06-04 19:43:40+00,fil-usdfc,true
50248,2026-06-04 19:43:41+00,polygon-usdc-usdfc,true
50247,2026-06-04 19:43:41+00,base-usdc-usdfc,true
50249,2026-06-04 20:45:04+00,eth-usdfc,true
50250,2026-06-04 20:45:05+00,fil-usdfc,true
50251,2026-06-04 20:45:06+00,base-usdc-usdfc,true
50252,2026-06-04 20:45:07+00,polygon-usdc-usdfc,true
50253,2026-06-04 21:34:42+00,eth-usdfc,true
50254,2026-06-04 21:34:44+00,fil-usdfc,true
50255,2026-06-04 21:34:45+00,base-usdc-usdfc,true
50256,2026-06-04 21:34:46+00,polygon-usdc-usdfc,true
50257,2026-06-04 22:32:49+00,eth-usdfc,true
50259,2026-06-04 22:32:50+00,base-usdc-usdfc,true
50258,2026-06-04 22:32:50+00,fil-usdfc,true
50260,2026-06-04 22:32:51+00,polygon-usdc-usdfc,true
50261,2026-06-04 23:28:17+00,eth-usdfc,true
50262,2026-06-04 23:28:18+00,fil-usdfc,true
50264,2026-06-04 23:28:19+00,polygon-usdc-usdfc,true
50263,2026-06-04 23:28:19+00,base-usdc-usdfc,true
50265,2026-06-05 00:52:50+00,eth-usdfc,true
50266,2026-06-05 00:52:51+00,fil-usdfc,true
50267,2026-06-05 00:52:52+00,base-usdc-usdfc,true
50268,2026-06-05 00:52:54+00,polygon-usdc-usdfc,true
50269,2026-06-05 01:47:28+00,eth-usdfc,true
50270,2026-06-05 01:47:29+00,fil-usdfc,true
50271,2026-06-05 01:47:30+00,base-usdc-usdfc,true
50272,2026-06-05 01:47:31+00,polygon-usdc-usdfc,true
50274,2026-06-05 03:12:52+00,fil-usdfc,true
50273,2026-06-05 03:12:52+00,eth-usdfc,true
50275,2026-06-05 03:12:53+00,base-usdc-usdfc,true
50276,2026-06-05 03:12:54+00,polygon-usdc-usdfc,true
50277,2026-06-05 05:34:24+00,eth-usdfc,true
50278,2026-06-05 05:34:25+00,fil-usdfc,true
50279,2026-06-05 05:34:26+00,base-usdc-usdfc,true
50280,2026-06-05 05:34:27+00,polygon-usdc-usdfc,true
50281,2026-06-05 07:34:07+00,eth-usdfc,true
50282,2026-06-05 07:34:08+00,fil-usdfc,true
50284,2026-06-05 07:34:09+00,polygon-usdc-usdfc,true
50283,2026-06-05 07:34:09+00,base-usdc-usdfc,true
50285,2026-06-05 09:12:35+00,eth-usdfc,true
50288,2026-06-05 09:12:37+00,polygon-usdc-usdfc,true
50287,2026-06-05 09:12:37+00,base-usdc-usdfc,true
50286,2026-06-05 09:12:37+00,fil-usdfc,true
50289,2026-06-05 11:09:38+00,eth-usdfc,true
50290,2026-06-05 11:09:39+00,fil-usdfc,true
50292,2026-06-05 11:09:40+00,polygon-usdc-usdfc,true
50291,2026-06-05 11:09:40+00,base-usdc-usdfc,true
50293,2026-06-05 15:03:40+00,eth-usdfc,true
50294,2026-06-05 15:03:41+00,fil-usdfc,true
50295,2026-06-05 15:03:42+00,base-usdc-usdfc,true
50296,2026-06-05 15:03:43+00,polygon-usdc-usdfc,true
50297,2026-06-05 17:37:54+00,eth-usdfc,true
50298,2026-06-05 17:37:55+00,fil-usdfc,true
50300,2026-06-05 17:37:56+00,polygon-usdc-usdfc,true
50299,2026-06-05 17:37:56+00,base-usdc-usdfc,true
50301,2026-06-05 18:42:37+00,eth-usdfc,true
50302,2026-06-05 18:42:38+00,fil-usdfc,true
50304,2026-06-05 18:42:39+00,polygon-usdc-usdfc,true
50303,2026-06-05 18:42:39+00,base-usdc-usdfc,true
50305,2026-06-05 19:36:18+00,eth-usdfc,true
50306,2026-06-05 19:36:19+00,fil-usdfc,true
50308,2026-06-05 19:36:20+00,polygon-usdc-usdfc,true
50307,2026-06-05 19:36:20+00,base-usdc-usdfc,true
50309,2026-06-05 20:38:34+00,eth-usdfc,true
50311,2026-06-05 20:38:35+00,base-usdc-usdfc,true
50310,2026-06-05 20:38:35+00,fil-usdfc,true
50312,2026-06-05 20:38:36+00,polygon-usdc-usdfc,true
50313,2026-06-05 21:32:59+00,eth-usdfc,true
50314,2026-06-05 21:33:01+00,fil-usdfc,true
50316,2026-06-05 21:33:02+00,polygon-usdc-usdfc,true
50315,2026-06-05 21:33:02+00,base-usdc-usdfc,true
50317,2026-06-05 22:28:23+00,eth-usdfc,true
50319,2026-06-05 22:28:24+00,base-usdc-usdfc,true
50318,2026-06-05 22:28:24+00,fil-usdfc,true
50320,2026-06-05 22:28:25+00,polygon-usdc-usdfc,true
50321,2026-06-05 23:29:25+00,eth-usdfc,true
50322,2026-06-05 23:29:26+00,fil-usdfc,true
50323,2026-06-05 23:29:27+00,base-usdc-usdfc,true
50324,2026-06-05 23:29:28+00,polygon-usdc-usdfc,true
50325,2026-06-06 00:49:40+00,eth-usdfc,true
50326,2026-06-06 00:49:41+00,fil-usdfc,true
50327,2026-06-06 00:49:42+00,base-usdc-usdfc,true
50328,2026-06-06 00:49:43+00,polygon-usdc-usdfc,true
50329,2026-06-06 01:42:24+00,eth-usdfc,true
50330,2026-06-06 01:42:25+00,fil-usdfc,true
50331,2026-06-06 01:42:26+00,base-usdc-usdfc,true
50332,2026-06-06 01:42:27+00,polygon-usdc-usdfc,true
50333,2026-06-06 03:09:55+00,eth-usdfc,true
50334,2026-06-06 03:09:56+00,fil-usdfc,true
50336,2026-06-06 03:09:57+00,polygon-usdc-usdfc,true
50335,2026-06-06 03:09:57+00,base-usdc-usdfc,true
50337,2026-06-06 05:20:47+00,eth-usdfc,true
50338,2026-06-06 05:20:48+00,fil-usdfc,true
50339,2026-06-06 05:20:49+00,base-usdc-usdfc,true
50340,2026-06-06 05:20:50+00,polygon-usdc-usdfc,true
50341,2026-06-06 07:08:21+00,eth-usdfc,true
50342,2026-06-06 07:08:22+00,fil-usdfc,true
50344,2026-06-06 07:08:23+00,polygon-usdc-usdfc,true
50343,2026-06-06 07:08:23+00,base-usdc-usdfc,true
50345,2026-06-06 08:56:45+00,eth-usdfc,true
50346,2026-06-06 08:56:46+00,fil-usdfc,true
50347,2026-06-06 08:56:47+00,base-usdc-usdfc,true
50348,2026-06-06 08:56:48+00,polygon-usdc-usdfc,true
50349,2026-06-06 09:45:51+00,eth-usdfc,true
50351,2026-06-06 09:45:52+00,base-usdc-usdfc,true
50350,2026-06-06 09:45:52+00,fil-usdfc,true
50352,2026-06-06 09:45:53+00,polygon-usdc-usdfc,true
50353,2026-06-06 10:40:14+00,eth-usdfc,true
50355,2026-06-06 10:40:15+00,base-usdc-usdfc,true
50354,2026-06-06 10:40:15+00,fil-usdfc,true
50356,2026-06-06 10:40:17+00,polygon-usdc-usdfc,true
50357,2026-06-06 11:33:09+00,eth-usdfc,true
50359,2026-06-06 11:33:11+00,base-usdc-usdfc,true
50358,2026-06-06 11:33:11+00,fil-usdfc,true
50360,2026-06-06 11:33:12+00,polygon-usdc-usdfc,true
50361,2026-06-06 12:31:42+00,eth-usdfc,true
50362,2026-06-06 12:31:43+00,fil-usdfc,true
50364,2026-06-06 12:31:44+00,polygon-usdc-usdfc,true
50363,2026-06-06 12:31:44+00,base-usdc-usdfc,true
50365,2026-06-06 13:34:02+00,eth-usdfc,true
50367,2026-06-06 13:34:03+00,base-usdc-usdfc,true
50366,2026-06-06 13:34:03+00,fil-usdfc,true
50368,2026-06-06 13:34:04+00,polygon-usdc-usdfc,true
50369,2026-06-06 14:34:48+00,eth-usdfc,true
50370,2026-06-06 14:34:49+00,fil-usdfc,true
50372,2026-06-06 14:34:50+00,polygon-usdc-usdfc,true
50371,2026-06-06 14:34:50+00,base-usdc-usdfc,true
50373,2026-06-06 15:29:50+00,eth-usdfc,true
50375,2026-06-06 15:29:51+00,base-usdc-usdfc,true
50374,2026-06-06 15:29:51+00,fil-usdfc,true
50376,2026-06-06 15:29:52+00,polygon-usdc-usdfc,true
50377,2026-06-06 16:27:17+00,eth-usdfc,true
50378,2026-06-06 16:27:18+00,fil-usdfc,true
50379,2026-06-06 16:27:19+00,base-usdc-usdfc,true
50380,2026-06-06 16:27:20+00,polygon-usdc-usdfc,true
50381,2026-06-06 17:28:39+00,eth-usdfc,true
50382,2026-06-06 17:28:40+00,fil-usdfc,true
50383,2026-06-06 17:28:41+00,base-usdc-usdfc,true
50384,2026-06-06 17:28:42+00,polygon-usdc-usdfc,true
50385,2026-06-06 18:31:44+00,eth-usdfc,true
50386,2026-06-06 18:31:45+00,fil-usdfc,true
50388,2026-06-06 18:31:46+00,polygon-usdc-usdfc,true
50387,2026-06-06 18:31:46+00,base-usdc-usdfc,true
50389,2026-06-06 19:32:17+00,eth-usdfc,true
50390,2026-06-06 19:32:18+00,fil-usdfc,true
50391,2026-06-06 19:32:19+00,base-usdc-usdfc,true
50392,2026-06-06 19:32:20+00,polygon-usdc-usdfc,true
50393,2026-06-06 20:28:02+00,eth-usdfc,true
50395,2026-06-06 20:28:03+00,base-usdc-usdfc,true
50394,2026-06-06 20:28:03+00,fil-usdfc,true
50396,2026-06-06 20:28:04+00,polygon-usdc-usdfc,true
50397,2026-06-06 21:25:18+00,eth-usdfc,true
50399,2026-06-06 21:25:20+00,base-usdc-usdfc,true
50398,2026-06-06 21:25:20+00,fil-usdfc,true
50400,2026-06-06 21:25:21+00,polygon-usdc-usdfc,true
50401,2026-06-06 22:25:44+00,eth-usdfc,true
50403,2026-06-06 22:25:45+00,base-usdc-usdfc,true
50402,2026-06-06 22:25:45+00,fil-usdfc,true
50404,2026-06-06 22:25:46+00,polygon-usdc-usdfc,true
50405,2026-06-06 23:25:22+00,eth-usdfc,true
50406,2026-06-06 23:25:23+00,fil-usdfc,true
50407,2026-06-06 23:25:24+00,base-usdc-usdfc,true
50408,2026-06-06 23:25:25+00,polygon-usdc-usdfc,true
50409,2026-06-07 00:54:16+00,eth-usdfc,true
50410,2026-06-07 00:54:17+00,fil-usdfc,true
50412,2026-06-07 00:54:18+00,polygon-usdc-usdfc,true
50411,2026-06-07 00:54:18+00,base-usdc-usdfc,true
50413,2026-06-07 01:47:37+00,eth-usdfc,true
50415,2026-06-07 01:47:38+00,base-usdc-usdfc,true
50414,2026-06-07 01:47:38+00,fil-usdfc,true
50416,2026-06-07 01:47:39+00,polygon-usdc-usdfc,true
50417,2026-06-07 03:12:36+00,eth-usdfc,true
50418,2026-06-07 03:12:37+00,fil-usdfc,true
50419,2026-06-07 03:12:38+00,base-usdc-usdfc,true
50420,2026-06-07 03:12:39+00,polygon-usdc-usdfc,true
50421,2026-06-07 05:34:53+00,eth-usdfc,true
50423,2026-06-07 05:34:54+00,base-usdc-usdfc,true
50422,2026-06-07 05:34:54+00,fil-usdfc,true
50424,2026-06-07 05:34:55+00,polygon-usdc-usdfc,true
50425,2026-06-07 07:27:51+00,eth-usdfc,true
50426,2026-06-07 07:27:52+00,fil-usdfc,true
50427,2026-06-07 07:27:53+00,base-usdc-usdfc,true
50428,2026-06-07 07:27:54+00,polygon-usdc-usdfc,true
50429,2026-06-07 09:06:11+00,eth-usdfc,true
50430,2026-06-07 09:06:13+00,fil-usdfc,true
50431,2026-06-07 09:06:14+00,base-usdc-usdfc,true
50432,2026-06-07 09:06:15+00,polygon-usdc-usdfc,true
50433,2026-06-07 10:47:45+00,eth-usdfc,true
50434,2026-06-07 10:47:46+00,fil-usdfc,true
50435,2026-06-07 10:47:47+00,base-usdc-usdfc,true
50436,2026-06-07 10:47:48+00,polygon-usdc-usdfc,true
50437,2026-06-07 11:35:46+00,eth-usdfc,true
50439,2026-06-07 11:35:47+00,base-usdc-usdfc,true
50438,2026-06-07 11:35:47+00,fil-usdfc,true
50440,2026-06-07 11:35:48+00,polygon-usdc-usdfc,true
50441,2026-06-07 12:36:42+00,eth-usdfc,true
50442,2026-06-07 12:36:43+00,fil-usdfc,true
50443,2026-06-07 12:36:44+00,base-usdc-usdfc,true
50444,2026-06-07 12:36:45+00,polygon-usdc-usdfc,true
50445,2026-06-07 13:35:25+00,eth-usdfc,true
50446,2026-06-07 13:35:26+00,fil-usdfc,true
50447,2026-06-07 13:35:27+00,base-usdc-usdfc,true
50448,2026-06-07 13:35:28+00,polygon-usdc-usdfc,true
50449,2026-06-07 14:38:49+00,eth-usdfc,true
50450,2026-06-07 14:38:50+00,fil-usdfc,true
50451,2026-06-07 14:38:51+00,base-usdc-usdfc,true
50452,2026-06-07 14:38:52+00,polygon-usdc-usdfc,true
50453,2026-06-07 15:32:39+00,eth-usdfc,true
50454,2026-06-07 15:32:40+00,fil-usdfc,true
50456,2026-06-07 15:32:41+00,polygon-usdc-usdfc,true
50455,2026-06-07 15:32:41+00,base-usdc-usdfc,true
50457,2026-06-07 16:33:01+00,eth-usdfc,true
50459,2026-06-07 16:33:03+00,base-usdc-usdfc,true
50458,2026-06-07 16:33:03+00,fil-usdfc,true
50460,2026-06-07 16:33:04+00,polygon-usdc-usdfc,true
50461,2026-06-07 17:31:59+00,eth-usdfc,true
50462,2026-06-07 17:32:00+00,fil-usdfc,true
50464,2026-06-07 17:32:01+00,polygon-usdc-usdfc,true
50463,2026-06-07 17:32:01+00,base-usdc-usdfc,true
50465,2026-06-07 18:30:42+00,eth-usdfc,true
50466,2026-06-07 18:30:43+00,fil-usdfc,true
50467,2026-06-07 18:30:44+00,base-usdc-usdfc,true
50468,2026-06-07 18:30:45+00,polygon-usdc-usdfc,true
50470,2026-06-07 19:33:03+00,fil-usdfc,true
50469,2026-06-07 19:33:03+00,eth-usdfc,true
50471,2026-06-07 19:33:04+00,base-usdc-usdfc,true
50472,2026-06-07 19:33:05+00,polygon-usdc-usdfc,true
50473,2026-06-07 20:29:29+00,eth-usdfc,true
50474,2026-06-07 20:29:30+00,fil-usdfc,true
50476,2026-06-07 20:29:31+00,polygon-usdc-usdfc,true
50475,2026-06-07 20:29:31+00,base-usdc-usdfc,true
50477,2026-06-07 21:28:54+00,eth-usdfc,true
50479,2026-06-07 21:28:55+00,base-usdc-usdfc,true
50478,2026-06-07 21:28:55+00,fil-usdfc,true
50480,2026-06-07 21:28:56+00,polygon-usdc-usdfc,true
50481,2026-06-07 22:25:34+00,eth-usdfc,true
50482,2026-06-07 22:25:35+00,fil-usdfc,true
50483,2026-06-07 22:25:37+00,base-usdc-usdfc,true
50484,2026-06-07 22:25:38+00,polygon-usdc-usdfc,true
50485,2026-06-07 23:25:46+00,eth-usdfc,true
50487,2026-06-07 23:25:47+00,base-usdc-usdfc,true
50486,2026-06-07 23:25:47+00,fil-usdfc,true
50488,2026-06-07 23:25:48+00,polygon-usdc-usdfc,true
50489,2026-06-08 00:55:02+00,eth-usdfc,true
50490,2026-06-08 00:55:03+00,fil-usdfc,true
50491,2026-06-08 00:55:04+00,base-usdc-usdfc,true
50492,2026-06-08 00:55:05+00,polygon-usdc-usdfc,true
50493,2026-06-08 01:50:56+00,eth-usdfc,true
50494,2026-06-08 01:50:57+00,fil-usdfc,true
50495,2026-06-08 01:50:58+00,base-usdc-usdfc,true
50496,2026-06-08 01:50:59+00,polygon-usdc-usdfc,true
50497,2026-06-08 03:13:41+00,eth-usdfc,true
50498,2026-06-08 03:13:42+00,fil-usdfc,true
50500,2026-06-08 03:13:43+00,polygon-usdc-usdfc,true
50499,2026-06-08 03:13:43+00,base-usdc-usdfc,true
50501,2026-06-08 05:38:23+00,eth-usdfc,true
50502,2026-06-08 05:38:24+00,fil-usdfc,true
50503,2026-06-08 05:38:25+00,base-usdc-usdfc,true
50504,2026-06-08 05:38:26+00,polygon-usdc-usdfc,true
50505,2026-06-08 07:47:30+00,eth-usdfc,true
50507,2026-06-08 07:47:31+00,base-usdc-usdfc,true
50506,2026-06-08 07:47:31+00,fil-usdfc,true
50508,2026-06-08 07:47:32+00,polygon-usdc-usdfc,true
50509,2026-06-08 09:39:56+00,eth-usdfc,true
50511,2026-06-08 09:39:57+00,base-usdc-usdfc,true
50510,2026-06-08 09:39:57+00,fil-usdfc,true
50512,2026-06-08 09:39:59+00,polygon-usdc-usdfc,true
50513,2026-06-08 11:39:09+00,eth-usdfc,true
50514,2026-06-08 11:39:10+00,fil-usdfc,true
50515,2026-06-08 11:39:11+00,base-usdc-usdfc,true
50516,2026-06-08 11:39:12+00,polygon-usdc-usdfc,true
50517,2026-06-08 13:31:54+00,eth-usdfc,true
50518,2026-06-08 13:31:55+00,fil-usdfc,true
50520,2026-06-08 13:31:56+00,polygon-usdc-usdfc,true
50519,2026-06-08 13:31:56+00,base-usdc-usdfc,true
50521,2026-06-08 15:10:51+00,eth-usdfc,true
50523,2026-06-08 15:10:52+00,base-usdc-usdfc,true
50522,2026-06-08 15:10:52+00,fil-usdfc,true
50524,2026-06-08 15:10:53+00,polygon-usdc-usdfc,true
50525,2026-06-08 17:09:58+00,eth-usdfc,true
50526,2026-06-08 17:09:59+00,fil-usdfc,true
50527,2026-06-08 17:10:00+00,base-usdc-usdfc,true
50528,2026-06-08 17:10:01+00,polygon-usdc-usdfc,true
50529,2026-06-08 18:53:19+00,eth-usdfc,true
50530,2026-06-08 18:53:20+00,fil-usdfc,true
50531,2026-06-08 18:53:21+00,base-usdc-usdfc,true
50532,2026-06-08 18:53:22+00,polygon-usdc-usdfc,true
50533,2026-06-08 19:45:34+00,eth-usdfc,true
50534,2026-06-08 19:45:35+00,fil-usdfc,true
50535,2026-06-08 19:45:36+00,base-usdc-usdfc,true
50536,2026-06-08 19:45:37+00,polygon-usdc-usdfc,true
50537,2026-06-08 20:54:57+00,eth-usdfc,true
50538,2026-06-08 20:54:58+00,fil-usdfc,true
50539,2026-06-08 20:54:59+00,base-usdc-usdfc,true
50540,2026-06-08 20:55:01+00,polygon-usdc-usdfc,true
50541,2026-06-08 21:36:13+00,eth-usdfc,true
50542,2026-06-08 21:36:14+00,fil-usdfc,true
50544,2026-06-08 21:36:15+00,polygon-usdc-usdfc,true
50543,2026-06-08 21:36:15+00,base-usdc-usdfc,true
50545,2026-06-08 22:33:30+00,eth-usdfc,true
50546,2026-06-08 22:33:31+00,fil-usdfc,true
50548,2026-06-08 22:33:32+00,polygon-usdc-usdfc,true
50547,2026-06-08 22:33:32+00,base-usdc-usdfc,true
50549,2026-06-08 23:28:42+00,eth-usdfc,true
50551,2026-06-08 23:28:43+00,base-usdc-usdfc,true
50550,2026-06-08 23:28:43+00,fil-usdfc,true
50552,2026-06-08 23:28:44+00,polygon-usdc-usdfc,true
50553,2026-06-09 00:48:14+00,eth-usdfc,true
50554,2026-06-09 00:48:15+00,fil-usdfc,true
50555,2026-06-09 00:48:16+00,base-usdc-usdfc,true
50556,2026-06-09 00:48:17+00,polygon-usdc-usdfc,true
50557,2026-06-09 01:40:07+00,eth-usdfc,true
50558,2026-06-09 01:40:09+00,fil-usdfc,true
50560,2026-06-09 01:40:10+00,polygon-usdc-usdfc,true
50559,2026-06-09 01:40:10+00,base-usdc-usdfc,true
50561,2026-06-09 03:11:01+00,eth-usdfc,true
50562,2026-06-09 03:11:02+00,fil-usdfc,true
50563,2026-06-09 03:11:03+00,base-usdc-usdfc,true
50564,2026-06-09 03:11:04+00,polygon-usdc-usdfc,true
50565,2026-06-09 05:25:38+00,eth-usdfc,true
50566,2026-06-09 05:25:40+00,fil-usdfc,true
50567,2026-06-09 05:25:41+00,base-usdc-usdfc,true
50568,2026-06-09 05:25:42+00,polygon-usdc-usdfc,true
50569,2026-06-09 07:19:00+00,eth-usdfc,true
50571,2026-06-09 07:19:01+00,base-usdc-usdfc,true
50570,2026-06-09 07:19:01+00,fil-usdfc,true
50572,2026-06-09 07:19:02+00,polygon-usdc-usdfc,true
50574,2026-06-09 09:12:34+00,fil-usdfc,true
50573,2026-06-09 09:12:34+00,eth-usdfc,true
50576,2026-06-09 09:12:35+00,polygon-usdc-usdfc,true
50575,2026-06-09 09:12:35+00,base-usdc-usdfc,true
50578,2026-06-09 11:05:58+00,fil-usdfc,true
50577,2026-06-09 11:05:58+00,eth-usdfc,true
50580,2026-06-09 11:05:59+00,polygon-usdc-usdfc,true
50579,2026-06-09 11:05:59+00,base-usdc-usdfc,true
50581,2026-06-09 13:04:30+00,eth-usdfc,true
50583,2026-06-09 13:04:31+00,base-usdc-usdfc,true
50582,2026-06-09 13:04:31+00,fil-usdfc,true
50584,2026-06-09 13:04:32+00,polygon-usdc-usdfc,true
50587,2026-06-09 15:17:15+00,base-usdc-usdfc,true
50586,2026-06-09 15:17:15+00,fil-usdfc,true
50585,2026-06-09 15:17:15+00,eth-usdfc,true
50588,2026-06-09 15:17:16+00,polygon-usdc-usdfc,true
50589,2026-06-09 16:57:35+00,eth-usdfc,true
50591,2026-06-09 16:57:36+00,base-usdc-usdfc,true
50590,2026-06-09 16:57:36+00,fil-usdfc,true
50592,2026-06-09 16:57:37+00,polygon-usdc-usdfc,true
50593,2026-06-09 17:44:40+00,eth-usdfc,true
50596,2026-06-09 17:44:41+00,polygon-usdc-usdfc,true
50595,2026-06-09 17:44:41+00,base-usdc-usdfc,true
50594,2026-06-09 17:44:41+00,fil-usdfc,true
50598,2026-06-09 18:47:39+00,fil-usdfc,true
50597,2026-06-09 18:47:39+00,eth-usdfc,true
50600,2026-06-09 18:47:40+00,polygon-usdc-usdfc,true
50599,2026-06-09 18:47:40+00,base-usdc-usdfc,true
50601,2026-06-09 19:43:19+00,eth-usdfc,true
50604,2026-06-09 19:43:20+00,polygon-usdc-usdfc,true
50603,2026-06-09 19:43:20+00,base-usdc-usdfc,true
50602,2026-06-09 19:43:20+00,fil-usdfc,true
50605,2026-06-09 20:43:23+00,eth-usdfc,true
50607,2026-06-09 20:43:24+00,base-usdc-usdfc,true
50606,2026-06-09 20:43:24+00,fil-usdfc,true
50608,2026-06-09 20:43:25+00,polygon-usdc-usdfc,true
50611,2026-06-09 21:36:05+00,base-usdc-usdfc,true
50610,2026-06-09 21:36:05+00,fil-usdfc,true
50609,2026-06-09 21:36:05+00,eth-usdfc,true
50612,2026-06-09 21:36:06+00,polygon-usdc-usdfc,true
50614,2026-06-09 22:34:12+00,fil-usdfc,true
50613,2026-06-09 22:34:12+00,eth-usdfc,true
50616,2026-06-09 22:34:13+00,polygon-usdc-usdfc,true
50615,2026-06-09 22:34:13+00,base-usdc-usdfc,true
50617,2026-06-09 23:31:08+00,eth-usdfc,true
50620,2026-06-09 23:31:09+00,polygon-usdc-usdfc,true
50619,2026-06-09 23:31:09+00,base-usdc-usdfc,true
50618,2026-06-09 23:31:09+00,fil-usdfc,true
50622,2026-06-10 00:54:24+00,fil-usdfc,true
50621,2026-06-10 00:54:24+00,eth-usdfc,true
50624,2026-06-10 00:54:25+00,polygon-usdc-usdfc,true
50623,2026-06-10 00:54:25+00,base-usdc-usdfc,true
50625,2026-06-10 01:46:11+00,eth-usdfc,true
50627,2026-06-10 01:46:12+00,base-usdc-usdfc,true
50626,2026-06-10 01:46:12+00,fil-usdfc,true
50628,2026-06-10 01:46:13+00,polygon-usdc-usdfc,true
50631,2026-06-10 03:11:21+00,base-usdc-usdfc,true
50630,2026-06-10 03:11:21+00,fil-usdfc,true
50629,2026-06-10 03:11:21+00,eth-usdfc,true
50632,2026-06-10 03:11:22+00,polygon-usdc-usdfc,true
50634,2026-06-10 05:35:26+00,fil-usdfc,true
50633,2026-06-10 05:35:26+00,eth-usdfc,true
50636,2026-06-10 05:35:27+00,polygon-usdc-usdfc,true
50635,2026-06-10 05:35:27+00,base-usdc-usdfc,true
50638,2026-06-10 07:33:25+00,fil-usdfc,true
50637,2026-06-10 07:33:25+00,eth-usdfc,true
50640,2026-06-10 07:33:26+00,polygon-usdc-usdfc,true
50639,2026-06-10 07:33:26+00,base-usdc-usdfc,true
50642,2026-06-10 09:17:56+00,fil-usdfc,true
50641,2026-06-10 09:17:56+00,eth-usdfc,true
50644,2026-06-10 09:17:57+00,polygon-usdc-usdfc,true
50643,2026-06-10 09:17:57+00,base-usdc-usdfc,true
50646,2026-06-10 11:18:03+00,fil-usdfc,true
50645,2026-06-10 11:18:03+00,eth-usdfc,true
50647,2026-06-10 11:18:04+00,base-usdc-usdfc,true
50648,2026-06-10 11:18:05+00,polygon-usdc-usdfc,true
50649,2026-06-10 13:14:35+00,eth-usdfc,true
50651,2026-06-10 13:14:37+00,base-usdc-usdfc,true
50650,2026-06-10 13:14:37+00,fil-usdfc,true
50652,2026-06-10 13:14:38+00,polygon-usdc-usdfc,true
50653,2026-06-10 15:08:27+00,eth-usdfc,true
50656,2026-06-10 15:08:28+00,polygon-usdc-usdfc,true
50655,2026-06-10 15:08:28+00,base-usdc-usdfc,true
50654,2026-06-10 15:08:28+00,fil-usdfc,true
50657,2026-06-10 17:08:31+00,eth-usdfc,true
50659,2026-06-10 17:08:32+00,base-usdc-usdfc,true
50658,2026-06-10 17:08:32+00,fil-usdfc,true
50660,2026-06-10 17:08:33+00,polygon-usdc-usdfc,true
50663,2026-06-10 18:57:04+00,base-usdc-usdfc,true
50662,2026-06-10 18:57:04+00,fil-usdfc,true
50661,2026-06-10 18:57:04+00,eth-usdfc,true
50664,2026-06-10 18:57:05+00,polygon-usdc-usdfc,true
50666,2026-06-10 19:51:31+00,fil-usdfc,true
50665,2026-06-10 19:51:31+00,eth-usdfc,true
50668,2026-06-10 19:51:32+00,polygon-usdc-usdfc,true
50667,2026-06-10 19:51:32+00,base-usdc-usdfc,true
50669,2026-06-10 20:56:02+00,eth-usdfc,true
50671,2026-06-10 20:56:03+00,base-usdc-usdfc,true
50670,2026-06-10 20:56:03+00,fil-usdfc,true
50672,2026-06-10 20:56:04+00,polygon-usdc-usdfc,true
50673,2026-06-10 21:43:50+00,eth-usdfc,true
50674,2026-06-10 21:43:52+00,fil-usdfc,true
50676,2026-06-10 21:43:55+00,polygon-usdc-usdfc,true
50675,2026-06-10 21:43:55+00,base-usdc-usdfc,true
50677,2026-06-10 22:38:42+00,eth-usdfc,true
50678,2026-06-10 22:38:50+00,fil-usdfc,true
50679,2026-06-10 22:38:57+00,base-usdc-usdfc,true
50680,2026-06-10 22:38:58+00,polygon-usdc-usdfc,true
50681,2026-06-10 23:33:47+00,eth-usdfc,true
50684,2026-06-10 23:33:48+00,polygon-usdc-usdfc,true
50683,2026-06-10 23:33:48+00,base-usdc-usdfc,true
50682,2026-06-10 23:33:48+00,fil-usdfc,true
50686,2026-06-11 00:53:37+00,fil-usdfc,true
50685,2026-06-11 00:53:37+00,eth-usdfc,true
50688,2026-06-11 00:53:38+00,polygon-usdc-usdfc,true
50687,2026-06-11 00:53:38+00,base-usdc-usdfc,true
50689,2026-06-11 01:53:29+00,eth-usdfc,true
50692,2026-06-11 01:53:30+00,polygon-usdc-usdfc,true
50691,2026-06-11 01:53:30+00,base-usdc-usdfc,true
50690,2026-06-11 01:53:30+00,fil-usdfc,true
50694,2026-06-11 03:10:48+00,fil-usdfc,true
50693,2026-06-11 03:10:48+00,eth-usdfc,true
50696,2026-06-11 03:10:49+00,polygon-usdc-usdfc,true
50695,2026-06-11 03:10:49+00,base-usdc-usdfc,true
50698,2026-06-11 05:38:16+00,fil-usdfc,true
50697,2026-06-11 05:38:16+00,eth-usdfc,true
50700,2026-06-11 05:38:17+00,polygon-usdc-usdfc,true
50699,2026-06-11 05:38:17+00,base-usdc-usdfc,true
50702,2026-06-11 07:45:51+00,fil-usdfc,true
50701,2026-06-11 07:45:51+00,eth-usdfc,true
50704,2026-06-11 07:45:52+00,polygon-usdc-usdfc,true
50703,2026-06-11 07:45:52+00,base-usdc-usdfc,true
50705,2026-06-11 09:33:24+00,eth-usdfc,true
50707,2026-06-11 09:33:25+00,base-usdc-usdfc,true
50706,2026-06-11 09:33:25+00,fil-usdfc,true
50708,2026-06-11 09:33:26+00,polygon-usdc-usdfc,true
50710,2026-06-11 11:34:55+00,fil-usdfc,true
50709,2026-06-11 11:34:55+00,eth-usdfc,true
50712,2026-06-11 11:34:56+00,polygon-usdc-usdfc,true
50711,2026-06-11 11:34:56+00,base-usdc-usdfc,true
50713,2026-06-11 13:22:59+00,eth-usdfc,true
50715,2026-06-11 13:23:00+00,base-usdc-usdfc,true
50714,2026-06-11 13:23:00+00,fil-usdfc,true
50716,2026-06-11 13:23:01+00,polygon-usdc-usdfc,true
50717,2026-06-11 15:13:42+00,eth-usdfc,true
50720,2026-06-11 15:13:43+00,polygon-usdc-usdfc,true
50719,2026-06-11 15:13:43+00,base-usdc-usdfc,true
50718,2026-06-11 15:13:43+00,fil-usdfc,true
50721,2026-06-11 17:18:07+00,eth-usdfc,true
50723,2026-06-11 17:18:08+00,base-usdc-usdfc,true
50722,2026-06-11 17:18:08+00,fil-usdfc,true
50724,2026-06-11 17:18:10+00,polygon-usdc-usdfc,true
50725,2026-06-11 19:02:34+00,eth-usdfc,true
50727,2026-06-11 19:02:35+00,base-usdc-usdfc,true
50726,2026-06-11 19:02:35+00,fil-usdfc,true
50728,2026-06-11 19:02:36+00,polygon-usdc-usdfc,true
50729,2026-06-11 20:51:38+00,eth-usdfc,true
50730,2026-06-11 20:51:39+00,fil-usdfc,true
50732,2026-06-11 20:51:40+00,polygon-usdc-usdfc,true
50731,2026-06-11 20:51:40+00,base-usdc-usdfc,true
50733,2026-06-11 21:46:54+00,eth-usdfc,true
50734,2026-06-11 21:46:55+00,fil-usdfc,true
50736,2026-06-11 21:46:56+00,polygon-usdc-usdfc,true
50735,2026-06-11 21:46:56+00,base-usdc-usdfc,true
50737,2026-06-11 22:37:25+00,eth-usdfc,true
50738,2026-06-11 22:37:26+00,fil-usdfc,true
50740,2026-06-11 22:37:27+00,polygon-usdc-usdfc,true
50739,2026-06-11 22:37:27+00,base-usdc-usdfc,true
50741,2026-06-11 23:33:55+00,eth-usdfc,true
50744,2026-06-11 23:33:56+00,polygon-usdc-usdfc,true
50743,2026-06-11 23:33:56+00,base-usdc-usdfc,true
50742,2026-06-11 23:33:56+00,fil-usdfc,true
50745,2026-06-12 00:57:11+00,eth-usdfc,true
50746,2026-06-12 00:57:13+00,fil-usdfc,true
50747,2026-06-12 00:57:14+00,base-usdc-usdfc,true
50748,2026-06-12 00:57:15+00,polygon-usdc-usdfc,true
50749,2026-06-12 01:55:11+00,eth-usdfc,true
50752,2026-06-12 01:55:13+00,polygon-usdc-usdfc,true
50751,2026-06-12 01:55:13+00,base-usdc-usdfc,true
50750,2026-06-12 01:55:13+00,fil-usdfc,true
50753,2026-06-12 03:12:42+00,eth-usdfc,true
50756,2026-06-12 03:12:43+00,polygon-usdc-usdfc,true
50755,2026-06-12 03:12:43+00,base-usdc-usdfc,true
50754,2026-06-12 03:12:43+00,fil-usdfc,true
50758,2026-06-12 05:37:44+00,fil-usdfc,true
50757,2026-06-12 05:37:44+00,eth-usdfc,true
50760,2026-06-12 05:37:45+00,polygon-usdc-usdfc,true
50759,2026-06-12 05:37:45+00,base-usdc-usdfc,true
50763,2026-06-12 07:41:46+00,base-usdc-usdfc,true
50762,2026-06-12 07:41:46+00,fil-usdfc,true
50761,2026-06-12 07:41:46+00,eth-usdfc,true
50764,2026-06-12 07:41:47+00,polygon-usdc-usdfc,true
50766,2026-06-12 09:28:08+00,fil-usdfc,true
50765,2026-06-12 09:28:08+00,eth-usdfc,true
50767,2026-06-12 09:28:09+00,base-usdc-usdfc,true
50768,2026-06-12 09:28:10+00,polygon-usdc-usdfc,true
50769,2026-06-12 11:19:28+00,eth-usdfc,true
50772,2026-06-12 11:19:29+00,polygon-usdc-usdfc,true
50771,2026-06-12 11:19:29+00,base-usdc-usdfc,true
50770,2026-06-12 11:19:29+00,fil-usdfc,true
50774,2026-06-12 13:13:20+00,fil-usdfc,true
50773,2026-06-12 13:13:20+00,eth-usdfc,true
50776,2026-06-12 13:13:21+00,polygon-usdc-usdfc,true
50775,2026-06-12 13:13:21+00,base-usdc-usdfc,true
50777,2026-06-12 15:06:21+00,eth-usdfc,true
50780,2026-06-12 15:06:22+00,polygon-usdc-usdfc,true
50779,2026-06-12 15:06:22+00,base-usdc-usdfc,true
50778,2026-06-12 15:06:22+00,fil-usdfc,true
50781,2026-06-12 17:02:53+00,eth-usdfc,true
50783,2026-06-12 17:02:54+00,base-usdc-usdfc,true
50782,2026-06-12 17:02:54+00,fil-usdfc,true
50784,2026-06-12 17:02:55+00,polygon-usdc-usdfc,true
50787,2026-06-12 18:43:08+00,base-usdc-usdfc,true
50786,2026-06-12 18:43:08+00,fil-usdfc,true
50785,2026-06-12 18:43:08+00,eth-usdfc,true
50788,2026-06-12 18:43:09+00,polygon-usdc-usdfc,true
50789,2026-06-12 19:41:16+00,eth-usdfc,true
50791,2026-06-12 19:41:17+00,base-usdc-usdfc,true
50790,2026-06-12 19:41:17+00,fil-usdfc,true
50792,2026-06-12 19:41:18+00,polygon-usdc-usdfc,true
50793,2026-06-12 20:47:16+00,eth-usdfc,true
50795,2026-06-12 20:47:17+00,base-usdc-usdfc,true
50794,2026-06-12 20:47:17+00,fil-usdfc,true
50796,2026-06-12 20:47:18+00,polygon-usdc-usdfc,true
50798,2026-06-12 21:36:10+00,fil-usdfc,true
50797,2026-06-12 21:36:10+00,eth-usdfc,true
50800,2026-06-12 21:36:11+00,polygon-usdc-usdfc,true
50799,2026-06-12 21:36:11+00,base-usdc-usdfc,true
50803,2026-06-12 22:34:13+00,base-usdc-usdfc,true
50802,2026-06-12 22:34:13+00,fil-usdfc,true
50801,2026-06-12 22:34:13+00,eth-usdfc,true
50804,2026-06-12 22:34:14+00,polygon-usdc-usdfc,true
50805,2026-06-12 23:33:24+00,eth-usdfc,true
50808,2026-06-12 23:33:25+00,polygon-usdc-usdfc,true
50807,2026-06-12 23:33:25+00,base-usdc-usdfc,true
50806,2026-06-12 23:33:25+00,fil-usdfc,true
50809,2026-06-13 00:55:55+00,eth-usdfc,true
50811,2026-06-13 00:55:56+00,base-usdc-usdfc,true
50810,2026-06-13 00:55:56+00,fil-usdfc,true
50812,2026-06-13 00:55:57+00,polygon-usdc-usdfc,true
50814,2026-06-13 01:48:34+00,fil-usdfc,true
50813,2026-06-13 01:48:34+00,eth-usdfc,true
50816,2026-06-13 01:48:35+00,polygon-usdc-usdfc,true
50815,2026-06-13 01:48:35+00,base-usdc-usdfc,true
50818,2026-06-13 03:11:05+00,fil-usdfc,true
50817,2026-06-13 03:11:05+00,eth-usdfc,true
50820,2026-06-13 03:11:06+00,polygon-usdc-usdfc,true
50819,2026-06-13 03:11:06+00,base-usdc-usdfc,true
50821,2026-06-13 05:34:09+00,eth-usdfc,true
50822,2026-06-13 05:34:10+00,fil-usdfc,true
50823,2026-06-13 05:34:11+00,base-usdc-usdfc,true
50824,2026-06-13 05:34:13+00,polygon-usdc-usdfc,true
50826,2026-06-13 07:22:44+00,fil-usdfc,true
50825,2026-06-13 07:22:44+00,eth-usdfc,true
50828,2026-06-13 07:22:45+00,polygon-usdc-usdfc,true
50827,2026-06-13 07:22:45+00,base-usdc-usdfc,true
50829,2026-06-13 09:07:35+00,eth-usdfc,true
50830,2026-06-13 09:07:36+00,fil-usdfc,true
50832,2026-06-13 09:07:37+00,polygon-usdc-usdfc,true
50831,2026-06-13 09:07:37+00,base-usdc-usdfc,true
50833,2026-06-13 10:50:16+00,eth-usdfc,true
50836,2026-06-13 10:50:17+00,polygon-usdc-usdfc,true
50835,2026-06-13 10:50:17+00,base-usdc-usdfc,true
50834,2026-06-13 10:50:17+00,fil-usdfc,true
50838,2026-06-13 11:38:42+00,fil-usdfc,true
50837,2026-06-13 11:38:42+00,eth-usdfc,true
50840,2026-06-13 11:38:43+00,polygon-usdc-usdfc,true
50839,2026-06-13 11:38:43+00,base-usdc-usdfc,true
50841,2026-06-13 12:40:15+00,eth-usdfc,true
50843,2026-06-13 12:40:16+00,base-usdc-usdfc,true
50842,2026-06-13 12:40:16+00,fil-usdfc,true
50844,2026-06-13 12:40:17+00,polygon-usdc-usdfc,true
50845,2026-06-13 13:35:46+00,eth-usdfc,true
50848,2026-06-13 13:35:47+00,polygon-usdc-usdfc,true
50847,2026-06-13 13:35:47+00,base-usdc-usdfc,true
50846,2026-06-13 13:35:47+00,fil-usdfc,true
50849,2026-06-13 14:46:18+00,eth-usdfc,true
50852,2026-06-13 14:46:19+00,polygon-usdc-usdfc,true
50851,2026-06-13 14:46:19+00,base-usdc-usdfc,true
50850,2026-06-13 14:46:19+00,fil-usdfc,true
50853,2026-06-13 15:35:42+00,eth-usdfc,true
50856,2026-06-13 15:35:43+00,polygon-usdc-usdfc,true
50855,2026-06-13 15:35:43+00,base-usdc-usdfc,true
50854,2026-06-13 15:35:43+00,fil-usdfc,true
50857,2026-06-13 16:33:12+00,eth-usdfc,true
50859,2026-06-13 16:33:13+00,base-usdc-usdfc,true
50858,2026-06-13 16:33:13+00,fil-usdfc,true
50860,2026-06-13 16:33:15+00,polygon-usdc-usdfc,true
50863,2026-06-13 17:32:27+00,base-usdc-usdfc,true
50862,2026-06-13 17:32:27+00,fil-usdfc,true
50861,2026-06-13 17:32:27+00,eth-usdfc,true
50864,2026-06-13 17:32:28+00,polygon-usdc-usdfc,true
50865,2026-06-13 18:32:42+00,eth-usdfc,true
50867,2026-06-13 18:32:43+00,base-usdc-usdfc,true
50866,2026-06-13 18:32:43+00,fil-usdfc,true
50868,2026-06-13 18:32:44+00,polygon-usdc-usdfc,true
50870,2026-06-13 19:33:27+00,fil-usdfc,true
50869,2026-06-13 19:33:27+00,eth-usdfc,true
50871,2026-06-13 19:33:28+00,base-usdc-usdfc,true
50872,2026-06-13 19:33:29+00,polygon-usdc-usdfc,true
50875,2026-06-13 20:31:10+00,base-usdc-usdfc,true
50874,2026-06-13 20:31:10+00,fil-usdfc,true
50873,2026-06-13 20:31:10+00,eth-usdfc,true
50876,2026-06-13 20:31:11+00,polygon-usdc-usdfc,true
50879,2026-06-13 21:30:06+00,base-usdc-usdfc,true
50878,2026-06-13 21:30:06+00,fil-usdfc,true
50877,2026-06-13 21:30:06+00,eth-usdfc,true
50880,2026-06-13 21:30:07+00,polygon-usdc-usdfc,true
50881,2026-06-13 22:25:31+00,eth-usdfc,true
50884,2026-06-13 22:25:32+00,polygon-usdc-usdfc,true
50883,2026-06-13 22:25:32+00,base-usdc-usdfc,true
50882,2026-06-13 22:25:32+00,fil-usdfc,true
50885,2026-06-13 23:27:25+00,eth-usdfc,true
50887,2026-06-13 23:27:26+00,base-usdc-usdfc,true
50886,2026-06-13 23:27:26+00,fil-usdfc,true
50888,2026-06-13 23:27:27+00,polygon-usdc-usdfc,true
50890,2026-06-14 00:56:06+00,fil-usdfc,true
50889,2026-06-14 00:56:06+00,eth-usdfc,true
50892,2026-06-14 00:56:08+00,polygon-usdc-usdfc,true
50891,2026-06-14 00:56:08+00,base-usdc-usdfc,true
50893,2026-06-14 01:52:48+00,eth-usdfc,true
50895,2026-06-14 01:52:49+00,base-usdc-usdfc,true
50894,2026-06-14 01:52:49+00,fil-usdfc,true
50896,2026-06-14 01:52:50+00,polygon-usdc-usdfc,true
50898,2026-06-14 03:13:20+00,fil-usdfc,true
50897,2026-06-14 03:13:20+00,eth-usdfc,true
50900,2026-06-14 03:13:21+00,polygon-usdc-usdfc,true
50899,2026-06-14 03:13:21+00,base-usdc-usdfc,true
50901,2026-06-14 05:37:27+00,eth-usdfc,true
50903,2026-06-14 05:37:28+00,base-usdc-usdfc,true
50902,2026-06-14 05:37:28+00,fil-usdfc,true
50904,2026-06-14 05:37:29+00,polygon-usdc-usdfc,true
50905,2026-06-14 07:39:57+00,eth-usdfc,true
50907,2026-06-14 07:39:58+00,base-usdc-usdfc,true
50906,2026-06-14 07:39:58+00,fil-usdfc,true
50908,2026-06-14 07:39:59+00,polygon-usdc-usdfc,true
50909,2026-06-14 09:08:57+00,eth-usdfc,true
50912,2026-06-14 09:08:58+00,polygon-usdc-usdfc,true
50911,2026-06-14 09:08:58+00,base-usdc-usdfc,true
50910,2026-06-14 09:08:58+00,fil-usdfc,true
50913,2026-06-14 11:00:48+00,eth-usdfc,true
50914,2026-06-14 11:00:49+00,fil-usdfc,true
50916,2026-06-14 11:00:50+00,polygon-usdc-usdfc,true
50915,2026-06-14 11:00:50+00,base-usdc-usdfc,true
50917,2026-06-14 12:43:01+00,eth-usdfc,true
50920,2026-06-14 12:43:02+00,polygon-usdc-usdfc,true
50919,2026-06-14 12:43:02+00,base-usdc-usdfc,true
50918,2026-06-14 12:43:02+00,fil-usdfc,true
50921,2026-06-14 13:35:16+00,eth-usdfc,true
50922,2026-06-14 13:35:17+00,fil-usdfc,true
50924,2026-06-14 13:35:18+00,polygon-usdc-usdfc,true
50923,2026-06-14 13:35:18+00,base-usdc-usdfc,true
50925,2026-06-14 14:48:28+00,eth-usdfc,true
50927,2026-06-14 14:48:29+00,base-usdc-usdfc,true
50926,2026-06-14 14:48:29+00,fil-usdfc,true
50928,2026-06-14 14:48:30+00,polygon-usdc-usdfc,true
50929,2026-06-14 15:35:46+00,eth-usdfc,true
50931,2026-06-14 15:35:47+00,base-usdc-usdfc,true
50930,2026-06-14 15:35:47+00,fil-usdfc,true
50932,2026-06-14 15:35:48+00,polygon-usdc-usdfc,true
50933,2026-06-14 16:34:33+00,eth-usdfc,true
50936,2026-06-14 16:34:34+00,polygon-usdc-usdfc,true
50935,2026-06-14 16:34:34+00,base-usdc-usdfc,true
50934,2026-06-14 16:34:34+00,fil-usdfc,true
50937,2026-06-14 17:31:08+00,eth-usdfc,true
50940,2026-06-14 17:31:10+00,polygon-usdc-usdfc,true
50939,2026-06-14 17:31:10+00,base-usdc-usdfc,true
50938,2026-06-14 17:31:10+00,fil-usdfc,true
50941,2026-06-14 18:33:18+00,eth-usdfc,true
50942,2026-06-14 18:33:19+00,fil-usdfc,true
50944,2026-06-14 18:33:20+00,polygon-usdc-usdfc,true
50943,2026-06-14 18:33:20+00,base-usdc-usdfc,true
50946,2026-06-14 19:33:49+00,fil-usdfc,true
50945,2026-06-14 19:33:49+00,eth-usdfc,true
50948,2026-06-14 19:33:50+00,polygon-usdc-usdfc,true
50947,2026-06-14 19:33:50+00,base-usdc-usdfc,true
50949,2026-06-14 20:31:23+00,eth-usdfc,true
50952,2026-06-14 20:31:24+00,polygon-usdc-usdfc,true
50951,2026-06-14 20:31:24+00,base-usdc-usdfc,true
50950,2026-06-14 20:31:24+00,fil-usdfc,true
50954,2026-06-14 21:30:21+00,fil-usdfc,true
50953,2026-06-14 21:30:21+00,eth-usdfc,true
50956,2026-06-14 21:30:22+00,polygon-usdc-usdfc,true
50955,2026-06-14 21:30:22+00,base-usdc-usdfc,true
50957,2026-06-14 22:27:58+00,eth-usdfc,true
50958,2026-06-14 22:27:59+00,fil-usdfc,true
50959,2026-06-14 22:28:00+00,base-usdc-usdfc,true
50960,2026-06-14 22:28:01+00,polygon-usdc-usdfc,true
50961,2026-06-14 23:30:12+00,eth-usdfc,true
50964,2026-06-14 23:30:13+00,polygon-usdc-usdfc,true
50963,2026-06-14 23:30:13+00,base-usdc-usdfc,true
50962,2026-06-14 23:30:13+00,fil-usdfc,true
50966,2026-06-15 00:57:50+00,fil-usdfc,true
50965,2026-06-15 00:57:50+00,eth-usdfc,true
50968,2026-06-15 00:57:51+00,polygon-usdc-usdfc,true
50967,2026-06-15 00:57:51+00,base-usdc-usdfc,true
50969,2026-06-15 01:57:33+00,eth-usdfc,true
50970,2026-06-15 01:57:34+00,fil-usdfc,true
50972,2026-06-15 01:57:35+00,polygon-usdc-usdfc,true
50971,2026-06-15 01:57:35+00,base-usdc-usdfc,true
50973,2026-06-15 03:24:28+00,eth-usdfc,true
50976,2026-06-15 03:24:29+00,polygon-usdc-usdfc,true
50975,2026-06-15 03:24:29+00,base-usdc-usdfc,true
50974,2026-06-15 03:24:29+00,fil-usdfc,true
50977,2026-06-15 05:51:40+00,eth-usdfc,true
50978,2026-06-15 05:51:41+00,fil-usdfc,true
50979,2026-06-15 05:51:42+00,base-usdc-usdfc,true
50980,2026-06-15 05:51:43+00,polygon-usdc-usdfc,true
50981,2026-06-15 08:05:25+00,eth-usdfc,true
50984,2026-06-15 08:05:26+00,polygon-usdc-usdfc,true
50983,2026-06-15 08:05:26+00,base-usdc-usdfc,true
50982,2026-06-15 08:05:26+00,fil-usdfc,true
50985,2026-06-15 11:07:23+00,eth-usdfc,true
50987,2026-06-15 11:07:24+00,base-usdc-usdfc,true
50986,2026-06-15 11:07:24+00,fil-usdfc,true
50988,2026-06-15 11:07:25+00,polygon-usdc-usdfc,true
50989,2026-06-15 14:11:17+00,eth-usdfc,true
50991,2026-06-15 14:11:18+00,base-usdc-usdfc,true
50990,2026-06-15 14:11:18+00,fil-usdfc,true
50992,2026-06-15 14:11:19+00,polygon-usdc-usdfc,true
50993,2026-06-15 16:39:00+00,eth-usdfc,true
50994,2026-06-15 16:39:01+00,fil-usdfc,true
50996,2026-06-15 16:39:02+00,polygon-usdc-usdfc,true
50995,2026-06-15 16:39:02+00,base-usdc-usdfc,true
50997,2026-06-15 18:33:12+00,eth-usdfc,true
50998,2026-06-15 18:33:13+00,fil-usdfc,true
50999,2026-06-15 18:33:14+00,base-usdc-usdfc,true
51000,2026-06-15 18:33:15+00,polygon-usdc-usdfc,true
51001,2026-06-15 20:10:54+00,eth-usdfc,true
51004,2026-06-15 20:10:55+00,polygon-usdc-usdfc,true
51003,2026-06-15 20:10:55+00,base-usdc-usdfc,true
51002,2026-06-15 20:10:55+00,fil-usdfc,true
51005,2026-06-15 21:53:03+00,eth-usdfc,true
51007,2026-06-15 21:53:04+00,base-usdc-usdfc,true
51006,2026-06-15 21:53:04+00,fil-usdfc,true
51008,2026-06-15 21:53:05+00,polygon-usdc-usdfc,true
51009,2026-06-15 22:43:03+00,eth-usdfc,true
51012,2026-06-15 22:43:04+00,polygon-usdc-usdfc,true
51011,2026-06-15 22:43:04+00,base-usdc-usdfc,true
51010,2026-06-15 22:43:04+00,fil-usdfc,true
51013,2026-06-15 23:36:05+00,eth-usdfc,true
51016,2026-06-15 23:36:06+00,polygon-usdc-usdfc,true
51015,2026-06-15 23:36:06+00,base-usdc-usdfc,true
51014,2026-06-15 23:36:06+00,fil-usdfc,true
51017,2026-06-16 01:02:53+00,eth-usdfc,true
51018,2026-06-16 01:02:54+00,fil-usdfc,true
51019,2026-06-16 01:02:55+00,base-usdc-usdfc,true
51020,2026-06-16 01:02:56+00,polygon-usdc-usdfc,true
51021,2026-06-16 03:12:51+00,eth-usdfc,true
51024,2026-06-16 03:12:52+00,polygon-usdc-usdfc,true
51023,2026-06-16 03:12:52+00,base-usdc-usdfc,true
51022,2026-06-16 03:12:52+00,fil-usdfc,true
51025,2026-06-16 05:53:41+00,eth-usdfc,true
51027,2026-06-16 05:53:42+00,base-usdc-usdfc,true
51026,2026-06-16 05:53:42+00,fil-usdfc,true
51028,2026-06-16 05:53:43+00,polygon-usdc-usdfc,true
51030,2026-06-16 08:02:10+00,fil-usdfc,true
51029,2026-06-16 08:02:10+00,eth-usdfc,true
51032,2026-06-16 08:02:11+00,polygon-usdc-usdfc,true
51031,2026-06-16 08:02:11+00,base-usdc-usdfc,true
51033,2026-06-16 10:38:39+00,eth-usdfc,true
51035,2026-06-16 10:38:40+00,base-usdc-usdfc,true
51034,2026-06-16 10:38:40+00,fil-usdfc,true
51036,2026-06-16 10:38:41+00,polygon-usdc-usdfc,true
51037,2026-06-16 12:36:45+00,eth-usdfc,true
51040,2026-06-16 12:36:46+00,polygon-usdc-usdfc,true
51039,2026-06-16 12:36:46+00,base-usdc-usdfc,true
51038,2026-06-16 12:36:46+00,fil-usdfc,true
51041,2026-06-16 14:38:40+00,eth-usdfc,true
51043,2026-06-16 14:38:41+00,base-usdc-usdfc,true
51042,2026-06-16 14:38:41+00,fil-usdfc,true
51044,2026-06-16 14:38:42+00,polygon-usdc-usdfc,true
51045,2026-06-16 16:34:04+00,eth-usdfc,true
51048,2026-06-16 16:34:05+00,polygon-usdc-usdfc,true
51047,2026-06-16 16:34:05+00,base-usdc-usdfc,true
51046,2026-06-16 16:34:05+00,fil-usdfc,true
51049,2026-06-16 18:31:41+00,eth-usdfc,true
51051,2026-06-16 18:31:42+00,base-usdc-usdfc,true
51050,2026-06-16 18:31:42+00,fil-usdfc,true
51052,2026-06-16 18:31:43+00,polygon-usdc-usdfc,true
51053,2026-06-16 20:04:13+00,eth-usdfc,true
51055,2026-06-16 20:04:15+00,base-usdc-usdfc,true
51054,2026-06-16 20:04:15+00,fil-usdfc,true
51056,2026-06-16 20:04:16+00,polygon-usdc-usdfc,true
51057,2026-06-16 21:51:40+00,eth-usdfc,true
51059,2026-06-16 21:51:41+00,base-usdc-usdfc,true
51058,2026-06-16 21:51:41+00,fil-usdfc,true
51060,2026-06-16 21:51:42+00,polygon-usdc-usdfc,true
51063,2026-06-16 22:39:42+00,base-usdc-usdfc,true
51062,2026-06-16 22:39:42+00,fil-usdfc,true
51061,2026-06-16 22:39:42+00,eth-usdfc,true
51064,2026-06-16 22:39:43+00,polygon-usdc-usdfc,true
51065,2026-06-16 23:33:35+00,eth-usdfc,true
51068,2026-06-16 23:33:36+00,polygon-usdc-usdfc,true
51067,2026-06-16 23:33:36+00,base-usdc-usdfc,true
51066,2026-06-16 23:33:36+00,fil-usdfc,true
51069,2026-06-17 00:57:07+00,eth-usdfc,true
51071,2026-06-17 00:57:08+00,base-usdc-usdfc,true
51070,2026-06-17 00:57:08+00,fil-usdfc,true
51072,2026-06-17 00:57:09+00,polygon-usdc-usdfc,true
51073,2026-06-17 01:57:04+00,eth-usdfc,true
51076,2026-06-17 01:57:05+00,polygon-usdc-usdfc,true
51075,2026-06-17 01:57:05+00,base-usdc-usdfc,true
51074,2026-06-17 01:57:05+00,fil-usdfc,true
51078,2026-06-17 03:22:25+00,fil-usdfc,true
51077,2026-06-17 03:22:25+00,eth-usdfc,true
51080,2026-06-17 03:22:26+00,polygon-usdc-usdfc,true
51079,2026-06-17 03:22:26+00,base-usdc-usdfc,true
51081,2026-06-17 05:42:53+00,eth-usdfc,true
51083,2026-06-17 05:42:54+00,base-usdc-usdfc,true
51082,2026-06-17 05:42:54+00,fil-usdfc,true
51084,2026-06-17 05:42:55+00,polygon-usdc-usdfc,true
51085,2026-06-17 07:55:31+00,eth-usdfc,true
51088,2026-06-17 07:55:32+00,polygon-usdc-usdfc,true
51087,2026-06-17 07:55:32+00,base-usdc-usdfc,true
51086,2026-06-17 07:55:32+00,fil-usdfc,true
51089,2026-06-17 09:44:00+00,eth-usdfc,true
51090,2026-06-17 09:44:01+00,fil-usdfc,true
51092,2026-06-17 09:44:02+00,polygon-usdc-usdfc,true
51091,2026-06-17 09:44:02+00,base-usdc-usdfc,true
51095,2026-06-17 11:36:43+00,base-usdc-usdfc,true
51094,2026-06-17 11:36:43+00,fil-usdfc,true
51093,2026-06-17 11:36:43+00,eth-usdfc,true
51096,2026-06-17 11:36:44+00,polygon-usdc-usdfc,true
51097,2026-06-17 13:19:50+00,eth-usdfc,true
51099,2026-06-17 13:19:51+00,base-usdc-usdfc,true
51098,2026-06-17 13:19:51+00,fil-usdfc,true
51100,2026-06-17 13:19:52+00,polygon-usdc-usdfc,true
51103,2026-06-17 15:07:49+00,base-usdc-usdfc,true
51102,2026-06-17 15:07:49+00,fil-usdfc,true
51101,2026-06-17 15:07:49+00,eth-usdfc,true
51104,2026-06-17 15:07:50+00,polygon-usdc-usdfc,true
51105,2026-06-17 17:05:19+00,eth-usdfc,true
51106,2026-06-17 17:05:20+00,fil-usdfc,true
51108,2026-06-17 17:05:21+00,polygon-usdc-usdfc,true
51107,2026-06-17 17:05:21+00,base-usdc-usdfc,true
51109,2026-06-17 18:52:58+00,eth-usdfc,true
51112,2026-06-17 18:52:59+00,polygon-usdc-usdfc,true
51111,2026-06-17 18:52:59+00,base-usdc-usdfc,true
51110,2026-06-17 18:52:59+00,fil-usdfc,true
51115,2026-06-17 19:43:52+00,base-usdc-usdfc,true
51114,2026-06-17 19:43:52+00,fil-usdfc,true
51113,2026-06-17 19:43:52+00,eth-usdfc,true
51116,2026-06-17 19:43:53+00,polygon-usdc-usdfc,true
51117,2026-06-17 21:40:48+00,eth-usdfc,true
51120,2026-06-17 21:40:49+00,polygon-usdc-usdfc,true
51119,2026-06-17 21:40:49+00,base-usdc-usdfc,true
51118,2026-06-17 21:40:49+00,fil-usdfc,true
51121,2026-06-17 22:36:03+00,eth-usdfc,true
51124,2026-06-17 22:36:04+00,polygon-usdc-usdfc,true
51123,2026-06-17 22:36:04+00,base-usdc-usdfc,true
51122,2026-06-17 22:36:04+00,fil-usdfc,true
51125,2026-06-17 23:34:39+00,eth-usdfc,true
51128,2026-06-17 23:34:40+00,polygon-usdc-usdfc,true
51127,2026-06-17 23:34:40+00,base-usdc-usdfc,true
51126,2026-06-17 23:34:40+00,fil-usdfc,true
51130,2026-06-18 00:56:36+00,fil-usdfc,true
51129,2026-06-18 00:56:36+00,eth-usdfc,true
51132,2026-06-18 00:56:37+00,polygon-usdc-usdfc,true
51131,2026-06-18 00:56:37+00,base-usdc-usdfc,true
51135,2026-06-18 01:57:21+00,base-usdc-usdfc,true
51134,2026-06-18 01:57:21+00,fil-usdfc,true
51133,2026-06-18 01:57:21+00,eth-usdfc,true
51136,2026-06-18 01:57:22+00,polygon-usdc-usdfc,true
51138,2026-06-18 03:21:26+00,fil-usdfc,true
51137,2026-06-18 03:21:26+00,eth-usdfc,true
51140,2026-06-18 03:21:27+00,polygon-usdc-usdfc,true
51139,2026-06-18 03:21:27+00,base-usdc-usdfc,true
51142,2026-06-18 05:39:12+00,fil-usdfc,true
51141,2026-06-18 05:39:12+00,eth-usdfc,true
51144,2026-06-18 05:39:13+00,polygon-usdc-usdfc,true
51143,2026-06-18 05:39:13+00,base-usdc-usdfc,true
51147,2026-06-18 07:45:53+00,base-usdc-usdfc,true
51146,2026-06-18 07:45:53+00,fil-usdfc,true
51145,2026-06-18 07:45:53+00,eth-usdfc,true
51148,2026-06-18 07:45:54+00,polygon-usdc-usdfc,true
51149,2026-06-18 09:33:51+00,eth-usdfc,true
51150,2026-06-18 09:33:52+00,fil-usdfc,true
51152,2026-06-18 09:33:53+00,polygon-usdc-usdfc,true
51151,2026-06-18 09:33:53+00,base-usdc-usdfc,true
51154,2026-06-18 11:25:24+00,fil-usdfc,true
51153,2026-06-18 11:25:24+00,eth-usdfc,true
51156,2026-06-18 11:25:25+00,polygon-usdc-usdfc,true
51155,2026-06-18 11:25:25+00,base-usdc-usdfc,true
51157,2026-06-18 13:14:01+00,eth-usdfc,true
51159,2026-06-18 13:14:02+00,base-usdc-usdfc,true
51158,2026-06-18 13:14:02+00,fil-usdfc,true
51160,2026-06-18 13:14:03+00,polygon-usdc-usdfc,true
51162,2026-06-18 15:10:25+00,fil-usdfc,true
51161,2026-06-18 15:10:25+00,eth-usdfc,true
51164,2026-06-18 15:10:26+00,polygon-usdc-usdfc,true
51163,2026-06-18 15:10:26+00,base-usdc-usdfc,true
51166,2026-06-18 17:06:35+00,fil-usdfc,true
51165,2026-06-18 17:06:35+00,eth-usdfc,true
51168,2026-06-18 17:06:36+00,polygon-usdc-usdfc,true
51167,2026-06-18 17:06:36+00,base-usdc-usdfc,true
51169,2026-06-18 18:51:23+00,eth-usdfc,true
51172,2026-06-18 18:51:24+00,polygon-usdc-usdfc,true
51171,2026-06-18 18:51:24+00,base-usdc-usdfc,true
51170,2026-06-18 18:51:24+00,fil-usdfc,true
51174,2026-06-18 19:45:34+00,fil-usdfc,true
51173,2026-06-18 19:45:34+00,eth-usdfc,true
51176,2026-06-18 19:45:35+00,polygon-usdc-usdfc,true
51175,2026-06-18 19:45:35+00,base-usdc-usdfc,true
51178,2026-06-18 20:52:19+00,fil-usdfc,true
51177,2026-06-18 20:52:19+00,eth-usdfc,true
51179,2026-06-18 20:52:20+00,base-usdc-usdfc,true
51180,2026-06-18 20:52:21+00,polygon-usdc-usdfc,true
51182,2026-06-18 21:43:25+00,fil-usdfc,true
51181,2026-06-18 21:43:25+00,eth-usdfc,true
51184,2026-06-18 21:43:26+00,polygon-usdc-usdfc,true
51183,2026-06-18 21:43:26+00,base-usdc-usdfc,true
51185,2026-06-18 22:41:18+00,eth-usdfc,true
51188,2026-06-18 22:41:19+00,polygon-usdc-usdfc,true
51187,2026-06-18 22:41:19+00,base-usdc-usdfc,true
51186,2026-06-18 22:41:19+00,fil-usdfc,true
51189,2026-06-18 23:35:43+00,eth-usdfc,true
51192,2026-06-18 23:35:44+00,polygon-usdc-usdfc,true
51191,2026-06-18 23:35:44+00,base-usdc-usdfc,true
51190,2026-06-18 23:35:44+00,fil-usdfc,true
51193,2026-06-19 01:01:43+00,eth-usdfc,true
51195,2026-06-19 01:01:44+00,base-usdc-usdfc,true
51194,2026-06-19 01:01:44+00,fil-usdfc,true
51196,2026-06-19 01:01:45+00,polygon-usdc-usdfc,true
51198,2026-06-19 03:12:40+00,fil-usdfc,true
51197,2026-06-19 03:12:40+00,eth-usdfc,true
51200,2026-06-19 03:12:41+00,polygon-usdc-usdfc,true
51199,2026-06-19 03:12:41+00,base-usdc-usdfc,true
51201,2026-06-19 05:46:17+00,eth-usdfc,true
51202,2026-06-19 05:46:18+00,fil-usdfc,true
51204,2026-06-19 05:46:19+00,polygon-usdc-usdfc,true
51203,2026-06-19 05:46:19+00,base-usdc-usdfc,true
51206,2026-06-19 07:56:20+00,fil-usdfc,true
51205,2026-06-19 07:56:20+00,eth-usdfc,true
51208,2026-06-19 07:56:21+00,polygon-usdc-usdfc,true
51207,2026-06-19 07:56:21+00,base-usdc-usdfc,true
51209,2026-06-19 09:42:21+00,eth-usdfc,true
51211,2026-06-19 09:42:22+00,base-usdc-usdfc,true
51210,2026-06-19 09:42:22+00,fil-usdfc,true
51212,2026-06-19 09:42:23+00,polygon-usdc-usdfc,true
51213,2026-06-19 11:34:34+00,eth-usdfc,true
51215,2026-06-19 11:34:35+00,base-usdc-usdfc,true
51214,2026-06-19 11:34:35+00,fil-usdfc,true
51216,2026-06-19 11:34:36+00,polygon-usdc-usdfc,true
51217,2026-06-19 13:15:01+00,eth-usdfc,true
51218,2026-06-19 13:15:02+00,fil-usdfc,true
51220,2026-06-19 13:15:03+00,polygon-usdc-usdfc,true
51219,2026-06-19 13:15:03+00,base-usdc-usdfc,true
51221,2026-06-19 15:04:41+00,eth-usdfc,true
51224,2026-06-19 15:04:42+00,polygon-usdc-usdfc,true
51223,2026-06-19 15:04:42+00,base-usdc-usdfc,true
51222,2026-06-19 15:04:42+00,fil-usdfc,true
51225,2026-06-19 16:51:10+00,eth-usdfc,true
51227,2026-06-19 16:51:12+00,base-usdc-usdfc,true
51226,2026-06-19 16:51:12+00,fil-usdfc,true
51228,2026-06-19 16:51:13+00,polygon-usdc-usdfc,true
51232,2026-06-19 17:38:18+00,polygon-usdc-usdfc,true
51231,2026-06-19 17:38:18+00,base-usdc-usdfc,true
51230,2026-06-19 17:38:18+00,fil-usdfc,true
51229,2026-06-19 17:38:18+00,eth-usdfc,true
51235,2026-06-19 18:40:17+00,base-usdc-usdfc,true
51234,2026-06-19 18:40:17+00,fil-usdfc,true
51233,2026-06-19 18:40:17+00,eth-usdfc,true
51236,2026-06-19 18:40:18+00,polygon-usdc-usdfc,true
51237,2026-06-19 19:35:11+00,eth-usdfc,true
51240,2026-06-19 19:35:12+00,polygon-usdc-usdfc,true
51239,2026-06-19 19:35:12+00,base-usdc-usdfc,true
51238,2026-06-19 19:35:12+00,fil-usdfc,true
51241,2026-06-19 20:34:09+00,eth-usdfc,true
51242,2026-06-19 20:34:10+00,fil-usdfc,true
51244,2026-06-19 20:34:11+00,polygon-usdc-usdfc,true
51243,2026-06-19 20:34:11+00,base-usdc-usdfc,true
51245,2026-06-19 21:27:41+00,eth-usdfc,true
51247,2026-06-19 21:27:42+00,base-usdc-usdfc,true
51246,2026-06-19 21:27:42+00,fil-usdfc,true
51248,2026-06-19 21:27:43+00,polygon-usdc-usdfc,true
51249,2026-06-19 22:22:52+00,eth-usdfc,true
51252,2026-06-19 22:22:53+00,polygon-usdc-usdfc,true
51251,2026-06-19 22:22:53+00,base-usdc-usdfc,true
51250,2026-06-19 22:22:53+00,fil-usdfc,true
51254,2026-06-19 23:25:28+00,fil-usdfc,true
51253,2026-06-19 23:25:28+00,eth-usdfc,true
51256,2026-06-19 23:25:29+00,polygon-usdc-usdfc,true
51255,2026-06-19 23:25:29+00,base-usdc-usdfc,true
51258,2026-06-20 00:52:02+00,fil-usdfc,true
51257,2026-06-20 00:52:02+00,eth-usdfc,true
51260,2026-06-20 00:52:03+00,polygon-usdc-usdfc,true
51259,2026-06-20 00:52:03+00,base-usdc-usdfc,true
51262,2026-06-20 01:45:37+00,fil-usdfc,true
51261,2026-06-20 01:45:37+00,eth-usdfc,true
51264,2026-06-20 01:45:38+00,polygon-usdc-usdfc,true
51263,2026-06-20 01:45:38+00,base-usdc-usdfc,true
51266,2026-06-20 03:10:52+00,fil-usdfc,true
51265,2026-06-20 03:10:52+00,eth-usdfc,true
51268,2026-06-20 03:10:53+00,polygon-usdc-usdfc,true
51267,2026-06-20 03:10:53+00,base-usdc-usdfc,true
51269,2026-06-20 05:32:52+00,eth-usdfc,true
51271,2026-06-20 05:32:53+00,base-usdc-usdfc,true
51270,2026-06-20 05:32:53+00,fil-usdfc,true
51272,2026-06-20 05:32:54+00,polygon-usdc-usdfc,true
51273,2026-06-20 07:24:03+00,eth-usdfc,true
51276,2026-06-20 07:24:04+00,polygon-usdc-usdfc,true
51275,2026-06-20 07:24:04+00,base-usdc-usdfc,true
51274,2026-06-20 07:24:04+00,fil-usdfc,true
51277,2026-06-20 09:06:50+00,eth-usdfc,true
51279,2026-06-20 09:06:51+00,base-usdc-usdfc,true
51278,2026-06-20 09:06:51+00,fil-usdfc,true
51280,2026-06-20 09:06:52+00,polygon-usdc-usdfc,true
51282,2026-06-20 10:50:21+00,fil-usdfc,true
51281,2026-06-20 10:50:21+00,eth-usdfc,true
51284,2026-06-20 10:50:22+00,polygon-usdc-usdfc,true
51283,2026-06-20 10:50:22+00,base-usdc-usdfc,true
51286,2026-06-20 11:40:30+00,fil-usdfc,true
51285,2026-06-20 11:40:30+00,eth-usdfc,true
51288,2026-06-20 11:40:31+00,polygon-usdc-usdfc,true
51287,2026-06-20 11:40:31+00,base-usdc-usdfc,true
51290,2026-06-20 12:40:44+00,fil-usdfc,true
51289,2026-06-20 12:40:44+00,eth-usdfc,true
51291,2026-06-20 12:40:45+00,base-usdc-usdfc,true
51292,2026-06-20 12:40:46+00,polygon-usdc-usdfc,true
51293,2026-06-20 13:35:51+00,eth-usdfc,true
51296,2026-06-20 13:35:52+00,polygon-usdc-usdfc,true
51295,2026-06-20 13:35:52+00,base-usdc-usdfc,true
51294,2026-06-20 13:35:52+00,fil-usdfc,true
51297,2026-06-20 14:48:42+00,eth-usdfc,true
51300,2026-06-20 14:48:43+00,polygon-usdc-usdfc,true
51299,2026-06-20 14:48:43+00,base-usdc-usdfc,true
51298,2026-06-20 14:48:43+00,fil-usdfc,true
51301,2026-06-20 15:35:51+00,eth-usdfc,true
51304,2026-06-20 15:35:52+00,polygon-usdc-usdfc,true
51303,2026-06-20 15:35:52+00,base-usdc-usdfc,true
51302,2026-06-20 15:35:52+00,fil-usdfc,true
51305,2026-06-20 16:34:37+00,eth-usdfc,true
51307,2026-06-20 16:34:38+00,base-usdc-usdfc,true
51306,2026-06-20 16:34:38+00,fil-usdfc,true
51308,2026-06-20 16:34:39+00,polygon-usdc-usdfc,true
51309,2026-06-20 17:32:57+00,eth-usdfc,true
51312,2026-06-20 17:32:58+00,polygon-usdc-usdfc,true
51311,2026-06-20 17:32:58+00,base-usdc-usdfc,true
51310,2026-06-20 17:32:58+00,fil-usdfc,true
51313,2026-06-20 18:33:26+00,eth-usdfc,true
51316,2026-06-20 18:33:27+00,polygon-usdc-usdfc,true
51315,2026-06-20 18:33:27+00,base-usdc-usdfc,true
51314,2026-06-20 18:33:27+00,fil-usdfc,true
51317,2026-06-20 19:33:06+00,eth-usdfc,true
51320,2026-06-20 19:33:07+00,polygon-usdc-usdfc,true
51319,2026-06-20 19:33:07+00,base-usdc-usdfc,true
51318,2026-06-20 19:33:07+00,fil-usdfc,true
51322,2026-06-20 20:31:11+00,fil-usdfc,true
51321,2026-06-20 20:31:11+00,eth-usdfc,true
51323,2026-06-20 20:31:12+00,base-usdc-usdfc,true
51324,2026-06-20 20:31:13+00,polygon-usdc-usdfc,true
51326,2026-06-20 21:30:59+00,fil-usdfc,true
51325,2026-06-20 21:30:59+00,eth-usdfc,true
51328,2026-06-20 21:31:00+00,polygon-usdc-usdfc,true
51327,2026-06-20 21:31:00+00,base-usdc-usdfc,true
51331,2026-06-20 22:28:31+00,base-usdc-usdfc,true
51330,2026-06-20 22:28:31+00,fil-usdfc,true
51329,2026-06-20 22:28:31+00,eth-usdfc,true
51332,2026-06-20 22:28:32+00,polygon-usdc-usdfc,true
51335,2026-06-20 23:29:42+00,base-usdc-usdfc,true
51334,2026-06-20 23:29:42+00,fil-usdfc,true
51333,2026-06-20 23:29:42+00,eth-usdfc,true
51336,2026-06-20 23:29:43+00,polygon-usdc-usdfc,true
51339,2026-06-21 00:57:29+00,base-usdc-usdfc,true
51338,2026-06-21 00:57:29+00,fil-usdfc,true
51337,2026-06-21 00:57:29+00,eth-usdfc,true
51340,2026-06-21 00:57:30+00,polygon-usdc-usdfc,true
51343,2026-06-21 01:56:09+00,base-usdc-usdfc,true
51342,2026-06-21 01:56:09+00,fil-usdfc,true
51341,2026-06-21 01:56:09+00,eth-usdfc,true
51344,2026-06-21 01:56:10+00,polygon-usdc-usdfc,true
51345,2026-06-21 03:18:48+00,eth-usdfc,true
51348,2026-06-21 03:18:49+00,polygon-usdc-usdfc,true
51347,2026-06-21 03:18:49+00,base-usdc-usdfc,true
51346,2026-06-21 03:18:49+00,fil-usdfc,true
51349,2026-06-21 05:40:05+00,eth-usdfc,true
51351,2026-06-21 05:40:06+00,base-usdc-usdfc,true
51350,2026-06-21 05:40:06+00,fil-usdfc,true
51352,2026-06-21 05:40:07+00,polygon-usdc-usdfc,true
51354,2026-06-21 07:42:23+00,fil-usdfc,true
51353,2026-06-21 07:42:23+00,eth-usdfc,true
51356,2026-06-21 07:42:24+00,polygon-usdc-usdfc,true
51355,2026-06-21 07:42:24+00,base-usdc-usdfc,true
51357,2026-06-21 09:18:42+00,eth-usdfc,true
51358,2026-06-21 09:18:43+00,fil-usdfc,true
51359,2026-06-21 09:18:44+00,base-usdc-usdfc,true
51360,2026-06-21 09:18:45+00,polygon-usdc-usdfc,true
51363,2026-06-21 11:05:55+00,base-usdc-usdfc,true
51362,2026-06-21 11:05:55+00,fil-usdfc,true
51361,2026-06-21 11:05:55+00,eth-usdfc,true
51364,2026-06-21 11:05:56+00,polygon-usdc-usdfc,true
51366,2026-06-21 12:43:56+00,fil-usdfc,true
51365,2026-06-21 12:43:56+00,eth-usdfc,true
51367,2026-06-21 12:43:57+00,base-usdc-usdfc,true
51368,2026-06-21 12:43:58+00,polygon-usdc-usdfc,true
51369,2026-06-21 13:36:12+00,eth-usdfc,true
51372,2026-06-21 13:36:13+00,polygon-usdc-usdfc,true
51371,2026-06-21 13:36:13+00,base-usdc-usdfc,true
51370,2026-06-21 13:36:13+00,fil-usdfc,true
51373,2026-06-21 14:48:49+00,eth-usdfc,true
51375,2026-06-21 14:48:50+00,base-usdc-usdfc,true
51374,2026-06-21 14:48:50+00,fil-usdfc,true
51376,2026-06-21 14:48:51+00,polygon-usdc-usdfc,true
51379,2026-06-21 15:37:03+00,base-usdc-usdfc,true
51378,2026-06-21 15:37:03+00,fil-usdfc,true
51377,2026-06-21 15:37:03+00,eth-usdfc,true
51380,2026-06-21 15:37:04+00,polygon-usdc-usdfc,true
51381,2026-06-21 16:35:37+00,eth-usdfc,true
51383,2026-06-21 16:35:38+00,base-usdc-usdfc,true
51382,2026-06-21 16:35:38+00,fil-usdfc,true
51384,2026-06-21 16:35:39+00,polygon-usdc-usdfc,true
51385,2026-06-21 17:33:28+00,eth-usdfc,true
51388,2026-06-21 17:33:29+00,polygon-usdc-usdfc,true
51387,2026-06-21 17:33:29+00,base-usdc-usdfc,true
51386,2026-06-21 17:33:29+00,fil-usdfc,true
51389,2026-06-21 18:35:13+00,eth-usdfc,true
51391,2026-06-21 18:35:15+00,base-usdc-usdfc,true
51390,2026-06-21 18:35:15+00,fil-usdfc,true
51392,2026-06-21 18:35:16+00,polygon-usdc-usdfc,true
51395,2026-06-21 19:33:39+00,base-usdc-usdfc,true
51394,2026-06-21 19:33:39+00,fil-usdfc,true
51393,2026-06-21 19:33:39+00,eth-usdfc,true
51396,2026-06-21 19:33:40+00,polygon-usdc-usdfc,true
51397,2026-06-21 20:34:30+00,eth-usdfc,true
51399,2026-06-21 20:34:31+00,base-usdc-usdfc,true
51398,2026-06-21 20:34:31+00,fil-usdfc,true
51400,2026-06-21 20:34:32+00,polygon-usdc-usdfc,true
51401,2026-06-21 21:31:23+00,eth-usdfc,true
51404,2026-06-21 21:31:24+00,polygon-usdc-usdfc,true
51403,2026-06-21 21:31:24+00,base-usdc-usdfc,true
51402,2026-06-21 21:31:24+00,fil-usdfc,true
51407,2026-06-21 22:28:53+00,base-usdc-usdfc,true
51406,2026-06-21 22:28:53+00,fil-usdfc,true
51405,2026-06-21 22:28:53+00,eth-usdfc,true
51408,2026-06-21 22:28:54+00,polygon-usdc-usdfc,true
51409,2026-06-21 23:32:04+00,eth-usdfc,true
51412,2026-06-21 23:32:05+00,polygon-usdc-usdfc,true
51411,2026-06-21 23:32:05+00,base-usdc-usdfc,true
51410,2026-06-21 23:32:05+00,fil-usdfc,true
51414,2026-06-22 00:56:47+00,fil-usdfc,true
51413,2026-06-22 00:56:47+00,eth-usdfc,true
51416,2026-06-22 00:56:48+00,polygon-usdc-usdfc,true
51415,2026-06-22 00:56:48+00,base-usdc-usdfc,true
51418,2026-06-22 01:58:01+00,fil-usdfc,true
51417,2026-06-22 01:58:01+00,eth-usdfc,true
51420,2026-06-22 01:58:02+00,polygon-usdc-usdfc,true
51419,2026-06-22 01:58:02+00,base-usdc-usdfc,true
51421,2026-06-22 03:24:07+00,eth-usdfc,true
51422,2026-06-22 03:24:18+00,fil-usdfc,true
51423,2026-06-22 03:24:21+00,base-usdc-usdfc,true
51424,2026-06-22 03:24:26+00,polygon-usdc-usdfc,true
51425,2026-06-22 05:53:04+00,eth-usdfc,true
51426,2026-06-22 05:53:05+00,fil-usdfc,true
51427,2026-06-22 05:53:06+00,base-usdc-usdfc,true
51428,2026-06-22 05:53:07+00,polygon-usdc-usdfc,true
51429,2026-06-22 08:07:17+00,eth-usdfc,true
51432,2026-06-22 08:07:18+00,polygon-usdc-usdfc,true
51431,2026-06-22 08:07:18+00,base-usdc-usdfc,true
51430,2026-06-22 08:07:18+00,fil-usdfc,true
51433,2026-06-22 13:01:51+00,eth-usdfc,true
51434,2026-06-22 13:01:57+00,fil-usdfc,true
51435,2026-06-22 13:02:02+00,base-usdc-usdfc,true
51436,2026-06-22 13:02:13+00,polygon-usdc-usdfc,true
51437,2026-06-22 15:41:32+00,eth-usdfc,true
51439,2026-06-22 15:41:33+00,base-usdc-usdfc,true
51438,2026-06-22 15:41:33+00,fil-usdfc,true
51440,2026-06-22 15:41:34+00,polygon-usdc-usdfc,true
51441,2026-06-22 17:34:10+00,eth-usdfc,true
51444,2026-06-22 17:34:11+00,polygon-usdc-usdfc,true
51443,2026-06-22 17:34:11+00,base-usdc-usdfc,true
51442,2026-06-22 17:34:11+00,fil-usdfc,true
51446,2026-06-22 19:08:55+00,fil-usdfc,true
51445,2026-06-22 19:08:55+00,eth-usdfc,true
51448,2026-06-22 19:08:56+00,polygon-usdc-usdfc,true
51447,2026-06-22 19:08:56+00,base-usdc-usdfc,true
51450,2026-06-22 21:03:22+00,fil-usdfc,true
51449,2026-06-22 21:03:22+00,eth-usdfc,true
51452,2026-06-22 21:03:23+00,polygon-usdc-usdfc,true
51451,2026-06-22 21:03:23+00,base-usdc-usdfc,true
51453,2026-06-22 22:35:52+00,eth-usdfc,true
51456,2026-06-22 22:35:53+00,polygon-usdc-usdfc,true
51455,2026-06-22 22:35:53+00,base-usdc-usdfc,true
51454,2026-06-22 22:35:53+00,fil-usdfc,true
51457,2026-06-22 23:32:20+00,eth-usdfc,true
51460,2026-06-22 23:32:21+00,polygon-usdc-usdfc,true
51459,2026-06-22 23:32:21+00,base-usdc-usdfc,true
51458,2026-06-22 23:32:21+00,fil-usdfc,true
51461,2026-06-23 00:49:51+00,eth-usdfc,true
51463,2026-06-23 00:49:52+00,base-usdc-usdfc,true
51462,2026-06-23 00:49:52+00,fil-usdfc,true
51464,2026-06-23 00:49:53+00,polygon-usdc-usdfc,true
51465,2026-06-23 01:43:08+00,eth-usdfc,true
51468,2026-06-23 01:43:10+00,polygon-usdc-usdfc,true
51467,2026-06-23 01:43:10+00,base-usdc-usdfc,true
51466,2026-06-23 01:43:10+00,fil-usdfc,true
51470,2026-06-23 03:10:30+00,fil-usdfc,true
51469,2026-06-23 03:10:30+00,eth-usdfc,true
51472,2026-06-23 03:10:31+00,polygon-usdc-usdfc,true
51471,2026-06-23 03:10:31+00,base-usdc-usdfc,true
51473,2026-06-23 05:24:11+00,eth-usdfc,true
51475,2026-06-23 05:24:12+00,base-usdc-usdfc,true
51474,2026-06-23 05:24:12+00,fil-usdfc,true
51476,2026-06-23 05:24:14+00,polygon-usdc-usdfc,true
51479,2026-06-23 07:19:24+00,base-usdc-usdfc,true
51478,2026-06-23 07:19:24+00,fil-usdfc,true
51477,2026-06-23 07:19:24+00,eth-usdfc,true
51480,2026-06-23 07:19:25+00,polygon-usdc-usdfc,true
51481,2026-06-23 09:11:41+00,eth-usdfc,true
51483,2026-06-23 09:11:42+00,base-usdc-usdfc,true
51482,2026-06-23 09:11:42+00,fil-usdfc,true
51484,2026-06-23 09:11:43+00,polygon-usdc-usdfc,true
51487,2026-06-23 11:05:25+00,base-usdc-usdfc,true
51486,2026-06-23 11:05:25+00,fil-usdfc,true
51485,2026-06-23 11:05:25+00,eth-usdfc,true
51488,2026-06-23 11:05:26+00,polygon-usdc-usdfc,true
51489,2026-06-23 13:01:43+00,eth-usdfc,true
51491,2026-06-23 13:01:44+00,base-usdc-usdfc,true
51490,2026-06-23 13:01:44+00,fil-usdfc,true
51492,2026-06-23 13:01:45+00,polygon-usdc-usdfc,true
51493,2026-06-23 15:03:54+00,eth-usdfc,true
51496,2026-06-23 15:03:55+00,polygon-usdc-usdfc,true
51495,2026-06-23 15:03:55+00,base-usdc-usdfc,true
51494,2026-06-23 15:03:55+00,fil-usdfc,true
51497,2026-06-23 16:51:55+00,eth-usdfc,true
51500,2026-06-23 16:51:56+00,polygon-usdc-usdfc,true
51499,2026-06-23 16:51:56+00,base-usdc-usdfc,true
51498,2026-06-23 16:51:56+00,fil-usdfc,true
51501,2026-06-23 17:37:38+00,eth-usdfc,true
51503,2026-06-23 17:37:39+00,base-usdc-usdfc,true
51502,2026-06-23 17:37:39+00,fil-usdfc,true
51504,2026-06-23 17:37:40+00,polygon-usdc-usdfc,true
51506,2026-06-23 18:45:36+00,fil-usdfc,true
51505,2026-06-23 18:45:36+00,eth-usdfc,true
51508,2026-06-23 18:45:37+00,polygon-usdc-usdfc,true
51507,2026-06-23 18:45:37+00,base-usdc-usdfc,true
51510,2026-06-23 19:38:26+00,fil-usdfc,true
51509,2026-06-23 19:38:26+00,eth-usdfc,true
51512,2026-06-23 19:38:27+00,polygon-usdc-usdfc,true
51511,2026-06-23 19:38:27+00,base-usdc-usdfc,true
51513,2026-06-23 20:46:17+00,eth-usdfc,true
51514,2026-06-23 20:46:18+00,fil-usdfc,true
51516,2026-06-23 20:46:19+00,polygon-usdc-usdfc,true
51515,2026-06-23 20:46:19+00,base-usdc-usdfc,true
51517,2026-06-23 21:35:20+00,eth-usdfc,true
51520,2026-06-23 21:35:22+00,polygon-usdc-usdfc,true
51519,2026-06-23 21:35:22+00,base-usdc-usdfc,true
51518,2026-06-23 21:35:22+00,fil-usdfc,true
51522,2026-06-23 22:29:20+00,fil-usdfc,true
51521,2026-06-23 22:29:20+00,eth-usdfc,true
51524,2026-06-23 22:29:21+00,polygon-usdc-usdfc,true
51523,2026-06-23 22:29:21+00,base-usdc-usdfc,true
51526,2026-06-23 23:26:39+00,fil-usdfc,true
51525,2026-06-23 23:26:39+00,eth-usdfc,true
51528,2026-06-23 23:26:40+00,polygon-usdc-usdfc,true
51527,2026-06-23 23:26:40+00,base-usdc-usdfc,true
51529,2026-06-24 01:41:22+00,eth-usdfc,true
51532,2026-06-24 01:41:23+00,polygon-usdc-usdfc,true
51531,2026-06-24 01:41:23+00,base-usdc-usdfc,true
51530,2026-06-24 01:41:23+00,fil-usdfc,true
51534,2026-06-24 03:10:36+00,fil-usdfc,true
51533,2026-06-24 03:10:36+00,eth-usdfc,true
51536,2026-06-24 03:10:37+00,polygon-usdc-usdfc,true
51535,2026-06-24 03:10:37+00,base-usdc-usdfc,true
51537,2026-06-24 05:23:08+00,eth-usdfc,true
51539,2026-06-24 05:23:09+00,base-usdc-usdfc,true
51538,2026-06-24 05:23:09+00,fil-usdfc,true
51540,2026-06-24 05:23:10+00,polygon-usdc-usdfc,true
51541,2026-06-24 07:15:33+00,eth-usdfc,true
51543,2026-06-24 07:15:34+00,base-usdc-usdfc,true
51542,2026-06-24 07:15:34+00,fil-usdfc,true
51544,2026-06-24 07:15:35+00,polygon-usdc-usdfc,true
51545,2026-06-24 09:10:06+00,eth-usdfc,true
51548,2026-06-24 09:10:07+00,polygon-usdc-usdfc,true
51547,2026-06-24 09:10:07+00,base-usdc-usdfc,true
51546,2026-06-24 09:10:07+00,fil-usdfc,true
51549,2026-06-24 11:03:50+00,eth-usdfc,true
51551,2026-06-24 11:03:51+00,base-usdc-usdfc,true
51550,2026-06-24 11:03:51+00,fil-usdfc,true
51552,2026-06-24 11:03:52+00,polygon-usdc-usdfc,true
51553,2026-06-24 12:48:34+00,eth-usdfc,true
51555,2026-06-24 12:48:35+00,base-usdc-usdfc,true
51554,2026-06-24 12:48:35+00,fil-usdfc,true
51556,2026-06-24 12:48:36+00,polygon-usdc-usdfc,true
51558,2026-06-24 13:45:07+00,fil-usdfc,true
51557,2026-06-24 13:45:07+00,eth-usdfc,true
51560,2026-06-24 13:45:08+00,polygon-usdc-usdfc,true
51559,2026-06-24 13:45:08+00,base-usdc-usdfc,true
51562,2026-06-24 14:59:36+00,fil-usdfc,true
51561,2026-06-24 14:59:36+00,eth-usdfc,true
51564,2026-06-24 14:59:37+00,polygon-usdc-usdfc,true
51563,2026-06-24 14:59:37+00,base-usdc-usdfc,true
51565,2026-06-24 15:52:09+00,eth-usdfc,true
51566,2026-06-24 15:52:10+00,fil-usdfc,true
51568,2026-06-24 15:52:11+00,polygon-usdc-usdfc,true
51567,2026-06-24 15:52:11+00,base-usdc-usdfc,true
51570,2026-06-24 16:47:10+00,fil-usdfc,true
51569,2026-06-24 16:47:10+00,eth-usdfc,true
51572,2026-06-24 16:47:11+00,polygon-usdc-usdfc,true
51571,2026-06-24 16:47:11+00,base-usdc-usdfc,true
51573,2026-06-24 17:39:18+00,eth-usdfc,true
51576,2026-06-24 17:39:19+00,polygon-usdc-usdfc,true
51575,2026-06-24 17:39:19+00,base-usdc-usdfc,true
51574,2026-06-24 17:39:19+00,fil-usdfc,true
51577,2026-06-24 18:38:35+00,eth-usdfc,true
51579,2026-06-24 18:38:36+00,base-usdc-usdfc,true
51578,2026-06-24 18:38:36+00,fil-usdfc,true
51580,2026-06-24 18:38:37+00,polygon-usdc-usdfc,true
51582,2026-06-24 19:34:24+00,fil-usdfc,true
51581,2026-06-24 19:34:24+00,eth-usdfc,true
51584,2026-06-24 19:34:25+00,polygon-usdc-usdfc,true
51583,2026-06-24 19:34:25+00,base-usdc-usdfc,true
51585,2026-06-24 20:37:11+00,eth-usdfc,true
51587,2026-06-24 20:37:12+00,base-usdc-usdfc,true
51586,2026-06-24 20:37:12+00,fil-usdfc,true
51588,2026-06-24 20:37:13+00,polygon-usdc-usdfc,true
51589,2026-06-24 21:32:30+00,eth-usdfc,true
51592,2026-06-24 21:32:31+00,polygon-usdc-usdfc,true
51591,2026-06-24 21:32:31+00,base-usdc-usdfc,true
51590,2026-06-24 21:32:31+00,fil-usdfc,true
51594,2026-06-24 22:30:23+00,fil-usdfc,true
51593,2026-06-24 22:30:23+00,eth-usdfc,true
51595,2026-06-24 22:30:24+00,base-usdc-usdfc,true
51596,2026-06-24 22:30:25+00,polygon-usdc-usdfc,true
51597,2026-06-24 23:27:55+00,eth-usdfc,true
51600,2026-06-24 23:27:56+00,polygon-usdc-usdfc,true
51599,2026-06-24 23:27:56+00,base-usdc-usdfc,true
51598,2026-06-24 23:27:56+00,fil-usdfc,true
51602,2026-06-25 00:50:32+00,fil-usdfc,true
51601,2026-06-25 00:50:32+00,eth-usdfc,true
51604,2026-06-25 00:50:33+00,polygon-usdc-usdfc,true
51603,2026-06-25 00:50:33+00,base-usdc-usdfc,true
51607,2026-06-25 01:44:40+00,base-usdc-usdfc,true
51606,2026-06-25 01:44:40+00,fil-usdfc,true
51605,2026-06-25 01:44:40+00,eth-usdfc,true
51608,2026-06-25 01:44:41+00,polygon-usdc-usdfc,true
51609,2026-06-25 03:10:51+00,eth-usdfc,true
51612,2026-06-25 03:10:52+00,polygon-usdc-usdfc,true
51611,2026-06-25 03:10:52+00,base-usdc-usdfc,true
51610,2026-06-25 03:10:52+00,fil-usdfc,true
51613,2026-06-25 05:24:09+00,eth-usdfc,true
51614,2026-06-25 05:24:10+00,fil-usdfc,true
51615,2026-06-25 05:24:11+00,base-usdc-usdfc,true
51616,2026-06-25 05:24:12+00,polygon-usdc-usdfc,true
51619,2026-06-25 07:16:05+00,base-usdc-usdfc,true
51618,2026-06-25 07:16:05+00,fil-usdfc,true
51617,2026-06-25 07:16:05+00,eth-usdfc,true
51620,2026-06-25 07:16:06+00,polygon-usdc-usdfc,true
51623,2026-06-25 09:09:50+00,base-usdc-usdfc,true
51622,2026-06-25 09:09:50+00,fil-usdfc,true
51621,2026-06-25 09:09:50+00,eth-usdfc,true
51624,2026-06-25 09:09:51+00,polygon-usdc-usdfc,true
51625,2026-06-25 10:59:30+00,eth-usdfc,true
51628,2026-06-25 10:59:31+00,polygon-usdc-usdfc,true
51627,2026-06-25 10:59:31+00,base-usdc-usdfc,true
51626,2026-06-25 10:59:31+00,fil-usdfc,true
51631,2026-06-25 11:58:28+00,base-usdc-usdfc,true
51630,2026-06-25 11:58:28+00,fil-usdfc,true
51629,2026-06-25 11:58:28+00,eth-usdfc,true
51632,2026-06-25 11:58:29+00,polygon-usdc-usdfc,true
51635,2026-06-25 13:00:17+00,base-usdc-usdfc,true
51634,2026-06-25 13:00:17+00,fil-usdfc,true
51633,2026-06-25 13:00:17+00,eth-usdfc,true
51636,2026-06-25 13:00:18+00,polygon-usdc-usdfc,true
51637,2026-06-25 15:01:52+00,eth-usdfc,true
51638,2026-06-25 15:01:53+00,fil-usdfc,true
51640,2026-06-25 15:01:54+00,polygon-usdc-usdfc,true
51639,2026-06-25 15:01:54+00,base-usdc-usdfc,true
51642,2026-06-25 16:48:35+00,fil-usdfc,true
51641,2026-06-25 16:48:35+00,eth-usdfc,true
51644,2026-06-25 16:48:36+00,polygon-usdc-usdfc,true
51643,2026-06-25 16:48:36+00,base-usdc-usdfc,true
51647,2026-06-25 17:50:23+00,base-usdc-usdfc,true
51646,2026-06-25 17:50:23+00,fil-usdfc,true
51645,2026-06-25 17:50:23+00,eth-usdfc,true
51648,2026-06-25 17:50:24+00,polygon-usdc-usdfc,true
51649,2026-06-25 18:48:14+00,eth-usdfc,true
51652,2026-06-25 18:48:15+00,polygon-usdc-usdfc,true
51651,2026-06-25 18:48:15+00,base-usdc-usdfc,true
51650,2026-06-25 18:48:15+00,fil-usdfc,true
51653,2026-06-25 19:36:09+00,eth-usdfc,true
51656,2026-06-25 19:36:10+00,polygon-usdc-usdfc,true
51655,2026-06-25 19:36:10+00,base-usdc-usdfc,true
51654,2026-06-25 19:36:10+00,fil-usdfc,true
51658,2026-06-25 20:42:26+00,fil-usdfc,true
51657,2026-06-25 20:42:26+00,eth-usdfc,true
51660,2026-06-25 20:42:27+00,polygon-usdc-usdfc,true
51659,2026-06-25 20:42:27+00,base-usdc-usdfc,true
51662,2026-06-25 21:34:33+00,fil-usdfc,true
51661,2026-06-25 21:34:33+00,eth-usdfc,true
51664,2026-06-25 21:34:34+00,polygon-usdc-usdfc,true
51663,2026-06-25 21:34:34+00,base-usdc-usdfc,true
51665,2026-06-25 22:33:19+00,eth-usdfc,true
51667,2026-06-25 22:33:20+00,base-usdc-usdfc,true
51666,2026-06-25 22:33:20+00,fil-usdfc,true
51668,2026-06-25 22:33:21+00,polygon-usdc-usdfc,true
51671,2026-06-25 23:31:15+00,base-usdc-usdfc,true
51670,2026-06-25 23:31:15+00,fil-usdfc,true
51669,2026-06-25 23:31:15+00,eth-usdfc,true
51672,2026-06-25 23:31:16+00,polygon-usdc-usdfc,true
51673,2026-06-26 00:52:13+00,eth-usdfc,true
51674,2026-06-26 00:52:14+00,fil-usdfc,true
51676,2026-06-26 00:52:15+00,polygon-usdc-usdfc,true
51675,2026-06-26 00:52:15+00,base-usdc-usdfc,true
51677,2026-06-26 01:46:34+00,eth-usdfc,true
51679,2026-06-26 01:46:35+00,base-usdc-usdfc,true
51678,2026-06-26 01:46:35+00,fil-usdfc,true
51680,2026-06-26 01:46:36+00,polygon-usdc-usdfc,true
51682,2026-06-26 03:11:35+00,fil-usdfc,true
51681,2026-06-26 03:11:35+00,eth-usdfc,true
51684,2026-06-26 03:11:36+00,polygon-usdc-usdfc,true
51683,2026-06-26 03:11:36+00,base-usdc-usdfc,true
51685,2026-06-26 05:29:05+00,eth-usdfc,true
51687,2026-06-26 05:29:06+00,base-usdc-usdfc,true
51686,2026-06-26 05:29:06+00,fil-usdfc,true
51688,2026-06-26 05:29:07+00,polygon-usdc-usdfc,true
51689,2026-06-26 07:22:05+00,eth-usdfc,true
51692,2026-06-26 07:22:06+00,polygon-usdc-usdfc,true
51691,2026-06-26 07:22:06+00,base-usdc-usdfc,true
51690,2026-06-26 07:22:06+00,fil-usdfc,true
51693,2026-06-26 09:09:36+00,eth-usdfc,true
51695,2026-06-26 09:09:37+00,base-usdc-usdfc,true
51694,2026-06-26 09:09:37+00,fil-usdfc,true
51696,2026-06-26 09:09:38+00,polygon-usdc-usdfc,true
51697,2026-06-26 11:03:17+00,eth-usdfc,true
51700,2026-06-26 11:03:18+00,polygon-usdc-usdfc,true
51699,2026-06-26 11:03:18+00,base-usdc-usdfc,true
51698,2026-06-26 11:03:18+00,fil-usdfc,true
51701,2026-06-26 12:47:42+00,eth-usdfc,true
51703,2026-06-26 12:47:43+00,base-usdc-usdfc,true
51702,2026-06-26 12:47:43+00,fil-usdfc,true
51704,2026-06-26 12:47:44+00,polygon-usdc-usdfc,true
51705,2026-06-26 13:42:40+00,eth-usdfc,true
51708,2026-06-26 13:42:41+00,polygon-usdc-usdfc,true
51707,2026-06-26 13:42:41+00,base-usdc-usdfc,true
51706,2026-06-26 13:42:41+00,fil-usdfc,true
51710,2026-06-26 14:57:02+00,fil-usdfc,true
51709,2026-06-26 14:57:02+00,eth-usdfc,true
51712,2026-06-26 14:57:03+00,polygon-usdc-usdfc,true
51711,2026-06-26 14:57:03+00,base-usdc-usdfc,true
51713,2026-06-26 15:51:27+00,eth-usdfc,true
51715,2026-06-26 15:51:28+00,base-usdc-usdfc,true
51714,2026-06-26 15:51:28+00,fil-usdfc,true
51716,2026-06-26 15:51:29+00,polygon-usdc-usdfc,true
51717,2026-06-26 16:43:03+00,eth-usdfc,true
51720,2026-06-26 16:43:04+00,polygon-usdc-usdfc,true
51719,2026-06-26 16:43:04+00,base-usdc-usdfc,true
51718,2026-06-26 16:43:04+00,fil-usdfc,true
51721,2026-06-26 17:35:59+00,eth-usdfc,true
51723,2026-06-26 17:36:00+00,base-usdc-usdfc,true
51722,2026-06-26 17:36:00+00,fil-usdfc,true
51724,2026-06-26 17:36:01+00,polygon-usdc-usdfc,true
51726,2026-06-26 18:40:07+00,fil-usdfc,true
51725,2026-06-26 18:40:07+00,eth-usdfc,true
51728,2026-06-26 18:40:08+00,polygon-usdc-usdfc,true
51727,2026-06-26 18:40:08+00,base-usdc-usdfc,true
51729,2026-06-26 19:34:52+00,eth-usdfc,true
51731,2026-06-26 19:34:53+00,base-usdc-usdfc,true
51730,2026-06-26 19:34:53+00,fil-usdfc,true
51732,2026-06-26 19:34:54+00,polygon-usdc-usdfc,true
51735,2026-06-26 20:36:41+00,base-usdc-usdfc,true
51734,2026-06-26 20:36:41+00,fil-usdfc,true
51733,2026-06-26 20:36:41+00,eth-usdfc,true
51736,2026-06-26 20:36:42+00,polygon-usdc-usdfc,true
51739,2026-06-26 21:31:54+00,base-usdc-usdfc,true
51738,2026-06-26 21:31:54+00,fil-usdfc,true
51737,2026-06-26 21:31:54+00,eth-usdfc,true
51740,2026-06-26 21:31:55+00,polygon-usdc-usdfc,true
51744,2026-06-26 22:28:31+00,polygon-usdc-usdfc,true
51743,2026-06-26 22:28:31+00,base-usdc-usdfc,true
51742,2026-06-26 22:28:31+00,fil-usdfc,true
51741,2026-06-26 22:28:31+00,eth-usdfc,true
51745,2026-06-26 23:28:26+00,eth-usdfc,true
51747,2026-06-26 23:28:27+00,base-usdc-usdfc,true
51746,2026-06-26 23:28:27+00,fil-usdfc,true
51748,2026-06-26 23:28:28+00,polygon-usdc-usdfc,true
51750,2026-06-27 00:49:19+00,fil-usdfc,true
51749,2026-06-27 00:49:19+00,eth-usdfc,true
51752,2026-06-27 00:49:20+00,polygon-usdc-usdfc,true
51751,2026-06-27 00:49:20+00,base-usdc-usdfc,true
51754,2026-06-27 01:41:50+00,fil-usdfc,true
51753,2026-06-27 01:41:50+00,eth-usdfc,true
51756,2026-06-27 01:41:51+00,polygon-usdc-usdfc,true
51755,2026-06-27 01:41:51+00,base-usdc-usdfc,true
51758,2026-06-27 03:09:52+00,fil-usdfc,true
51757,2026-06-27 03:09:52+00,eth-usdfc,true
51759,2026-06-27 03:09:53+00,base-usdc-usdfc,true
51760,2026-06-27 03:09:54+00,polygon-usdc-usdfc,true
51761,2026-06-27 05:20:11+00,eth-usdfc,true
51763,2026-06-27 05:20:12+00,base-usdc-usdfc,true
51762,2026-06-27 05:20:12+00,fil-usdfc,true
51764,2026-06-27 05:20:14+00,polygon-usdc-usdfc,true
51766,2026-06-27 07:08:47+00,fil-usdfc,true
51765,2026-06-27 07:08:47+00,eth-usdfc,true
51768,2026-06-27 07:08:48+00,polygon-usdc-usdfc,true
51767,2026-06-27 07:08:48+00,base-usdc-usdfc,true
51769,2026-06-27 08:58:22+00,eth-usdfc,true
51772,2026-06-27 08:58:23+00,polygon-usdc-usdfc,true
51771,2026-06-27 08:58:23+00,base-usdc-usdfc,true
51770,2026-06-27 08:58:23+00,fil-usdfc,true
51775,2026-06-27 09:48:19+00,base-usdc-usdfc,true
51774,2026-06-27 09:48:19+00,fil-usdfc,true
51773,2026-06-27 09:48:19+00,eth-usdfc,true
51776,2026-06-27 09:48:20+00,polygon-usdc-usdfc,true
51777,2026-06-27 10:41:49+00,eth-usdfc,true
51779,2026-06-27 10:41:50+00,base-usdc-usdfc,true
51778,2026-06-27 10:41:50+00,fil-usdfc,true
51780,2026-06-27 10:41:51+00,polygon-usdc-usdfc,true
51782,2026-06-27 11:32:46+00,fil-usdfc,true
51781,2026-06-27 11:32:46+00,eth-usdfc,true
51784,2026-06-27 11:32:47+00,polygon-usdc-usdfc,true
51783,2026-06-27 11:32:47+00,base-usdc-usdfc,true
51785,2026-06-27 12:31:10+00,eth-usdfc,true
51787,2026-06-27 12:31:11+00,base-usdc-usdfc,true
51786,2026-06-27 12:31:11+00,fil-usdfc,true
51788,2026-06-27 12:31:12+00,polygon-usdc-usdfc,true
51792,2026-06-27 13:33:57+00,polygon-usdc-usdfc,true
51791,2026-06-27 13:33:57+00,base-usdc-usdfc,true
51790,2026-06-27 13:33:57+00,fil-usdfc,true
51789,2026-06-27 13:33:57+00,eth-usdfc,true
51793,2026-06-27 14:34:28+00,eth-usdfc,true
51795,2026-06-27 14:34:29+00,base-usdc-usdfc,true
51794,2026-06-27 14:34:29+00,fil-usdfc,true
51796,2026-06-27 14:34:30+00,polygon-usdc-usdfc,true
51797,2026-06-27 15:29:19+00,eth-usdfc,true
51800,2026-06-27 15:29:20+00,polygon-usdc-usdfc,true
51799,2026-06-27 15:29:20+00,base-usdc-usdfc,true
51798,2026-06-27 15:29:20+00,fil-usdfc,true
51802,2026-06-27 16:26:25+00,fil-usdfc,true
51801,2026-06-27 16:26:25+00,eth-usdfc,true
51804,2026-06-27 16:26:26+00,polygon-usdc-usdfc,true
51803,2026-06-27 16:26:26+00,base-usdc-usdfc,true
51805,2026-06-27 17:25:57+00,eth-usdfc,true
51808,2026-06-27 17:25:58+00,polygon-usdc-usdfc,true
51807,2026-06-27 17:25:58+00,base-usdc-usdfc,true
51806,2026-06-27 17:25:58+00,fil-usdfc,true
51809,2026-06-27 18:28:06+00,eth-usdfc,true
51811,2026-06-27 18:28:07+00,base-usdc-usdfc,true
51810,2026-06-27 18:28:07+00,fil-usdfc,true
51812,2026-06-27 18:28:08+00,polygon-usdc-usdfc,true
51813,2026-06-27 19:31:51+00,eth-usdfc,true
51816,2026-06-27 19:31:52+00,polygon-usdc-usdfc,true
51815,2026-06-27 19:31:52+00,base-usdc-usdfc,true
51814,2026-06-27 19:31:52+00,fil-usdfc,true
51820,2026-06-27 20:26:08+00,polygon-usdc-usdfc,true
51819,2026-06-27 20:26:08+00,base-usdc-usdfc,true
51818,2026-06-27 20:26:08+00,fil-usdfc,true
51817,2026-06-27 20:26:08+00,eth-usdfc,true
51821,2026-06-27 21:25:42+00,eth-usdfc,true
51824,2026-06-27 21:25:43+00,polygon-usdc-usdfc,true
51823,2026-06-27 21:25:43+00,base-usdc-usdfc,true
51822,2026-06-27 21:25:43+00,fil-usdfc,true
51825,2026-06-27 22:24:57+00,eth-usdfc,true
51827,2026-06-27 22:24:58+00,base-usdc-usdfc,true
51826,2026-06-27 22:24:58+00,fil-usdfc,true
51828,2026-06-27 22:24:59+00,polygon-usdc-usdfc,true
51829,2026-06-27 23:24:31+00,eth-usdfc,true
51832,2026-06-27 23:24:32+00,polygon-usdc-usdfc,true
51831,2026-06-27 23:24:32+00,base-usdc-usdfc,true
51830,2026-06-27 23:24:32+00,fil-usdfc,true
51833,2026-06-28 01:45:21+00,eth-usdfc,true
51834,2026-06-28 01:45:47+00,fil-usdfc,true
51835,2026-06-28 01:45:57+00,base-usdc-usdfc,true
51836,2026-06-28 01:46:12+00,polygon-usdc-usdfc,true
51837,2026-06-28 03:11:25+00,eth-usdfc,true
51839,2026-06-28 03:11:31+00,base-usdc-usdfc,true
51838,2026-06-28 03:11:31+00,fil-usdfc,true
51840,2026-06-28 03:11:41+00,polygon-usdc-usdfc,true
51841,2026-06-28 05:33:20+00,eth-usdfc,true
51842,2026-06-28 05:33:31+00,fil-usdfc,true
51843,2026-06-28 05:33:46+00,base-usdc-usdfc,true
51844,2026-06-28 05:33:57+00,polygon-usdc-usdfc,true
51845,2026-06-28 07:25:01+00,eth-usdfc,true
51848,2026-06-28 07:25:02+00,polygon-usdc-usdfc,true
51847,2026-06-28 07:25:02+00,base-usdc-usdfc,true
51846,2026-06-28 07:25:02+00,fil-usdfc,true
51849,2026-06-28 09:06:06+00,eth-usdfc,true
51851,2026-06-28 09:06:21+00,base-usdc-usdfc,true
51850,2026-06-28 09:06:21+00,fil-usdfc,true
51852,2026-06-28 09:06:27+00,polygon-usdc-usdfc,true
51853,2026-06-28 10:46:55+00,eth-usdfc,true
51855,2026-06-28 10:46:56+00,base-usdc-usdfc,true
51854,2026-06-28 10:46:56+00,fil-usdfc,true
51856,2026-06-28 10:46:57+00,polygon-usdc-usdfc,true
51857,2026-06-28 11:36:00+00,eth-usdfc,true
51860,2026-06-28 11:36:01+00,polygon-usdc-usdfc,true
51859,2026-06-28 11:36:01+00,base-usdc-usdfc,true
51858,2026-06-28 11:36:01+00,fil-usdfc,true
51861,2026-06-28 12:32:15+00,eth-usdfc,true
51862,2026-06-28 12:32:16+00,fil-usdfc,true
51864,2026-06-28 12:32:17+00,polygon-usdc-usdfc,true
51863,2026-06-28 12:32:17+00,base-usdc-usdfc,true
51865,2026-06-28 13:33:48+00,eth-usdfc,true
51868,2026-06-28 13:33:49+00,polygon-usdc-usdfc,true
51867,2026-06-28 13:33:49+00,base-usdc-usdfc,true
51866,2026-06-28 13:33:49+00,fil-usdfc,true
51870,2026-06-28 14:36:17+00,fil-usdfc,true
51869,2026-06-28 14:36:17+00,eth-usdfc,true
51872,2026-06-28 14:36:18+00,polygon-usdc-usdfc,true
51871,2026-06-28 14:36:18+00,base-usdc-usdfc,true
51873,2026-06-28 15:30:21+00,eth-usdfc,true
51875,2026-06-28 15:30:22+00,base-usdc-usdfc,true
51874,2026-06-28 15:30:22+00,fil-usdfc,true
51876,2026-06-28 15:30:23+00,polygon-usdc-usdfc,true
51879,2026-06-28 16:29:10+00,base-usdc-usdfc,true
51878,2026-06-28 16:29:10+00,fil-usdfc,true
51877,2026-06-28 16:29:10+00,eth-usdfc,true
51880,2026-06-28 16:29:11+00,polygon-usdc-usdfc,true
51881,2026-06-28 17:28:05+00,eth-usdfc,true
51883,2026-06-28 17:28:06+00,base-usdc-usdfc,true
51882,2026-06-28 17:28:06+00,fil-usdfc,true
51884,2026-06-28 17:28:07+00,polygon-usdc-usdfc,true
51887,2026-06-28 18:27:52+00,base-usdc-usdfc,true
51886,2026-06-28 18:27:52+00,fil-usdfc,true
51885,2026-06-28 18:27:52+00,eth-usdfc,true
51888,2026-06-28 18:27:53+00,polygon-usdc-usdfc,true
51889,2026-06-28 19:32:18+00,eth-usdfc,true
51891,2026-06-28 19:32:19+00,base-usdc-usdfc,true
51890,2026-06-28 19:32:19+00,fil-usdfc,true
51892,2026-06-28 19:32:20+00,polygon-usdc-usdfc,true
51894,2026-06-28 20:28:46+00,fil-usdfc,true
51893,2026-06-28 20:28:46+00,eth-usdfc,true
51896,2026-06-28 20:28:47+00,polygon-usdc-usdfc,true
51895,2026-06-28 20:28:47+00,base-usdc-usdfc,true
51900,2026-06-28 21:25:49+00,polygon-usdc-usdfc,true
51899,2026-06-28 21:25:49+00,base-usdc-usdfc,true
51898,2026-06-28 21:25:49+00,fil-usdfc,true
51897,2026-06-28 21:25:49+00,eth-usdfc,true
51904,2026-06-28 22:24:26+00,polygon-usdc-usdfc,true
51903,2026-06-28 22:24:26+00,base-usdc-usdfc,true
51902,2026-06-28 22:24:26+00,fil-usdfc,true
51901,2026-06-28 22:24:26+00,eth-usdfc,true
51905,2026-06-28 23:25:56+00,eth-usdfc,true
51906,2026-06-28 23:25:59+00,fil-usdfc,true
51908,2026-06-28 23:26:00+00,polygon-usdc-usdfc,true
51907,2026-06-28 23:26:00+00,base-usdc-usdfc,true
51910,2026-06-29 00:52:51+00,fil-usdfc,true
51909,2026-06-29 00:52:51+00,eth-usdfc,true
51912,2026-06-29 00:52:52+00,polygon-usdc-usdfc,true
51911,2026-06-29 00:52:52+00,base-usdc-usdfc,true
51915,2026-06-29 01:47:22+00,base-usdc-usdfc,true
51914,2026-06-29 01:47:22+00,fil-usdfc,true
51913,2026-06-29 01:47:22+00,eth-usdfc,true
51916,2026-06-29 01:47:23+00,polygon-usdc-usdfc,true
51918,2026-06-29 03:13:25+00,fil-usdfc,true
51917,2026-06-29 03:13:25+00,eth-usdfc,true
51919,2026-06-29 03:13:26+00,base-usdc-usdfc,true
51920,2026-06-29 03:13:27+00,polygon-usdc-usdfc,true
51921,2026-06-29 05:37:59+00,eth-usdfc,true
51922,2026-06-29 05:38:00+00,fil-usdfc,true
51924,2026-06-29 05:38:01+00,polygon-usdc-usdfc,true
51923,2026-06-29 05:38:01+00,base-usdc-usdfc,true
51926,2026-06-29 07:48:31+00,fil-usdfc,true
51925,2026-06-29 07:48:31+00,eth-usdfc,true
51927,2026-06-29 07:48:32+00,base-usdc-usdfc,true
51928,2026-06-29 07:48:33+00,polygon-usdc-usdfc,true
51929,2026-06-29 09:39:26+00,eth-usdfc,true
51931,2026-06-29 09:39:27+00,base-usdc-usdfc,true
51930,2026-06-29 09:39:27+00,fil-usdfc,true
51932,2026-06-29 09:39:28+00,polygon-usdc-usdfc,true
51933,2026-06-29 11:42:25+00,eth-usdfc,true
51935,2026-06-29 11:42:26+00,base-usdc-usdfc,true
51934,2026-06-29 11:42:26+00,fil-usdfc,true
51936,2026-06-29 11:42:27+00,polygon-usdc-usdfc,true
51937,2026-06-29 13:32:39+00,eth-usdfc,true
51940,2026-06-29 13:32:40+00,polygon-usdc-usdfc,true
51939,2026-06-29 13:32:40+00,base-usdc-usdfc,true
51938,2026-06-29 13:32:40+00,fil-usdfc,true
51941,2026-06-29 15:12:12+00,eth-usdfc,true
51942,2026-06-29 15:12:13+00,fil-usdfc,true
51944,2026-06-29 15:12:14+00,polygon-usdc-usdfc,true
51943,2026-06-29 15:12:14+00,base-usdc-usdfc,true
51945,2026-06-29 17:03:50+00,eth-usdfc,true
51948,2026-06-29 17:03:51+00,polygon-usdc-usdfc,true
51947,2026-06-29 17:03:51+00,base-usdc-usdfc,true
51946,2026-06-29 17:03:51+00,fil-usdfc,true
51949,2026-06-29 18:44:22+00,eth-usdfc,true
51951,2026-06-29 18:44:23+00,base-usdc-usdfc,true
51950,2026-06-29 18:44:23+00,fil-usdfc,true
51952,2026-06-29 18:44:24+00,polygon-usdc-usdfc,true
51953,2026-06-29 19:35:31+00,eth-usdfc,true
51956,2026-06-29 19:35:32+00,polygon-usdc-usdfc,true
51955,2026-06-29 19:35:32+00,base-usdc-usdfc,true
51954,2026-06-29 19:35:32+00,fil-usdfc,true
51960,2026-06-29 20:39:15+00,polygon-usdc-usdfc,true
51959,2026-06-29 20:39:15+00,base-usdc-usdfc,true
51958,2026-06-29 20:39:15+00,fil-usdfc,true
51957,2026-06-29 20:39:15+00,eth-usdfc,true
51962,2026-06-29 21:32:39+00,fil-usdfc,true
51961,2026-06-29 21:32:39+00,eth-usdfc,true
51964,2026-06-29 21:32:40+00,polygon-usdc-usdfc,true
51963,2026-06-29 21:32:40+00,base-usdc-usdfc,true
51966,2026-06-29 22:25:47+00,fil-usdfc,true
51965,2026-06-29 22:25:47+00,eth-usdfc,true
51968,2026-06-29 22:25:48+00,polygon-usdc-usdfc,true
51967,2026-06-29 22:25:48+00,base-usdc-usdfc,true
51971,2026-06-29 23:24:25+00,base-usdc-usdfc,true
51970,2026-06-29 23:24:25+00,fil-usdfc,true
51969,2026-06-29 23:24:25+00,eth-usdfc,true
51972,2026-06-29 23:24:26+00,polygon-usdc-usdfc,true
51973,2026-06-30 00:50:17+00,eth-usdfc,true
51976,2026-06-30 00:50:18+00,polygon-usdc-usdfc,true
51975,2026-06-30 00:50:18+00,base-usdc-usdfc,true
51974,2026-06-30 00:50:18+00,fil-usdfc,true
51977,2026-06-30 01:44:21+00,eth-usdfc,true
51979,2026-06-30 01:44:22+00,base-usdc-usdfc,true
51978,2026-06-30 01:44:22+00,fil-usdfc,true
51980,2026-06-30 01:44:23+00,polygon-usdc-usdfc,true
51983,2026-06-30 03:10:51+00,base-usdc-usdfc,true
51982,2026-06-30 03:10:51+00,fil-usdfc,true
51981,2026-06-30 03:10:51+00,eth-usdfc,true
51984,2026-06-30 03:10:52+00,polygon-usdc-usdfc,true
51986,2026-06-30 05:26:10+00,fil-usdfc,true
51985,2026-06-30 05:26:10+00,eth-usdfc,true
51988,2026-06-30 05:26:11+00,polygon-usdc-usdfc,true
51987,2026-06-30 05:26:11+00,base-usdc-usdfc,true
51989,2026-06-30 07:22:25+00,eth-usdfc,true
51991,2026-06-30 07:22:26+00,base-usdc-usdfc,true
51990,2026-06-30 07:22:26+00,fil-usdfc,true
51992,2026-06-30 07:22:27+00,polygon-usdc-usdfc,true
51994,2026-06-30 09:10:33+00,fil-usdfc,true
51993,2026-06-30 09:10:33+00,eth-usdfc,true
51996,2026-06-30 09:10:34+00,polygon-usdc-usdfc,true
51995,2026-06-30 09:10:34+00,base-usdc-usdfc,true
51998,2026-06-30 11:04:23+00,fil-usdfc,true
51997,2026-06-30 11:04:23+00,eth-usdfc,true
52000,2026-06-30 11:04:24+00,polygon-usdc-usdfc,true
51999,2026-06-30 11:04:24+00,base-usdc-usdfc,true
52002,2026-06-30 12:44:55+00,fil-usdfc,true
52001,2026-06-30 12:44:55+00,eth-usdfc,true
52004,2026-06-30 12:44:56+00,polygon-usdc-usdfc,true
52003,2026-06-30 12:44:56+00,base-usdc-usdfc,true
52005,2026-06-30 13:38:21+00,eth-usdfc,true
52008,2026-06-30 13:38:22+00,polygon-usdc-usdfc,true
52007,2026-06-30 13:38:22+00,base-usdc-usdfc,true
52006,2026-06-30 13:38:22+00,fil-usdfc,true
52009,2026-06-30 14:55:18+00,eth-usdfc,true
52011,2026-06-30 14:55:19+00,base-usdc-usdfc,true
52010,2026-06-30 14:55:19+00,fil-usdfc,true
52012,2026-06-30 14:55:20+00,polygon-usdc-usdfc,true
52013,2026-06-30 15:54:04+00,eth-usdfc,true
52015,2026-06-30 15:54:05+00,base-usdc-usdfc,true
52014,2026-06-30 15:54:05+00,fil-usdfc,true
52016,2026-06-30 15:54:06+00,polygon-usdc-usdfc,true
52019,2026-06-30 16:46:19+00,base-usdc-usdfc,true
52018,2026-06-30 16:46:19+00,fil-usdfc,true
52017,2026-06-30 16:46:19+00,eth-usdfc,true
52020,2026-06-30 16:46:20+00,polygon-usdc-usdfc,true
52022,2026-06-30 17:37:30+00,fil-usdfc,true
52021,2026-06-30 17:37:30+00,eth-usdfc,true
52024,2026-06-30 17:37:31+00,polygon-usdc-usdfc,true
52023,2026-06-30 17:37:31+00,base-usdc-usdfc,true
52025,2026-06-30 18:40:08+00,eth-usdfc,true
52027,2026-06-30 18:40:09+00,base-usdc-usdfc,true
52026,2026-06-30 18:40:09+00,fil-usdfc,true
52028,2026-06-30 18:40:10+00,polygon-usdc-usdfc,true
52029,2026-06-30 19:36:49+00,eth-usdfc,true
52031,2026-06-30 19:36:50+00,base-usdc-usdfc,true
52030,2026-06-30 19:36:50+00,fil-usdfc,true
52032,2026-06-30 19:36:51+00,polygon-usdc-usdfc,true
52033,2026-06-30 20:40:58+00,eth-usdfc,true
52036,2026-06-30 20:40:59+00,polygon-usdc-usdfc,true
52035,2026-06-30 20:40:59+00,base-usdc-usdfc,true
52034,2026-06-30 20:40:59+00,fil-usdfc,true
52037,2026-06-30 21:33:30+00,eth-usdfc,true
52040,2026-06-30 21:33:31+00,polygon-usdc-usdfc,true
52039,2026-06-30 21:33:31+00,base-usdc-usdfc,true
52038,2026-06-30 21:33:31+00,fil-usdfc,true
52041,2026-06-30 22:32:05+00,eth-usdfc,true
52044,2026-06-30 22:32:06+00,polygon-usdc-usdfc,true
52043,2026-06-30 22:32:06+00,base-usdc-usdfc,true
52042,2026-06-30 22:32:06+00,fil-usdfc,true
52046,2026-06-30 23:29:54+00,fil-usdfc,true
52045,2026-06-30 23:29:54+00,eth-usdfc,true
52048,2026-06-30 23:29:55+00,polygon-usdc-usdfc,true
52047,2026-06-30 23:29:55+00,base-usdc-usdfc,true
52050,2026-07-01 00:53:19+00,fil-usdfc,true
52049,2026-07-01 00:53:19+00,eth-usdfc,true
52052,2026-07-01 00:53:20+00,polygon-usdc-usdfc,true
52051,2026-07-01 00:53:20+00,base-usdc-usdfc,true
52055,2026-07-01 01:48:59+00,base-usdc-usdfc,true
52054,2026-07-01 01:48:59+00,fil-usdfc,true
52053,2026-07-01 01:48:59+00,eth-usdfc,true
52056,2026-07-01 01:49:00+00,polygon-usdc-usdfc,true
52057,2026-07-01 03:12:02+00,eth-usdfc,true
52058,2026-07-01 03:12:03+00,fil-usdfc,true
52059,2026-07-01 03:12:04+00,base-usdc-usdfc,true
52060,2026-07-01 03:12:05+00,polygon-usdc-usdfc,true
52062,2026-07-01 05:35:50+00,fil-usdfc,true
52061,2026-07-01 05:35:50+00,eth-usdfc,true
52064,2026-07-01 05:35:51+00,polygon-usdc-usdfc,true
52063,2026-07-01 05:35:51+00,base-usdc-usdfc,true
52066,2026-07-01 07:34:23+00,fil-usdfc,true
52065,2026-07-01 07:34:23+00,eth-usdfc,true
52068,2026-07-01 07:34:24+00,polygon-usdc-usdfc,true
52067,2026-07-01 07:34:24+00,base-usdc-usdfc,true
52069,2026-07-01 09:11:58+00,eth-usdfc,true
52072,2026-07-01 09:11:59+00,polygon-usdc-usdfc,true
52071,2026-07-01 09:11:59+00,base-usdc-usdfc,true
52070,2026-07-01 09:11:59+00,fil-usdfc,true
52073,2026-07-01 11:08:21+00,eth-usdfc,true
52075,2026-07-01 11:08:22+00,base-usdc-usdfc,true
52074,2026-07-01 11:08:22+00,fil-usdfc,true
52076,2026-07-01 11:08:23+00,polygon-usdc-usdfc,true
52077,2026-07-01 13:00:30+00,eth-usdfc,true
52080,2026-07-01 13:00:31+00,polygon-usdc-usdfc,true
52079,2026-07-01 13:00:31+00,base-usdc-usdfc,true
52078,2026-07-01 13:00:31+00,fil-usdfc,true
52081,2026-07-01 15:02:11+00,eth-usdfc,true
52083,2026-07-01 15:02:12+00,base-usdc-usdfc,true
52082,2026-07-01 15:02:12+00,fil-usdfc,true
52084,2026-07-01 15:02:13+00,polygon-usdc-usdfc,true
52086,2026-07-01 16:49:03+00,fil-usdfc,true
52085,2026-07-01 16:49:03+00,eth-usdfc,true
52088,2026-07-01 16:49:04+00,polygon-usdc-usdfc,true
52087,2026-07-01 16:49:04+00,base-usdc-usdfc,true
52090,2026-07-01 17:38:17+00,fil-usdfc,true
52089,2026-07-01 17:38:17+00,eth-usdfc,true
52092,2026-07-01 17:38:18+00,polygon-usdc-usdfc,true
52091,2026-07-01 17:38:18+00,base-usdc-usdfc,true
52093,2026-07-01 18:42:21+00,eth-usdfc,true
52095,2026-07-01 18:42:22+00,base-usdc-usdfc,true
52094,2026-07-01 18:42:22+00,fil-usdfc,true
52096,2026-07-01 18:42:23+00,polygon-usdc-usdfc,true
52100,2026-07-01 19:34:44+00,polygon-usdc-usdfc,true
52099,2026-07-01 19:34:44+00,base-usdc-usdfc,true
52098,2026-07-01 19:34:44+00,fil-usdfc,true
52097,2026-07-01 19:34:44+00,eth-usdfc,true
52101,2026-07-01 20:36:56+00,eth-usdfc,true
52104,2026-07-01 20:36:57+00,polygon-usdc-usdfc,true
52103,2026-07-01 20:36:57+00,base-usdc-usdfc,true
52102,2026-07-01 20:36:57+00,fil-usdfc,true
52107,2026-07-01 21:33:43+00,base-usdc-usdfc,true
52106,2026-07-01 21:33:43+00,fil-usdfc,true
52105,2026-07-01 21:33:43+00,eth-usdfc,true
52108,2026-07-01 21:33:44+00,polygon-usdc-usdfc,true
52110,2026-07-01 22:31:05+00,fil-usdfc,true
52109,2026-07-01 22:31:05+00,eth-usdfc,true
52112,2026-07-01 22:31:06+00,polygon-usdc-usdfc,true
52111,2026-07-01 22:31:06+00,base-usdc-usdfc,true
52114,2026-07-01 23:31:33+00,fil-usdfc,true
52113,2026-07-01 23:31:33+00,eth-usdfc,true
52116,2026-07-01 23:31:34+00,polygon-usdc-usdfc,true
52115,2026-07-01 23:31:34+00,base-usdc-usdfc,true
52118,2026-07-02 00:50:07+00,fil-usdfc,true
52117,2026-07-02 00:50:07+00,eth-usdfc,true
52120,2026-07-02 00:50:08+00,polygon-usdc-usdfc,true
52119,2026-07-02 00:50:08+00,base-usdc-usdfc,true
52121,2026-07-02 01:44:12+00,eth-usdfc,true
52122,2026-07-02 01:44:14+00,fil-usdfc,true
52123,2026-07-02 01:44:15+00,base-usdc-usdfc,true
52124,2026-07-02 01:44:16+00,polygon-usdc-usdfc,true
52125,2026-07-02 03:09:16+00,eth-usdfc,true
52127,2026-07-02 03:09:17+00,base-usdc-usdfc,true
52126,2026-07-02 03:09:17+00,fil-usdfc,true
52128,2026-07-02 03:09:18+00,polygon-usdc-usdfc,true
52129,2026-07-02 05:21:21+00,eth-usdfc,true
52131,2026-07-02 05:21:22+00,base-usdc-usdfc,true
52130,2026-07-02 05:21:22+00,fil-usdfc,true
52132,2026-07-02 05:21:23+00,polygon-usdc-usdfc,true
52135,2026-07-02 07:11:22+00,base-usdc-usdfc,true
52134,2026-07-02 07:11:22+00,fil-usdfc,true
52133,2026-07-02 07:11:22+00,eth-usdfc,true
52136,2026-07-02 07:11:23+00,polygon-usdc-usdfc,true
52137,2026-07-02 09:07:13+00,eth-usdfc,true
52139,2026-07-02 09:07:14+00,base-usdc-usdfc,true
52138,2026-07-02 09:07:14+00,fil-usdfc,true
52140,2026-07-02 09:07:15+00,polygon-usdc-usdfc,true
52143,2026-07-02 10:56:06+00,base-usdc-usdfc,true
52142,2026-07-02 10:56:06+00,fil-usdfc,true
52141,2026-07-02 10:56:06+00,eth-usdfc,true
52144,2026-07-02 10:56:07+00,polygon-usdc-usdfc,true
52145,2026-07-02 11:50:10+00,eth-usdfc,true
52148,2026-07-02 11:50:11+00,polygon-usdc-usdfc,true
52147,2026-07-02 11:50:11+00,base-usdc-usdfc,true
52146,2026-07-02 11:50:11+00,fil-usdfc,true
52149,2026-07-02 12:42:07+00,eth-usdfc,true
52151,2026-07-02 12:42:08+00,base-usdc-usdfc,true
52150,2026-07-02 12:42:08+00,fil-usdfc,true
52152,2026-07-02 12:42:09+00,polygon-usdc-usdfc,true
52155,2026-07-02 13:34:56+00,base-usdc-usdfc,true
52154,2026-07-02 13:34:56+00,fil-usdfc,true
52153,2026-07-02 13:34:56+00,eth-usdfc,true
52156,2026-07-02 13:34:57+00,polygon-usdc-usdfc,true
52158,2026-07-02 14:47:34+00,fil-usdfc,true
52157,2026-07-02 14:47:34+00,eth-usdfc,true
52160,2026-07-02 14:47:35+00,polygon-usdc-usdfc,true
52159,2026-07-02 14:47:35+00,base-usdc-usdfc,true
52161,2026-07-02 15:48:08+00,eth-usdfc,true
52163,2026-07-02 15:48:09+00,base-usdc-usdfc,true
52162,2026-07-02 15:48:09+00,fil-usdfc,true
52164,2026-07-02 15:48:10+00,polygon-usdc-usdfc,true
52165,2026-07-02 16:37:11+00,eth-usdfc,true
52168,2026-07-02 16:37:12+00,polygon-usdc-usdfc,true
52167,2026-07-02 16:37:12+00,base-usdc-usdfc,true
52166,2026-07-02 16:37:12+00,fil-usdfc,true
52169,2026-07-02 17:34:13+00,eth-usdfc,true
52172,2026-07-02 17:34:14+00,polygon-usdc-usdfc,true
52171,2026-07-02 17:34:14+00,base-usdc-usdfc,true
52170,2026-07-02 17:34:14+00,fil-usdfc,true
52174,2026-07-02 18:33:21+00,fil-usdfc,true
52173,2026-07-02 18:33:21+00,eth-usdfc,true
52176,2026-07-02 18:33:22+00,polygon-usdc-usdfc,true
52175,2026-07-02 18:33:22+00,base-usdc-usdfc,true
52177,2026-07-02 19:31:37+00,eth-usdfc,true
52179,2026-07-02 19:31:38+00,base-usdc-usdfc,true
52178,2026-07-02 19:31:38+00,fil-usdfc,true
52180,2026-07-02 19:31:39+00,polygon-usdc-usdfc,true
52181,2026-07-02 20:30:35+00,eth-usdfc,true
52183,2026-07-02 20:30:36+00,base-usdc-usdfc,true
52182,2026-07-02 20:30:36+00,fil-usdfc,true
52184,2026-07-02 20:30:37+00,polygon-usdc-usdfc,true
52187,2026-07-02 21:26:52+00,base-usdc-usdfc,true
52186,2026-07-02 21:26:52+00,fil-usdfc,true
52185,2026-07-02 21:26:52+00,eth-usdfc,true
52188,2026-07-02 21:26:53+00,polygon-usdc-usdfc,true
52189,2026-07-02 22:24:32+00,eth-usdfc,true
52192,2026-07-02 22:24:33+00,polygon-usdc-usdfc,true
52191,2026-07-02 22:24:33+00,base-usdc-usdfc,true
52190,2026-07-02 22:24:33+00,fil-usdfc,true
52193,2026-07-02 23:26:07+00,eth-usdfc,true
52195,2026-07-02 23:26:08+00,base-usdc-usdfc,true
52194,2026-07-02 23:26:08+00,fil-usdfc,true
52196,2026-07-02 23:26:09+00,polygon-usdc-usdfc,true
52197,2026-07-03 00:40:42+00,eth-usdfc,true
52200,2026-07-03 00:40:43+00,polygon-usdc-usdfc,true
52199,2026-07-03 00:40:43+00,base-usdc-usdfc,true
52198,2026-07-03 00:40:43+00,fil-usdfc,true
52202,2026-07-03 01:36:13+00,fil-usdfc,true
52201,2026-07-03 01:36:13+00,eth-usdfc,true
52204,2026-07-03 01:36:14+00,polygon-usdc-usdfc,true
52203,2026-07-03 01:36:14+00,base-usdc-usdfc,true
52205,2026-07-03 03:07:09+00,eth-usdfc,true
52206,2026-07-03 03:07:11+00,fil-usdfc,true
52208,2026-07-03 03:07:12+00,polygon-usdc-usdfc,true
52207,2026-07-03 03:07:12+00,base-usdc-usdfc,true
52209,2026-07-03 05:19:22+00,eth-usdfc,true
52212,2026-07-03 05:19:23+00,polygon-usdc-usdfc,true
52211,2026-07-03 05:19:23+00,base-usdc-usdfc,true
52210,2026-07-03 05:19:23+00,fil-usdfc,true
52213,2026-07-03 07:08:43+00,eth-usdfc,true
52215,2026-07-03 07:08:44+00,base-usdc-usdfc,true
52214,2026-07-03 07:08:44+00,fil-usdfc,true
52216,2026-07-03 07:08:45+00,polygon-usdc-usdfc,true
52217,2026-07-03 09:06:18+00,eth-usdfc,true
52220,2026-07-03 09:06:19+00,polygon-usdc-usdfc,true
52219,2026-07-03 09:06:19+00,base-usdc-usdfc,true
52218,2026-07-03 09:06:19+00,fil-usdfc,true
52221,2026-07-03 10:55:43+00,eth-usdfc,true
52223,2026-07-03 10:55:44+00,base-usdc-usdfc,true
52222,2026-07-03 10:55:44+00,fil-usdfc,true
52224,2026-07-03 10:55:45+00,polygon-usdc-usdfc,true
52225,2026-07-03 11:48:24+00,eth-usdfc,true
52227,2026-07-03 11:48:25+00,base-usdc-usdfc,true
52226,2026-07-03 11:48:25+00,fil-usdfc,true
52228,2026-07-03 11:48:26+00,polygon-usdc-usdfc,true
52229,2026-07-03 12:41:01+00,eth-usdfc,true
52232,2026-07-03 12:41:02+00,polygon-usdc-usdfc,true
52231,2026-07-03 12:41:02+00,base-usdc-usdfc,true
52230,2026-07-03 12:41:02+00,fil-usdfc,true
52233,2026-07-03 13:34:59+00,eth-usdfc,true
52235,2026-07-03 13:35:00+00,base-usdc-usdfc,true
52234,2026-07-03 13:35:00+00,fil-usdfc,true
52236,2026-07-03 13:35:01+00,polygon-usdc-usdfc,true
52238,2026-07-03 14:47:44+00,fil-usdfc,true
52237,2026-07-03 14:47:44+00,eth-usdfc,true
52240,2026-07-03 14:47:45+00,polygon-usdc-usdfc,true
52239,2026-07-03 14:47:45+00,base-usdc-usdfc,true
52241,2026-07-03 15:40:46+00,eth-usdfc,true
52243,2026-07-03 15:40:47+00,base-usdc-usdfc,true
52242,2026-07-03 15:40:47+00,fil-usdfc,true
52244,2026-07-03 15:40:48+00,polygon-usdc-usdfc,true
52247,2026-07-03 16:32:51+00,base-usdc-usdfc,true
52246,2026-07-03 16:32:51+00,fil-usdfc,true
52245,2026-07-03 16:32:51+00,eth-usdfc,true
52248,2026-07-03 16:32:52+00,polygon-usdc-usdfc,true
52250,2026-07-03 17:31:36+00,fil-usdfc,true
52249,2026-07-03 17:31:36+00,eth-usdfc,true
52252,2026-07-03 17:31:37+00,polygon-usdc-usdfc,true
52251,2026-07-03 17:31:37+00,base-usdc-usdfc,true
52253,2026-07-03 18:30:24+00,eth-usdfc,true
52255,2026-07-03 18:30:25+00,base-usdc-usdfc,true
52254,2026-07-03 18:30:25+00,fil-usdfc,true
52256,2026-07-03 18:30:27+00,polygon-usdc-usdfc,true
52257,2026-07-03 19:31:10+00,eth-usdfc,true
52259,2026-07-03 19:31:11+00,base-usdc-usdfc,true
52258,2026-07-03 19:31:11+00,fil-usdfc,true
52260,2026-07-03 19:31:13+00,polygon-usdc-usdfc,true
52262,2026-07-03 20:26:56+00,fil-usdfc,true
52261,2026-07-03 20:26:56+00,eth-usdfc,true
52264,2026-07-03 20:26:57+00,polygon-usdc-usdfc,true
52263,2026-07-03 20:26:57+00,base-usdc-usdfc,true
52268,2026-07-03 21:26:32+00,polygon-usdc-usdfc,true
52267,2026-07-03 21:26:32+00,base-usdc-usdfc,true
52266,2026-07-03 21:26:32+00,fil-usdfc,true
52265,2026-07-03 21:26:32+00,eth-usdfc,true
52269,2026-07-03 22:23:08+00,eth-usdfc,true
52271,2026-07-03 22:23:09+00,base-usdc-usdfc,true
52270,2026-07-03 22:23:09+00,fil-usdfc,true
52272,2026-07-03 22:23:10+00,polygon-usdc-usdfc,true
52273,2026-07-03 23:24:20+00,eth-usdfc,true
52276,2026-07-03 23:24:21+00,polygon-usdc-usdfc,true
52275,2026-07-03 23:24:21+00,base-usdc-usdfc,true
52274,2026-07-03 23:24:21+00,fil-usdfc,true
52279,2026-07-04 00:39:44+00,base-usdc-usdfc,true
52278,2026-07-04 00:39:44+00,fil-usdfc,true
52277,2026-07-04 00:39:44+00,eth-usdfc,true
52280,2026-07-04 00:39:45+00,polygon-usdc-usdfc,true
52281,2026-07-04 01:36:12+00,eth-usdfc,true
52283,2026-07-04 01:36:13+00,base-usdc-usdfc,true
52282,2026-07-04 01:36:13+00,fil-usdfc,true
52284,2026-07-04 01:36:14+00,polygon-usdc-usdfc,true
52286,2026-07-04 03:06:27+00,fil-usdfc,true
52285,2026-07-04 03:06:27+00,eth-usdfc,true
52288,2026-07-04 03:06:28+00,polygon-usdc-usdfc,true
52287,2026-07-04 03:06:28+00,base-usdc-usdfc,true
52290,2026-07-04 05:18:02+00,fil-usdfc,true
52289,2026-07-04 05:18:02+00,eth-usdfc,true
52292,2026-07-04 05:18:03+00,polygon-usdc-usdfc,true
52291,2026-07-04 05:18:03+00,base-usdc-usdfc,true
52293,2026-07-04 07:03:18+00,eth-usdfc,true
52296,2026-07-04 07:03:19+00,polygon-usdc-usdfc,true
52295,2026-07-04 07:03:19+00,base-usdc-usdfc,true
52294,2026-07-04 07:03:19+00,fil-usdfc,true
52298,2026-07-04 08:55:37+00,fil-usdfc,true
52297,2026-07-04 08:55:37+00,eth-usdfc,true
52300,2026-07-04 08:55:38+00,polygon-usdc-usdfc,true
52299,2026-07-04 08:55:38+00,base-usdc-usdfc,true
52301,2026-07-04 09:44:52+00,eth-usdfc,true
52304,2026-07-04 09:44:53+00,polygon-usdc-usdfc,true
52303,2026-07-04 09:44:53+00,base-usdc-usdfc,true
52302,2026-07-04 09:44:53+00,fil-usdfc,true
52306,2026-07-04 10:40:18+00,fil-usdfc,true
52305,2026-07-04 10:40:18+00,eth-usdfc,true
52308,2026-07-04 10:40:19+00,polygon-usdc-usdfc,true
52307,2026-07-04 10:40:19+00,base-usdc-usdfc,true
52311,2026-07-04 11:31:26+00,base-usdc-usdfc,true
52310,2026-07-04 11:31:26+00,fil-usdfc,true
52309,2026-07-04 11:31:26+00,eth-usdfc,true
52312,2026-07-04 11:31:27+00,polygon-usdc-usdfc,true
52313,2026-07-04 12:27:31+00,eth-usdfc,true
52315,2026-07-04 12:27:32+00,base-usdc-usdfc,true
52314,2026-07-04 12:27:32+00,fil-usdfc,true
52316,2026-07-04 12:27:33+00,polygon-usdc-usdfc,true
52319,2026-07-04 13:32:20+00,base-usdc-usdfc,true
52318,2026-07-04 13:32:20+00,fil-usdfc,true
52317,2026-07-04 13:32:20+00,eth-usdfc,true
52320,2026-07-04 13:32:21+00,polygon-usdc-usdfc,true
52321,2026-07-04 14:32:33+00,eth-usdfc,true
52324,2026-07-04 14:32:34+00,polygon-usdc-usdfc,true
52323,2026-07-04 14:32:34+00,base-usdc-usdfc,true
52322,2026-07-04 14:32:34+00,fil-usdfc,true
52327,2026-07-04 15:26:05+00,base-usdc-usdfc,true
52326,2026-07-04 15:26:05+00,fil-usdfc,true
52325,2026-07-04 15:26:05+00,eth-usdfc,true
52328,2026-07-04 15:26:06+00,polygon-usdc-usdfc,true
52330,2026-07-04 16:23:59+00,fil-usdfc,true
52329,2026-07-04 16:23:59+00,eth-usdfc,true
52331,2026-07-04 16:24:00+00,base-usdc-usdfc,true
52332,2026-07-04 16:24:01+00,polygon-usdc-usdfc,true
52333,2026-07-04 17:24:17+00,eth-usdfc,true
52336,2026-07-04 17:24:18+00,polygon-usdc-usdfc,true
52335,2026-07-04 17:24:18+00,base-usdc-usdfc,true
52334,2026-07-04 17:24:18+00,fil-usdfc,true
52340,2026-07-04 18:23:17+00,polygon-usdc-usdfc,true
52339,2026-07-04 18:23:17+00,base-usdc-usdfc,true
52338,2026-07-04 18:23:17+00,fil-usdfc,true
52337,2026-07-04 18:23:17+00,eth-usdfc,true
52341,2026-07-04 19:30:03+00,eth-usdfc,true
52343,2026-07-04 19:30:04+00,base-usdc-usdfc,true
52342,2026-07-04 19:30:04+00,fil-usdfc,true
52344,2026-07-04 19:30:05+00,polygon-usdc-usdfc,true
52346,2026-07-04 20:22:10+00,fil-usdfc,true
52345,2026-07-04 20:22:10+00,eth-usdfc,true
52348,2026-07-04 20:22:11+00,polygon-usdc-usdfc,true
52347,2026-07-04 20:22:11+00,base-usdc-usdfc,true
52352,2026-07-04 21:21:00+00,polygon-usdc-usdfc,true
52351,2026-07-04 21:21:00+00,base-usdc-usdfc,true
52350,2026-07-04 21:21:00+00,fil-usdfc,true
52349,2026-07-04 21:21:00+00,eth-usdfc,true
52355,2026-07-04 22:20:26+00,base-usdc-usdfc,true
52354,2026-07-04 22:20:26+00,fil-usdfc,true
52353,2026-07-04 22:20:26+00,eth-usdfc,true
52356,2026-07-04 22:20:27+00,polygon-usdc-usdfc,true
52358,2026-07-04 23:22:17+00,fil-usdfc,true
52357,2026-07-04 23:22:17+00,eth-usdfc,true
52360,2026-07-04 23:22:18+00,polygon-usdc-usdfc,true
52359,2026-07-04 23:22:18+00,base-usdc-usdfc,true
52361,2026-07-05 00:42:38+00,eth-usdfc,true
52364,2026-07-05 00:42:39+00,polygon-usdc-usdfc,true
52363,2026-07-05 00:42:39+00,base-usdc-usdfc,true
52362,2026-07-05 00:42:39+00,fil-usdfc,true
52365,2026-07-05 01:36:19+00,eth-usdfc,true
52368,2026-07-05 01:36:20+00,polygon-usdc-usdfc,true
52367,2026-07-05 01:36:20+00,base-usdc-usdfc,true
52366,2026-07-05 01:36:20+00,fil-usdfc,true
52370,2026-07-05 03:08:38+00,fil-usdfc,true
52369,2026-07-05 03:08:38+00,eth-usdfc,true
52371,2026-07-05 03:08:39+00,base-usdc-usdfc,true
52372,2026-07-05 03:08:40+00,polygon-usdc-usdfc,true
52375,2026-07-05 05:21:18+00,base-usdc-usdfc,true
52374,2026-07-05 05:21:18+00,fil-usdfc,true
52373,2026-07-05 05:21:18+00,eth-usdfc,true
52376,2026-07-05 05:21:19+00,polygon-usdc-usdfc,true
52377,2026-07-05 07:09:05+00,eth-usdfc,true
52379,2026-07-05 07:09:06+00,base-usdc-usdfc,true
52378,2026-07-05 07:09:06+00,fil-usdfc,true
52380,2026-07-05 07:09:07+00,polygon-usdc-usdfc,true
52383,2026-07-05 09:03:59+00,base-usdc-usdfc,true
52382,2026-07-05 09:03:59+00,fil-usdfc,true
52381,2026-07-05 09:03:59+00,eth-usdfc,true
52384,2026-07-05 09:04:00+00,polygon-usdc-usdfc,true
52385,2026-07-05 10:44:28+00,eth-usdfc,true
52387,2026-07-05 10:44:29+00,base-usdc-usdfc,true
52386,2026-07-05 10:44:29+00,fil-usdfc,true
52388,2026-07-05 10:44:30+00,polygon-usdc-usdfc,true
52390,2026-07-05 11:32:20+00,fil-usdfc,true
52389,2026-07-05 11:32:20+00,eth-usdfc,true
52392,2026-07-05 11:32:21+00,polygon-usdc-usdfc,true
52391,2026-07-05 11:32:21+00,base-usdc-usdfc,true
52395,2026-07-05 12:31:22+00,base-usdc-usdfc,true
52394,2026-07-05 12:31:22+00,fil-usdfc,true
52393,2026-07-05 12:31:22+00,eth-usdfc,true
52396,2026-07-05 12:31:23+00,polygon-usdc-usdfc,true
52400,2026-07-05 13:32:54+00,polygon-usdc-usdfc,true
52399,2026-07-05 13:32:54+00,base-usdc-usdfc,true
52398,2026-07-05 13:32:54+00,fil-usdfc,true
52397,2026-07-05 13:32:54+00,eth-usdfc,true
52401,2026-07-05 14:33:17+00,eth-usdfc,true
52403,2026-07-05 14:33:18+00,base-usdc-usdfc,true
52402,2026-07-05 14:33:18+00,fil-usdfc,true
52404,2026-07-05 14:33:19+00,polygon-usdc-usdfc,true
52405,2026-07-05 15:28:15+00,eth-usdfc,true
52408,2026-07-05 15:28:16+00,polygon-usdc-usdfc,true
52407,2026-07-05 15:28:16+00,base-usdc-usdfc,true
52406,2026-07-05 15:28:16+00,fil-usdfc,true
52409,2026-07-05 16:24:42+00,eth-usdfc,true
52412,2026-07-05 16:24:43+00,polygon-usdc-usdfc,true
52411,2026-07-05 16:24:43+00,base-usdc-usdfc,true
52410,2026-07-05 16:24:43+00,fil-usdfc,true
52413,2026-07-05 17:27:25+00,eth-usdfc,true
52414,2026-07-05 17:27:30+00,fil-usdfc,true
52415,2026-07-05 17:27:35+00,base-usdc-usdfc,true
52416,2026-07-05 17:27:41+00,polygon-usdc-usdfc,true
52417,2026-07-05 18:25:05+00,eth-usdfc,true
52418,2026-07-05 18:25:13+00,fil-usdfc,true
52420,2026-07-05 18:25:14+00,polygon-usdc-usdfc,true
52419,2026-07-05 18:25:14+00,base-usdc-usdfc,true
52423,2026-07-05 19:31:01+00,base-usdc-usdfc,true
52422,2026-07-05 19:31:01+00,fil-usdfc,true
52421,2026-07-05 19:31:01+00,eth-usdfc,true
52424,2026-07-05 19:31:02+00,polygon-usdc-usdfc,true
52427,2026-07-05 20:25:53+00,base-usdc-usdfc,true
52426,2026-07-05 20:25:53+00,fil-usdfc,true
52425,2026-07-05 20:25:53+00,eth-usdfc,true
52428,2026-07-05 20:25:54+00,polygon-usdc-usdfc,true
52429,2026-07-05 21:24:29+00,eth-usdfc,true
52431,2026-07-05 21:24:30+00,base-usdc-usdfc,true
52430,2026-07-05 21:24:30+00,fil-usdfc,true
52432,2026-07-05 21:24:31+00,polygon-usdc-usdfc,true
52433,2026-07-05 22:22:01+00,eth-usdfc,true
52435,2026-07-05 22:22:02+00,base-usdc-usdfc,true
52434,2026-07-05 22:22:02+00,fil-usdfc,true
52436,2026-07-05 22:22:03+00,polygon-usdc-usdfc,true
52439,2026-07-05 23:24:39+00,base-usdc-usdfc,true
52438,2026-07-05 23:24:39+00,fil-usdfc,true
52437,2026-07-05 23:24:39+00,eth-usdfc,true
52440,2026-07-05 23:24:40+00,polygon-usdc-usdfc,true
52443,2026-07-06 00:43:03+00,base-usdc-usdfc,true
52442,2026-07-06 00:43:03+00,fil-usdfc,true
52441,2026-07-06 00:43:03+00,eth-usdfc,true
52444,2026-07-06 00:43:04+00,polygon-usdc-usdfc,true
52445,2026-07-06 01:37:21+00,eth-usdfc,true
52447,2026-07-06 01:37:22+00,base-usdc-usdfc,true
52446,2026-07-06 01:37:22+00,fil-usdfc,true
52448,2026-07-06 01:37:23+00,polygon-usdc-usdfc,true
52449,2026-07-06 03:09:38+00,eth-usdfc,true
52452,2026-07-06 03:09:39+00,polygon-usdc-usdfc,true
52451,2026-07-06 03:09:39+00,base-usdc-usdfc,true
52450,2026-07-06 03:09:39+00,fil-usdfc,true
52453,2026-07-06 05:28:58+00,eth-usdfc,true
52455,2026-07-06 05:28:59+00,base-usdc-usdfc,true
52454,2026-07-06 05:28:59+00,fil-usdfc,true
52456,2026-07-06 05:29:02+00,polygon-usdc-usdfc,true
52459,2026-07-06 07:37:03+00,base-usdc-usdfc,true
52458,2026-07-06 07:37:03+00,fil-usdfc,true
52457,2026-07-06 07:37:03+00,eth-usdfc,true
52460,2026-07-06 07:37:04+00,polygon-usdc-usdfc,true
52461,2026-07-06 09:24:49+00,eth-usdfc,true
52463,2026-07-06 09:24:51+00,base-usdc-usdfc,true
52462,2026-07-06 09:24:51+00,fil-usdfc,true
52464,2026-07-06 09:24:52+00,polygon-usdc-usdfc,true
52465,2026-07-06 11:33:37+00,eth-usdfc,true
52467,2026-07-06 11:33:38+00,base-usdc-usdfc,true
52466,2026-07-06 11:33:38+00,fil-usdfc,true
52468,2026-07-06 11:33:39+00,polygon-usdc-usdfc,true
52469,2026-07-06 13:17:50+00,eth-usdfc,true
52470,2026-07-06 13:18:02+00,fil-usdfc,true
52471,2026-07-06 13:18:08+00,base-usdc-usdfc,true
52472,2026-07-06 13:18:28+00,polygon-usdc-usdfc,true
52475,2026-07-06 15:09:56+00,base-usdc-usdfc,true
52474,2026-07-06 15:09:56+00,fil-usdfc,true
52473,2026-07-06 15:09:56+00,eth-usdfc,true
52476,2026-07-06 15:09:57+00,polygon-usdc-usdfc,true
52477,2026-07-06 17:02:54+00,eth-usdfc,true
52479,2026-07-06 17:02:55+00,base-usdc-usdfc,true
52478,2026-07-06 17:02:55+00,fil-usdfc,true
52480,2026-07-06 17:02:56+00,polygon-usdc-usdfc,true
52482,2026-07-06 18:40:47+00,fil-usdfc,true
52481,2026-07-06 18:40:47+00,eth-usdfc,true
52484,2026-07-06 18:40:48+00,polygon-usdc-usdfc,true
52483,2026-07-06 18:40:48+00,base-usdc-usdfc,true
52485,2026-07-06 19:34:50+00,eth-usdfc,true
52488,2026-07-06 19:34:51+00,polygon-usdc-usdfc,true
52487,2026-07-06 19:34:51+00,base-usdc-usdfc,true
52486,2026-07-06 19:34:51+00,fil-usdfc,true
52490,2026-07-06 20:39:38+00,fil-usdfc,true
52489,2026-07-06 20:39:38+00,eth-usdfc,true
52492,2026-07-06 20:39:39+00,polygon-usdc-usdfc,true
52491,2026-07-06 20:39:39+00,base-usdc-usdfc,true
52493,2026-07-06 21:32:44+00,eth-usdfc,true
52495,2026-07-06 21:32:45+00,base-usdc-usdfc,true
52494,2026-07-06 21:32:45+00,fil-usdfc,true
52496,2026-07-06 21:32:46+00,polygon-usdc-usdfc,true
52498,2026-07-06 22:28:24+00,fil-usdfc,true
52497,2026-07-06 22:28:24+00,eth-usdfc,true
52500,2026-07-06 22:28:25+00,polygon-usdc-usdfc,true
52499,2026-07-06 22:28:25+00,base-usdc-usdfc,true
52504,2026-07-06 23:26:59+00,polygon-usdc-usdfc,true
52503,2026-07-06 23:26:59+00,base-usdc-usdfc,true
52502,2026-07-06 23:26:59+00,fil-usdfc,true
52501,2026-07-06 23:26:59+00,eth-usdfc,true
52505,2026-07-07 00:42:30+00,eth-usdfc,true
52506,2026-07-07 00:42:31+00,fil-usdfc,true
52508,2026-07-07 00:42:32+00,polygon-usdc-usdfc,true
52507,2026-07-07 00:42:32+00,base-usdc-usdfc,true
52509,2026-07-07 01:36:26+00,eth-usdfc,true
52512,2026-07-07 01:36:27+00,polygon-usdc-usdfc,true
52511,2026-07-07 01:36:27+00,base-usdc-usdfc,true
52510,2026-07-07 01:36:27+00,fil-usdfc,true
52514,2026-07-07 03:08:12+00,fil-usdfc,true
52513,2026-07-07 03:08:12+00,eth-usdfc,true
52516,2026-07-07 03:08:13+00,polygon-usdc-usdfc,true
52515,2026-07-07 03:08:13+00,base-usdc-usdfc,true
52518,2026-07-07 05:21:21+00,fil-usdfc,true
52517,2026-07-07 05:21:21+00,eth-usdfc,true
52520,2026-07-07 05:21:22+00,polygon-usdc-usdfc,true
52519,2026-07-07 05:21:22+00,base-usdc-usdfc,true
52522,2026-07-07 07:14:44+00,fil-usdfc,true
52521,2026-07-07 07:14:44+00,eth-usdfc,true
52524,2026-07-07 07:14:45+00,polygon-usdc-usdfc,true
52523,2026-07-07 07:14:45+00,base-usdc-usdfc,true
52525,2026-07-07 09:09:45+00,eth-usdfc,true
52527,2026-07-07 09:09:46+00,base-usdc-usdfc,true
52526,2026-07-07 09:09:46+00,fil-usdfc,true
52528,2026-07-07 09:09:47+00,polygon-usdc-usdfc,true
52529,2026-07-07 11:03:06+00,eth-usdfc,true
52532,2026-07-07 11:03:07+00,polygon-usdc-usdfc,true
52531,2026-07-07 11:03:07+00,base-usdc-usdfc,true
52530,2026-07-07 11:03:07+00,fil-usdfc,true
52534,2026-07-07 12:51:49+00,fil-usdfc,true
52533,2026-07-07 12:51:49+00,eth-usdfc,true
52535,2026-07-07 12:51:50+00,base-usdc-usdfc,true
52536,2026-07-07 12:51:51+00,polygon-usdc-usdfc,true
52537,2026-07-07 13:44:35+00,eth-usdfc,true
52539,2026-07-07 13:44:36+00,base-usdc-usdfc,true
52538,2026-07-07 13:44:36+00,fil-usdfc,true
52540,2026-07-07 13:44:37+00,polygon-usdc-usdfc,true
52543,2026-07-07 15:02:10+00,base-usdc-usdfc,true
52542,2026-07-07 15:02:10+00,fil-usdfc,true
52541,2026-07-07 15:02:10+00,eth-usdfc,true
52544,2026-07-07 15:02:11+00,polygon-usdc-usdfc,true
52545,2026-07-07 16:48:50+00,eth-usdfc,true
52547,2026-07-07 16:48:51+00,base-usdc-usdfc,true
52546,2026-07-07 16:48:51+00,fil-usdfc,true
52548,2026-07-07 16:48:52+00,polygon-usdc-usdfc,true
52551,2026-07-07 17:40:17+00,base-usdc-usdfc,true
52550,2026-07-07 17:40:17+00,fil-usdfc,true
52549,2026-07-07 17:40:17+00,eth-usdfc,true
52552,2026-07-07 17:40:18+00,polygon-usdc-usdfc,true
52553,2026-07-07 18:43:04+00,eth-usdfc,true
52556,2026-07-07 18:43:05+00,polygon-usdc-usdfc,true
52555,2026-07-07 18:43:05+00,base-usdc-usdfc,true
52554,2026-07-07 18:43:05+00,fil-usdfc,true
52557,2026-07-07 19:34:22+00,eth-usdfc,true
52559,2026-07-07 19:34:23+00,base-usdc-usdfc,true
52558,2026-07-07 19:34:23+00,fil-usdfc,true
52560,2026-07-07 19:34:24+00,polygon-usdc-usdfc,true
52561,2026-07-07 20:36:54+00,eth-usdfc,true
52563,2026-07-07 20:36:55+00,base-usdc-usdfc,true
52562,2026-07-07 20:36:55+00,fil-usdfc,true
52564,2026-07-07 20:36:56+00,polygon-usdc-usdfc,true
52565,2026-07-07 21:31:11+00,eth-usdfc,true
52568,2026-07-07 21:31:12+00,polygon-usdc-usdfc,true
52567,2026-07-07 21:31:12+00,base-usdc-usdfc,true
52566,2026-07-07 21:31:12+00,fil-usdfc,true
52569,2026-07-07 22:25:34+00,eth-usdfc,true
52572,2026-07-07 22:25:35+00,polygon-usdc-usdfc,true
52571,2026-07-07 22:25:35+00,base-usdc-usdfc,true
52570,2026-07-07 22:25:35+00,fil-usdfc,true
52574,2026-07-07 23:21:47+00,fil-usdfc,true
52573,2026-07-07 23:21:47+00,eth-usdfc,true
52576,2026-07-07 23:21:48+00,polygon-usdc-usdfc,true
52575,2026-07-07 23:21:48+00,base-usdc-usdfc,true
52577,2026-07-08 00:35:38+00,eth-usdfc,true
52579,2026-07-08 00:35:39+00,base-usdc-usdfc,true
52578,2026-07-08 00:35:39+00,fil-usdfc,true
52580,2026-07-08 00:35:40+00,polygon-usdc-usdfc,true
52581,2026-07-08 01:36:09+00,eth-usdfc,true
52584,2026-07-08 01:36:10+00,polygon-usdc-usdfc,true
52583,2026-07-08 01:36:10+00,base-usdc-usdfc,true
52582,2026-07-08 01:36:10+00,fil-usdfc,true
52586,2026-07-08 03:05:48+00,fil-usdfc,true
52585,2026-07-08 03:05:48+00,eth-usdfc,true
52588,2026-07-08 03:05:49+00,polygon-usdc-usdfc,true
52587,2026-07-08 03:05:49+00,base-usdc-usdfc,true
52590,2026-07-08 05:05:56+00,fil-usdfc,true
52589,2026-07-08 05:05:56+00,eth-usdfc,true
52592,2026-07-08 05:05:57+00,polygon-usdc-usdfc,true
52591,2026-07-08 05:05:57+00,base-usdc-usdfc,true
52594,2026-07-08 06:52:54+00,fil-usdfc,true
52593,2026-07-08 06:52:54+00,eth-usdfc,true
52596,2026-07-08 06:52:55+00,polygon-usdc-usdfc,true
52595,2026-07-08 06:52:55+00,base-usdc-usdfc,true
52600,2026-07-08 07:49:19+00,polygon-usdc-usdfc,true
52599,2026-07-08 07:49:19+00,base-usdc-usdfc,true
52598,2026-07-08 07:49:19+00,fil-usdfc,true
52597,2026-07-08 07:49:19+00,eth-usdfc,true
52601,2026-07-08 08:54:19+00,eth-usdfc,true
52602,2026-07-08 08:54:21+00,fil-usdfc,true
52603,2026-07-08 08:54:22+00,base-usdc-usdfc,true
52604,2026-07-08 08:54:23+00,polygon-usdc-usdfc,true
52606,2026-07-08 09:49:57+00,fil-usdfc,true
52605,2026-07-08 09:49:57+00,eth-usdfc,true
52608,2026-07-08 09:49:58+00,polygon-usdc-usdfc,true
52607,2026-07-08 09:49:58+00,base-usdc-usdfc,true
52610,2026-07-08 10:43:08+00,fil-usdfc,true
52609,2026-07-08 10:43:08+00,eth-usdfc,true
52611,2026-07-08 10:43:09+00,base-usdc-usdfc,true
52612,2026-07-08 10:43:10+00,polygon-usdc-usdfc,true
